INSERT INTO public.doctype (id, name) VALUES (1, 'Повестка заседания Правления');
INSERT INTO public.doctype (id, name) VALUES (2, 'Приказ');
INSERT INTO public.doctype (id, name) VALUES (3, 'Протокол');

INSERT INTO public.catalog (id, parent_catalog_id, name, catalogtype_id) VALUES (1001, null, 'Предмет вопроса', 0);
INSERT INTO public.catalog (id, parent_catalog_id, name, catalogtype_id) VALUES (1002, null, 'Сфера деятельности', 0);
INSERT INTO public.catalog (id, parent_catalog_id, name, catalogtype_id) VALUES (1003, 1002, 'Вид тарифа', 0);
INSERT INTO public.catalog (id, parent_catalog_id, name, catalogtype_id) VALUES (1004, 1003, 'Тариф', 0);
INSERT INTO public.catalog (id, parent_catalog_id, name, catalogtype_id) VALUES (1005, null, 'Подключаемая система при техническом присоединении', 0);
INSERT INTO public.catalog (id, parent_catalog_id, name, catalogtype_id) VALUES (2001, null, 'Организация', 0);
INSERT INTO public.catalog (id, parent_catalog_id, name, catalogtype_id) VALUES (2002, null, 'Ответственный', 0);
INSERT INTO public.catalog (id, parent_catalog_id, name, catalogtype_id) VALUES (7001, null, 'Схема подключения при технологическом присоединении', 0);
INSERT INTO public.catalog (id, parent_catalog_id, name, catalogtype_id) VALUES (7002, null, 'Система теплоснабжения при технологическом присоединении', 0);

INSERT INTO public.catalogelem (id, value_int, value_str, catalog_id, parent_catalogelem_id) VALUES (3001, null, 'Об установлении тарифов', 1001, null);
INSERT INTO public.catalogelem (id, value_int, value_str, catalog_id, parent_catalogelem_id) VALUES (3004, null, 'Об отсутствии оснований для установления тарифов', 1001, null);
INSERT INTO public.catalogelem (id, value_int, value_str, catalog_id, parent_catalogelem_id) VALUES (3005, null, 'Об отсутствии оснований для установления платы', 1001, null);
INSERT INTO public.catalogelem (id, value_int, value_str, catalog_id, parent_catalogelem_id) VALUES (3006, null, 'Об аннулировании платы за подключение ', 1001, null);
INSERT INTO public.catalogelem (id, value_int, value_str, catalog_id, parent_catalogelem_id) VALUES (2003, null, 'ООО "ТОМА"', 2001, null);
INSERT INTO public.catalogelem (id, value_int, value_str, catalog_id, parent_catalogelem_id) VALUES (2004, null, 'ООО "ТЕСТ-1"', 2001, null);
INSERT INTO public.catalogelem (id, value_int, value_str, catalog_id, parent_catalogelem_id) VALUES (2005, null, 'ООО "ТЕСТ-2', 2001, null);
INSERT INTO public.catalogelem (id, value_int, value_str, catalog_id, parent_catalogelem_id) VALUES (2006, null, 'Соколов И.В., тел. 8 (495) 957-75-00, доб. 55-345', 2002, null);
INSERT INTO public.catalogelem (id, value_int, value_str, catalog_id, parent_catalogelem_id) VALUES (2007, null, 'Петров А.А., тел. 8 (495) 957-75-00, доб. 44-345', 2002, null);
INSERT INTO public.catalogelem (id, value_int, value_str, catalog_id, parent_catalogelem_id) VALUES (2008, null, 'Сидоров П.А., тел. 8 (495) 957-75-00, доб. 44-245', 2002, null);
INSERT INTO public.catalogelem (id, value_int, value_str, catalog_id, parent_catalogelem_id) VALUES (30016, null, 'холодное водоснабжение', 1002, null);
INSERT INTO public.catalogelem (id, value_int, value_str, catalog_id, parent_catalogelem_id) VALUES (30038, null, 'тепловая энергия (мощность)', 1004, 30020);
INSERT INTO public.catalogelem (id, value_int, value_str, catalog_id, parent_catalogelem_id) VALUES (30023, null, 'подвоз воды', 1004, 30020);
INSERT INTO public.catalogelem (id, value_int, value_str, catalog_id, parent_catalogelem_id) VALUES (30039, null, 'теплоноситель', 1004, 30020);
INSERT INTO public.catalogelem (id, value_int, value_str, catalog_id, parent_catalogelem_id) VALUES (30020, null, 'впервые устанавливаемый', 1003, null);
INSERT INTO public.catalogelem (id, value_int, value_str, catalog_id, parent_catalogelem_id) VALUES (30027, null, 'подключение (техрологическое подключение) к централизованной системе холодного водоснабжения', 1004, 30021);
INSERT INTO public.catalogelem (id, value_int, value_str, catalog_id, parent_catalogelem_id) VALUES (30026, null, 'техническая вода', 1004, 30020);
INSERT INTO public.catalogelem (id, value_int, value_str, catalog_id, parent_catalogelem_id) VALUES (30022, null, 'технологическое присоединение в индивидуальном порядке', 1003, null);
INSERT INTO public.catalogelem (id, value_int, value_str, catalog_id, parent_catalogelem_id) VALUES (30024, null, 'транспортировка воды', 1004, 30020);
INSERT INTO public.catalogelem (id, value_int, value_str, catalog_id, parent_catalogelem_id) VALUES (30025, null, 'питьевая вода', 1004, 30020);
INSERT INTO public.catalogelem (id, value_int, value_str, catalog_id, parent_catalogelem_id) VALUES (70050, null, 'услуги по транспортировке газа по магистральным газопроводам', 1004, 30020);
INSERT INTO public.catalogelem (id, value_int, value_str, catalog_id, parent_catalogelem_id) VALUES (30040, null, 'услуги по передаче тепловой энергии', 1004, 30020);
INSERT INTO public.catalogelem (id, value_int, value_str, catalog_id, parent_catalogelem_id) VALUES (30037, null, 'подключение (технологическое присоединение) к системе теплоснабжения', 1004, 30021);
INSERT INTO public.catalogelem (id, value_int, value_str, catalog_id, parent_catalogelem_id) VALUES (30029, null, 'водоотведение', 1004, 30020);
INSERT INTO public.catalogelem (id, value_int, value_str, catalog_id, parent_catalogelem_id) VALUES (30021, null, 'технологическое присоединение', 1003, null);
INSERT INTO public.catalogelem (id, value_int, value_str, catalog_id, parent_catalogelem_id) VALUES (30035, null, 'подключение (технологическое присоединение) к централизованной системе водоотведения.', 1004, 30021);
INSERT INTO public.catalogelem (id, value_int, value_str, catalog_id, parent_catalogelem_id) VALUES (70047, null, 'технологическое присоединение газоиспользующего оборудования к газораспределительным сетям', 1004, 30021);
INSERT INTO public.catalogelem (id, value_int, value_str, catalog_id, parent_catalogelem_id) VALUES (70049, null, 'розничная цена на сжиженный газ', 1004, 30020);
INSERT INTO public.catalogelem (id, value_int, value_str, catalog_id, parent_catalogelem_id) VALUES (70048, null, 'оптовые цены на газ', 1004, 30020);
INSERT INTO public.catalogelem (id, value_int, value_str, catalog_id, parent_catalogelem_id) VALUES (70051, null, 'услуги по транспортировке газа по газопроводам', 1004, 30020);
INSERT INTO public.catalogelem (id, value_int, value_str, catalog_id, parent_catalogelem_id) VALUES (70043, null, 'транспортировка горячей воды', 1004, 30020);
INSERT INTO public.catalogelem (id, value_int, value_str, catalog_id, parent_catalogelem_id) VALUES (70052, null, 'услуги по транспортировке газа по газораспределительным сетям', 1004, 30020);
INSERT INTO public.catalogelem (id, value_int, value_str, catalog_id, parent_catalogelem_id) VALUES (70045, null, 'горячая вода в открытых системах теплоснабжения (горячего водоснабжения)', 1004, 30020);
INSERT INTO public.catalogelem (id, value_int, value_str, catalog_id, parent_catalogelem_id) VALUES (70053, null, 'снабженческо-сбытовые услуги', 1004, 30020);
INSERT INTO public.catalogelem (id, value_int, value_str, catalog_id, parent_catalogelem_id) VALUES (3007, null, 'Об установлении стандартизированный тарифных ставок для расчета платы', 1001, null);
INSERT INTO public.catalogelem (id, value_int, value_str, catalog_id, parent_catalogelem_id) VALUES (70061, null, 'реализация (сбыт) электрической энергии', 1004, 30020);
INSERT INTO public.catalogelem (id, value_int, value_str, catalog_id, parent_catalogelem_id) VALUES (3009, null, 'Об установлении размера платы', 1001, null);
INSERT INTO public.catalogelem (id, value_int, value_str, catalog_id, parent_catalogelem_id) VALUES (30010, null, 'О признании утратившим силу приказа Департамента экономической политики', 1001, null);
INSERT INTO public.catalogelem (id, value_int, value_str, catalog_id, parent_catalogelem_id) VALUES (30042, null, 'подключение (технологическое присоединение) к централизованной системе горячего водоснабжения', 1004, 30021);
INSERT INTO public.catalogelem (id, value_int, value_str, catalog_id, parent_catalogelem_id) VALUES (30031, null, 'транспортировка поверхностных сточных вод', 1004, 30020);
INSERT INTO public.catalogelem (id, value_int, value_str, catalog_id, parent_catalogelem_id) VALUES (30032, null, 'транспортировка хозяйственно-бытовых сточных вод ', 1004, 30020);
INSERT INTO public.catalogelem (id, value_int, value_str, catalog_id, parent_catalogelem_id) VALUES (30012, null, 'газ', 1002, null);
INSERT INTO public.catalogelem (id, value_int, value_str, catalog_id, parent_catalogelem_id) VALUES (3008, null, 'Об установлении долгосрочных тарифов', 1001, null);
INSERT INTO public.catalogelem (id, value_int, value_str, catalog_id, parent_catalogelem_id) VALUES (30014, null, 'водоотведение', 1002, null);
INSERT INTO public.catalogelem (id, value_int, value_str, catalog_id, parent_catalogelem_id) VALUES (30033, null, 'водоотведение с превышением максимальных допустимых значений нормативных показателей общих сточных вод и концентрации загрязняющих веществ', 1004, 30020);
INSERT INTO public.catalogelem (id, value_int, value_str, catalog_id, parent_catalogelem_id) VALUES (30011, null, 'О корректировке долгосрочных тарифов', 1001, null);
INSERT INTO public.catalogelem (id, value_int, value_str, catalog_id, parent_catalogelem_id) VALUES (70044, null, 'горячая вода (горячее водоснабжение)', 1004, 30020);
INSERT INTO public.catalogelem (id, value_int, value_str, catalog_id, parent_catalogelem_id) VALUES (30017, null, 'теплоснабжение (мощность)', 1002, null);
INSERT INTO public.catalogelem (id, value_int, value_str, catalog_id, parent_catalogelem_id) VALUES (30041, null, 'услуги по поддержанию резервной тепловой мощности при отсутствии потребления тепловой энергии', 1004, 30020);
INSERT INTO public.catalogelem (id, value_int, value_str, catalog_id, parent_catalogelem_id) VALUES (30015, null, 'горячее водоснабжение', 1002, null);
INSERT INTO public.catalogelem (id, value_int, value_str, catalog_id, parent_catalogelem_id) VALUES (30018, null, 'твердые коммунальные отходы', 1002, null);
INSERT INTO public.catalogelem (id, value_int, value_str, catalog_id, parent_catalogelem_id) VALUES (30019, null, 'транспортные услуги', 1002, null);
INSERT INTO public.catalogelem (id, value_int, value_str, catalog_id, parent_catalogelem_id) VALUES (70046, null, 'компонент на теплоноситель', 1004, 30020);
INSERT INTO public.catalogelem (id, value_int, value_str, catalog_id, parent_catalogelem_id) VALUES (70054, null, 'специальные надбавки к тарифам на услуги по транспортировке газа по газораспределительным сетям, ', 1004, 30020);
INSERT INTO public.catalogelem (id, value_int, value_str, catalog_id, parent_catalogelem_id) VALUES (70055, null, 'технологическое присоединение к электрическим сетям', 1004, 30021);
INSERT INTO public.catalogelem (id, value_int, value_str, catalog_id, parent_catalogelem_id) VALUES (70056, null, 'сбытовые надбавки гарантирующих поставщиков электрической энергии', 1004, 30020);
INSERT INTO public.catalogelem (id, value_int, value_str, catalog_id, parent_catalogelem_id) VALUES (70057, null, 'передача электрической энергии по единой национальной (общероссийской) электрической сети ', 1004, 30020);
INSERT INTO public.catalogelem (id, value_int, value_str, catalog_id, parent_catalogelem_id) VALUES (70058, null, 'передача электрической энергии по электрическим сетям', 1004, 30020);
INSERT INTO public.catalogelem (id, value_int, value_str, catalog_id, parent_catalogelem_id) VALUES (70059, null, 'производство электрической энергии (мощности)', 1004, 30020);
INSERT INTO public.catalogelem (id, value_int, value_str, catalog_id, parent_catalogelem_id) VALUES (70060, null, 'производство электрической энергии объектом', 1004, 30020);
INSERT INTO public.catalogelem (id, value_int, value_str, catalog_id, parent_catalogelem_id) VALUES (30013, null, 'электричество', 1002, null);
INSERT INTO public.catalogelem (id, value_int, value_str, catalog_id, parent_catalogelem_id) VALUES (3003, null, 'О корректировке тарифов', 1001, null);
INSERT INTO public.catalogelem (id, value_int, value_str, catalog_id, parent_catalogelem_id) VALUES (70062, null, 'услуги по передаче электрической энергии в целях расчетов с потребителями услуг', 1004, 30020);
INSERT INTO public.catalogelem (id, value_int, value_str, catalog_id, parent_catalogelem_id) VALUES (70063, null, 'услуги по передаче электрической энергии для сетевых организаций', 1004, 30020);
INSERT INTO public.catalogelem (id, value_int, value_str, catalog_id, parent_catalogelem_id) VALUES (70066, null, 'оказание услуг по оперативно-диспетчерскому управлению в электроэнергетике', 1004, 30020);
INSERT INTO public.catalogelem (id, value_int, value_str, catalog_id, parent_catalogelem_id) VALUES (70067, null, 'электрическая энергия (мощность)', 1004, 30020);
INSERT INTO public.catalogelem (id, value_int, value_str, catalog_id, parent_catalogelem_id) VALUES (70064, null, 'услуги коммерческого оператора', 1004, 30020);
INSERT INTO public.catalogelem (id, value_int, value_str, catalog_id, parent_catalogelem_id) VALUES (70065, null, 'оказание услуг по обеспечению системной надежности', 1004, 30020);
INSERT INTO public.catalogelem (id, value_int, value_str, catalog_id, parent_catalogelem_id) VALUES (70068, null, 'индивидуальные цены (тарифы) на услуги по передаче электрической энергии для взаиморасчетов', 1004, 30020);
INSERT INTO public.catalogelem (id, value_int, value_str, catalog_id, parent_catalogelem_id) VALUES (70069, null, 'услуга регионального оператора по обращению с твердыми коммунальными отходами', 1004, 30020);
INSERT INTO public.catalogelem (id, value_int, value_str, catalog_id, parent_catalogelem_id) VALUES (70070, null, 'обработка твердых коммунальных отходов', 1004, 30020);
INSERT INTO public.catalogelem (id, value_int, value_str, catalog_id, parent_catalogelem_id) VALUES (70071, null, 'обезвреживание твердых коммунальных отходов', 1004, 30020);
INSERT INTO public.catalogelem (id, value_int, value_str, catalog_id, parent_catalogelem_id) VALUES (70072, null, 'захоронение твердых коммунальных отходов', 1004, 30020);
INSERT INTO public.catalogelem (id, value_int, value_str, catalog_id, parent_catalogelem_id) VALUES (70073, null, 'централизованная система водоснабжения', 1005, null);
INSERT INTO public.catalogelem (id, value_int, value_str, catalog_id, parent_catalogelem_id) VALUES (70074, null, 'централизованная система холодного водоснабжения', 1005, null);
INSERT INTO public.catalogelem (id, value_int, value_str, catalog_id, parent_catalogelem_id) VALUES (70075, null, 'централизованная система водоотведения', 1005, null);
INSERT INTO public.catalogelem (id, value_int, value_str, catalog_id, parent_catalogelem_id) VALUES (70076, null, 'сеть дождевой канализации', 1005, null);
INSERT INTO public.catalogelem (id, value_int, value_str, catalog_id, parent_catalogelem_id) VALUES (70077, null, 'горячего водоснабжения', 1005, null);
INSERT INTO public.catalogelem (id, value_int, value_str, catalog_id, parent_catalogelem_id) VALUES (70078, null, 'теплоснабжения', 1005, null);
INSERT INTO public.catalogelem (id, value_int, value_str, catalog_id, parent_catalogelem_id) VALUES (70079, null, 'подключение до теплового пункта', 7001, null);
INSERT INTO public.catalogelem (id, value_int, value_str, catalog_id, parent_catalogelem_id) VALUES (70080, null, 'подключение после тепловых пунктов', 7001, null);
INSERT INTO public.catalogelem (id, value_int, value_str, catalog_id, parent_catalogelem_id) VALUES (70081, null, 'подключение к коллекторам источников (котельным) тепловой энергии', 7001, null);
INSERT INTO public.catalogelem (id, value_int, value_str, catalog_id, parent_catalogelem_id) VALUES (70082, null, 'к тепловой сети без дополнительного преобразования на тепловых пунктах', 7001, null);
INSERT INTO public.catalogelem (id, value_int, value_str, catalog_id, parent_catalogelem_id) VALUES (70083, null, 'источники тепловой энергии сторонних производителей', 7002, null);
INSERT INTO public.catalogelem (id, value_int, value_str, catalog_id, parent_catalogelem_id) VALUES (70084, null, 'собственные источники тепловой энергии', 7002, null);
INSERT INTO public.catalogelem (id, value_int, value_str, catalog_id, parent_catalogelem_id) VALUES (3002, null, 'О внесении изменений в приказ от______ №_______ Департамента экономической политики об установлении тарифов', 1001, null);

INSERT INTO public.field (id, name, fieldtype, position_in_group, max_count, length, catalog_id, tag) VALUES (4, 'Дата заседания', 'DATE', null, null, null, null, 'MeetingDate');
INSERT INTO public.field (id, name, fieldtype, position_in_group, max_count, length, catalog_id, tag) VALUES (5, 'Время заседания', 'TIME', null, null, null, null, 'MeetingTime');
INSERT INTO public.field (id, name, fieldtype, position_in_group, max_count, length, catalog_id, tag) VALUES (6, 'Вопросы повестки', 'GROUP_FIELDS', null, 4, null, null, '');
INSERT INTO public.field (id, name, fieldtype, position_in_group, max_count, length, catalog_id, tag) VALUES (7, 'Предмет вопроса', 'CATALOG', null, null, null, 1001, '[Questions]Subject');
INSERT INTO public.field (id, name, fieldtype, position_in_group, max_count, length, catalog_id, tag) VALUES (8, 'Сфера деятельности', 'CATALOG', null, null, null, 1002, '[Questions]Direction');
INSERT INTO public.field (id, name, fieldtype, position_in_group, max_count, length, catalog_id, tag) VALUES (9, 'Вид тарифа', 'CATALOG', null, null, null, 1003, '[Questions]TarifView');
INSERT INTO public.field (id, name, fieldtype, position_in_group, max_count, length, catalog_id, tag) VALUES (10, 'Тариф', 'CATALOG', null, null, null, 1004, '[Questions]Tarif');
INSERT INTO public.field (id, name, fieldtype, position_in_group, max_count, length, catalog_id, tag) VALUES (11, 'Подключаемая система при техническом присоединении', 'CATALOG', null, null, null, 1005, '[Questions]TechConnection');
INSERT INTO public.field (id, name, fieldtype, position_in_group, max_count, length, catalog_id, tag) VALUES (12, 'Организация', 'CATALOG', null, null, null, 2001, '[Questions]Organization');
INSERT INTO public.field (id, name, fieldtype, position_in_group, max_count, length, catalog_id, tag) VALUES (13, 'Ответственный', 'CATALOG', null, null, null, 2002, '[Questions]AuthPerson');
--INSERT INTO public.field (id, name, fieldtype, position_in_group, max_count, length, catalog_id, tag) VALUES (14, 'Email ответственного', 'CATALOG', null, null, null, null, 'EmailPerson');
--INSERT INTO public.field (id, name, fieldtype, position_in_group, max_count, length, catalog_id) VALUES (15, 'Вложение', 'ATTACHMENT', null, null, null, null);


INSERT INTO public.field_child_field(field_id, child_field_id) VALUES (6, 7);
INSERT INTO public.field_child_field(field_id, child_field_id) VALUES (6, 8);
INSERT INTO public.field_child_field(field_id, child_field_id) VALUES (6, 9);
INSERT INTO public.field_child_field(field_id, child_field_id) VALUES (6, 10);
INSERT INTO public.field_child_field(field_id, child_field_id) VALUES (6, 11);
INSERT INTO public.field_child_field(field_id, child_field_id) VALUES (6, 12);
INSERT INTO public.field_child_field(field_id, child_field_id) VALUES (6, 13);
--INSERT INTO public.field_child_field(field_id, child_field_id) VALUES (6, 14);
--INSERT INTO public.field_child_field(field_id, child_field_id) VALUES (6, 15);

INSERT INTO public.doctype_fields (id, doctype_id, field_id, position, role) VALUES (16, 1, 4, 1, 'ROLE_POVESTKA');
INSERT INTO public.doctype_fields (id, doctype_id, field_id, position, role) VALUES (17, 1, 5, 2, 'ROLE_SECRETARY');
INSERT INTO public.doctype_fields (id, doctype_id, field_id, position, role) VALUES (18, 1, 6, 3, 'ROLE_POVESTKA_QUESTIONS');

INSERT INTO public.doctype_routes (id, doctype_id, userldap, agree_stage) VALUES (20, 1, 'user2', 1);
INSERT INTO public.doctype_routes (id, doctype_id, userldap, agree_stage) VALUES (21, 1, 'admin', 2);

INSERT INTO public.user_roles (userldap, role) VALUES ('user1', 'ROLE_POVESTKA');
INSERT INTO public.user_roles (userldap, role) VALUES ('user1', 'ROLE_POVESTKA_QUESTIONS');
INSERT INTO public.user_roles (userldap, role) VALUES ('user2', 'ROLE_POVESTKA');
INSERT INTO public.user_roles (userldap, role) VALUES ('user2', 'ROLE_SECRETARY');
INSERT INTO public.user_roles (userldap, role) VALUES ('admin', 'ROLE_POVESTKA');
INSERT INTO public.user_roles (userldap, role) VALUES ('admin', 'ROLE_POVESTKA_QUESTIONS');
INSERT INTO public.user_roles (userldap, role) VALUES ('admin', 'ROLE_SECRETARY');