INSERT INTO public.users (id, name, lastname, firstname, patronym, email, phone, position) VALUES (4000, 'admin', 'Махров', 'Станислав', 'Станиславович', 'MakhrovSS1@mos.ru', '15-451', 'Начальник отдела');
INSERT INTO public.users (id, name, lastname, firstname, patronym, email, phone, position) VALUES (4001, 'user1', 'Петров', 'Петр', 'Петрович', 'PetrovPP@mos.ru', null, 'Главный специалист');
INSERT INTO public.users (id, name, lastname, firstname, patronym, email, phone, position) VALUES (4002, 'user2', 'Широкова', 'Елена', 'Юрьевна', 'IvanovII@mos.ru', null, 'Заместитель начальника Управления');

INSERT INTO public.role (id, name) VALUES (3000, 'ADMIN');
INSERT INTO public.role (id, name) VALUES (3001, 'Отраслевое управление');
INSERT INTO public.role (id, name) VALUES (3002, 'Секретарь Правления');
INSERT INTO public.role (id, name) VALUES (3003, 'Дата повестки');
INSERT INTO public.role (id, name) VALUES (3004, 'Время повестки');
INSERT INTO public.role (id, name) VALUES (3005, 'Вопросы повестки');
INSERT INTO public.role (id, name) VALUES (3006, 'USER');

INSERT INTO public.role_child_role (role_id, child_role_id) VALUES (3001, 3003);
INSERT INTO public.role_child_role (role_id, child_role_id) VALUES (3001, 3005);
INSERT INTO public.role_child_role (role_id, child_role_id) VALUES (3002, 3003);

INSERT INTO public.user_roles (user_id, role_id) VALUES (4000, 3000);
INSERT INTO public.user_roles (user_id, role_id) VALUES (4001, 3001);
INSERT INTO public.user_roles (user_id, role_id) VALUES (4001, 3006);
INSERT INTO public.user_roles (user_id, role_id) VALUES (4002, 3002);
INSERT INTO public.user_roles (user_id, role_id) VALUES (4002, 3006);

INSERT INTO public.doctype (id, name, role_id, tmp_template_filename, template_filename)
VALUES (1, 'Повестка заседания Правления', 3001, 'zapiska.docx', 'povestka.docx');
INSERT INTO public.doctype (id, name, role_id) VALUES (2, 'Приказ', 3001);
INSERT INTO public.doctype (id, name, role_id) VALUES (3, 'Протокол', 3001);

INSERT INTO public.catalog (id, parent_catalog_id, name, catalogtype_id) VALUES (1001, null, 'Предмет вопроса', 0);
INSERT INTO public.catalog (id, parent_catalog_id, name, catalogtype_id) VALUES (1002, 1001, 'Вопрос', 0);
INSERT INTO public.catalog (id, parent_catalog_id, name, catalogtype_id) VALUES (1003, 1001, 'Сфера деятельности', 0);
INSERT INTO public.catalog (id, parent_catalog_id, name, catalogtype_id) VALUES (1004, 1003, 'Вид тариф', 0);
INSERT INTO public.catalog (id, parent_catalog_id, name, catalogtype_id) VALUES (1005, 1004, 'Подключаемая система при технологическом присоединении', 0);
INSERT INTO public.catalog (id, parent_catalog_id, name, catalogtype_id) VALUES (1006, null, 'Организация', 0);
INSERT INTO public.catalog (id, parent_catalog_id, name, catalogtype_id) VALUES (1007, null, 'Ответственный', 0);
INSERT INTO public.catalog (id, parent_catalog_id, name, catalogtype_id) VALUES (1008, 1001, 'Номер приказа', 0);

INSERT INTO public.catalogelem (id, value_int, value_str, catalog_id, parent_catalogelem_id) VALUES (2001, null, 'ООО "ТОМА"', 1006, null);
INSERT INTO public.catalogelem (id, value_int, value_str, catalog_id, parent_catalogelem_id) VALUES (2002, null, 'ООО "ТЕСТ-1"', 1006, null);
INSERT INTO public.catalogelem (id, value_int, value_str, catalog_id, parent_catalogelem_id) VALUES (2003, null, 'ООО "ТЕСТ-2', 1006, null);
INSERT INTO public.catalogelem (id, value_int, value_str, catalog_id, parent_catalogelem_id) VALUES (2004, null, 'Соколов И.В., тел. 8 (495) 957-75-00, доб. 55-345', 1007, null);
INSERT INTO public.catalogelem (id, value_int, value_str, catalog_id, parent_catalogelem_id) VALUES (2005, null, 'Петров А.А., тел. 8 (495) 957-75-00, доб. 44-345', 1007, null);
INSERT INTO public.catalogelem (id, value_int, value_str, catalog_id, parent_catalogelem_id) VALUES (2006, null, 'Сидоров П.А., тел. 8 (495) 957-75-00, доб. 44-245', 1007, null);
INSERT INTO public.catalogelem (id, value_int, value_str, catalog_id, parent_catalogelem_id) VALUES (2007, null, 'Регулирование цен (тарифов)', 1001, null);
INSERT INTO public.catalogelem (id, value_int, value_str, catalog_id, parent_catalogelem_id) VALUES (2008, null, 'Изменение, отменена правовых актов', 1001, null);
INSERT INTO public.catalogelem (id, value_int, value_str, catalog_id, parent_catalogelem_id) VALUES (2009, null, 'Утверждение инвестиционных программ', 1001, null);
INSERT INTO public.catalogelem (id, value_int, value_str, catalog_id, parent_catalogelem_id) VALUES (2010, null, 'Иные вопросы', 1001, null);
INSERT INTO public.catalogelem (id, value_int, value_str, catalog_id, parent_catalogelem_id) VALUES (2011, null, 'Об установлении', 1002, 2007);
INSERT INTO public.catalogelem (id, value_int, value_str, catalog_id, parent_catalogelem_id) VALUES (2012, null, 'Об утверждении', 1002, 2007);
INSERT INTO public.catalogelem (id, value_int, value_str, catalog_id, parent_catalogelem_id) VALUES (2013, null, 'О корректировке', 1002, 2007);
INSERT INTO public.catalogelem (id, value_int, value_str, catalog_id, parent_catalogelem_id) VALUES (2014, null, 'Об отсутствии оснований для установления ', 1002, 2007);
INSERT INTO public.catalogelem (id, value_int, value_str, catalog_id, parent_catalogelem_id) VALUES (2015, null, 'Об отсутствии оснований для корректировки', 1002, 2007);
INSERT INTO public.catalogelem (id, value_int, value_str, catalog_id, parent_catalogelem_id) VALUES (2016, null, 'О прекращении рассмотрения дела об установлении', 1002, 2007);
INSERT INTO public.catalogelem (id, value_int, value_str, catalog_id, parent_catalogelem_id) VALUES (2017, null, 'О прекращении рассмотрения дела о корректировке', 1002, 2007);
INSERT INTO public.catalogelem (id, value_int, value_str, catalog_id, parent_catalogelem_id) VALUES (2018, null, 'Об отсутствии оснований для утверждения', 1002, 2007);
INSERT INTO public.catalogelem (id, value_int, value_str, catalog_id, parent_catalogelem_id) VALUES (2019, null, 'О внесении изменений в приказ Департамента экономической политики и развития города Москвы', 1002, 2008);
INSERT INTO public.catalogelem (id, value_int, value_str, catalog_id, parent_catalogelem_id) VALUES (2020, null, 'О признании утратившим силу приказа Департамента экономической политики и развития города Москвы', 1002, 2008);
INSERT INTO public.catalogelem (id, value_int, value_str, catalog_id, parent_catalogelem_id) VALUES (2021, null, 'О признании утратившим силу правового акта', 1002, 2008);
INSERT INTO public.catalogelem (id, value_int, value_str, catalog_id, parent_catalogelem_id) VALUES (2022, null, 'О соответствии организаций критериям отнесения владельцев объектов электросетевого хозяйства к территориальным сетевым организациям', 1002, 2008);
INSERT INTO public.catalogelem (id, value_int, value_str, catalog_id, parent_catalogelem_id) VALUES (2023, null, 'Об утверждении', 1002, 2009);
INSERT INTO public.catalogelem (id, value_int, value_str, catalog_id, parent_catalogelem_id) VALUES (2024, null, 'Об отсутствии оснований для утверждения', 1002, 2009);
INSERT INTO public.catalogelem (id, value_int, value_str, catalog_id, parent_catalogelem_id) VALUES (2025, null, 'Электроэнергетика', 1003, 2007);
INSERT INTO public.catalogelem (id, value_int, value_str, catalog_id, parent_catalogelem_id) VALUES (2026, null, 'Теплоснабжение', 1003, 2007);
INSERT INTO public.catalogelem (id, value_int, value_str, catalog_id, parent_catalogelem_id) VALUES (2027, null, 'Холодное водоснабжение, водоотведение', 1003, 2007);
INSERT INTO public.catalogelem (id, value_int, value_str, catalog_id, parent_catalogelem_id) VALUES (2028, null, 'Горячее водоснабжение', 1003, 2007);
INSERT INTO public.catalogelem (id, value_int, value_str, catalog_id, parent_catalogelem_id) VALUES (2029, null, 'Газоснабжение, топливо', 1003, 2007);
INSERT INTO public.catalogelem (id, value_int, value_str, catalog_id, parent_catalogelem_id) VALUES (2030, null, 'ТКО', 1003, 2007);
INSERT INTO public.catalogelem (id, value_int, value_str, catalog_id, parent_catalogelem_id) VALUES (2031, null, 'Транспорт', 1003, 2007);
INSERT INTO public.catalogelem (id, value_int, value_str, catalog_id, parent_catalogelem_id) VALUES (2032, null, 'Инвестиционные программы', 1003, 2007);
INSERT INTO public.catalogelem (id, value_int, value_str, catalog_id, parent_catalogelem_id) VALUES (2033, null, 'Иные вопросы', 1003, 2007);
INSERT INTO public.catalogelem (id, value_int, value_str, catalog_id, parent_catalogelem_id) VALUES (2034, null, 'тарифов на питьевую воду (питьевое водоснабжение),', 1004, 2029);
INSERT INTO public.catalogelem (id, value_int, value_str, catalog_id, parent_catalogelem_id) VALUES (2035, null, 'долгосрочных тарифов на питьевую воду (питьевое водоснабжение)', 1004, 2029);
INSERT INTO public.catalogelem (id, value_int, value_str, catalog_id, parent_catalogelem_id) VALUES (2036, null, 'тарифов на питьевую воду (питьевое водоснабжение)', 1004, 2029);
INSERT INTO public.catalogelem (id, value_int, value_str, catalog_id, parent_catalogelem_id) VALUES (2037, null, 'тарифов на техническую воду', 1004, 2029);
INSERT INTO public.catalogelem (id, value_int, value_str, catalog_id, parent_catalogelem_id) VALUES (2038, null, 'долгосрочных тарифов на техническую воду', 1004, 2029);
INSERT INTO public.catalogelem (id, value_int, value_str, catalog_id, parent_catalogelem_id) VALUES (2039, null, 'тарифов на техническую воду', 1004, 2029);
INSERT INTO public.catalogelem (id, value_int, value_str, catalog_id, parent_catalogelem_id) VALUES (2040, null, 'тарифов на транспортировку воды', 1004, 2029);
INSERT INTO public.catalogelem (id, value_int, value_str, catalog_id, parent_catalogelem_id) VALUES (2041, null, 'долгосрочных тарифов на транспортировку воды', 1004, 2029);
INSERT INTO public.catalogelem (id, value_int, value_str, catalog_id, parent_catalogelem_id) VALUES (2042, null, 'тарифов на транспортировку воды', 1004, 2029);
INSERT INTO public.catalogelem (id, value_int, value_str, catalog_id, parent_catalogelem_id) VALUES (2043, null, 'тарифов на подключение (технологическое присоединение) к централизованной системе холодного водоснабжения', 1004, 2029);
INSERT INTO public.catalogelem (id, value_int, value_str, catalog_id, parent_catalogelem_id) VALUES (2044, null, 'платы за подключение (технологическое присоединение) к централизованной системе холодного водоснабжения в индивидуальном порядке', 1004, 2029);
INSERT INTO public.catalogelem (id, value_int, value_str, catalog_id, parent_catalogelem_id) VALUES (2045, null, 'тарифов на водоотведение ', 1004, 2029);
INSERT INTO public.catalogelem (id, value_int, value_str, catalog_id, parent_catalogelem_id) VALUES (2046, null, 'долгосрочных тарифов на водоотведение', 1004, 2029);
INSERT INTO public.catalogelem (id, value_int, value_str, catalog_id, parent_catalogelem_id) VALUES (2047, null, 'тарифов на водоотведение', 1004, 2029);
INSERT INTO public.catalogelem (id, value_int, value_str, catalog_id, parent_catalogelem_id) VALUES (2048, null, 'тарифов на водоотведение поверхностных сточных вод ', 1004, 2029);
INSERT INTO public.catalogelem (id, value_int, value_str, catalog_id, parent_catalogelem_id) VALUES (2049, null, 'долгосрочных тарифов на водоотведение поверхностных сточных вод', 1004, 2029);
INSERT INTO public.catalogelem (id, value_int, value_str, catalog_id, parent_catalogelem_id) VALUES (2050, null, 'тарифов на водоотведение поверхностных сточных вод', 1004, 2029);
INSERT INTO public.catalogelem (id, value_int, value_str, catalog_id, parent_catalogelem_id) VALUES (2051, null, 'тарифов на транспортировку сточных вод', 1004, 2029);
INSERT INTO public.catalogelem (id, value_int, value_str, catalog_id, parent_catalogelem_id) VALUES (2052, null, 'долгосрочных тарифов на транспортировку сточных вод', 1004, 2029);
INSERT INTO public.catalogelem (id, value_int, value_str, catalog_id, parent_catalogelem_id) VALUES (2053, null, 'тарифов на транспортировку сточных вод', 1004, 2029);
INSERT INTO public.catalogelem (id, value_int, value_str, catalog_id, parent_catalogelem_id) VALUES (2054, null, 'тарифов на транспортировку поверхностных сточных вод', 1004, 2029);
INSERT INTO public.catalogelem (id, value_int, value_str, catalog_id, parent_catalogelem_id) VALUES (2055, null, 'долгосрочных тарифов на транспортировку поверхностных сточных вод', 1004, 2029);
INSERT INTO public.catalogelem (id, value_int, value_str, catalog_id, parent_catalogelem_id) VALUES (2056, null, 'тарифов на транспортировку поверхностных сточных вод', 1004, 2029);
INSERT INTO public.catalogelem (id, value_int, value_str, catalog_id, parent_catalogelem_id) VALUES (2057, null, 'тарифов на подключение (технологическое присоединение) к централизованной системе водоотведения', 1004, 2029);
INSERT INTO public.catalogelem (id, value_int, value_str, catalog_id, parent_catalogelem_id) VALUES (2058, null, 'платы за подключение (технологическое присоединение) к централизованной системе водоотведения в индивидуальном порядке', 1004, 2029);
INSERT INTO public.catalogelem (id, value_int, value_str, catalog_id, parent_catalogelem_id) VALUES (2059, null, 'тарифов на тепловую энергию (мощность), производимую в режиме комбинированной выработки электрической и тепловой энергии источниками тепловой энергии с установленной генерирующей мощностью производства электрической энергии 25 МВт и более', 1004, 2031);
INSERT INTO public.catalogelem (id, value_int, value_str, catalog_id, parent_catalogelem_id) VALUES (2060, null, 'долгосрочных тарифов на тепловую энергию (мощность), производимую в режиме комбинированной выработки электрической и тепловой энергии источниками тепловой энергии с установленной генерирующей мощностью производства электрической энергии 25 МВт и более', 1004, 2031);
INSERT INTO public.catalogelem (id, value_int, value_str, catalog_id, parent_catalogelem_id) VALUES (2061, null, 'тарифов на тепловую энергию (мощность), производимую в режиме комбинированной выработки электрической и тепловой энергии источниками тепловой энергии с установленной генерирующей мощностью производства электрической энергии 25 МВт и более', 1004, 2031);
INSERT INTO public.catalogelem (id, value_int, value_str, catalog_id, parent_catalogelem_id) VALUES (2062, null, 'тарифов на тепловую энергию (мощность), поставляемую потребителям ', 1004, 2031);
INSERT INTO public.catalogelem (id, value_int, value_str, catalog_id, parent_catalogelem_id) VALUES (2063, null, 'долгосрочных тарифов на тепловую энергию (мощность), поставляемую потребителям ', 1004, 2031);
INSERT INTO public.catalogelem (id, value_int, value_str, catalog_id, parent_catalogelem_id) VALUES (2064, null, 'тарифов на тепловую энергию (мощность), поставляемую потребителям ', 1004, 2031);
INSERT INTO public.catalogelem (id, value_int, value_str, catalog_id, parent_catalogelem_id) VALUES (2065, null, 'тарифов на тепловую энергию (мощность), поставляемую другим теплоснабжающим организациям ', 1004, 2031);
INSERT INTO public.catalogelem (id, value_int, value_str, catalog_id, parent_catalogelem_id) VALUES (2066, null, 'долгосрочных тарифов на тепловую энергию (мощность), поставляемую другим теплоснабжающим организациям ', 1004, 2031);
INSERT INTO public.catalogelem (id, value_int, value_str, catalog_id, parent_catalogelem_id) VALUES (2067, null, 'тарифов на тепловую энергию (мощность), поставляемую другим теплоснабжающим организациям ', 1004, 2031);
INSERT INTO public.catalogelem (id, value_int, value_str, catalog_id, parent_catalogelem_id) VALUES (2068, null, 'тарифов на тепловую энергию (мощность), поставляемую единой теплоснабжающей организацией теплоснабжающим организациям, приобретающим тепловую энергию с целью компенсации потерь тепловой энергии', 1004, 2031);
INSERT INTO public.catalogelem (id, value_int, value_str, catalog_id, parent_catalogelem_id) VALUES (2069, null, 'долгосрочных тарифов на тепловую энергию (мощность), поставляемую единой теплоснабжающей организацией теплоснабжающим организациям, приобретающим тепловую энергию с целью компенсации потерь тепловой энергии', 1004, 2031);
INSERT INTO public.catalogelem (id, value_int, value_str, catalog_id, parent_catalogelem_id) VALUES (2070, null, 'тарифов на тепловую энергию (мощность), поставляемую единой теплоснабжающей организацией теплоснабжающим организациям, приобретающим тепловую энергию с целью компенсации потерь тепловой энергии', 1004, 2031);
INSERT INTO public.catalogelem (id, value_int, value_str, catalog_id, parent_catalogelem_id) VALUES (2071, null, 'тарифов на теплоноситель', 1004, 2031);
INSERT INTO public.catalogelem (id, value_int, value_str, catalog_id, parent_catalogelem_id) VALUES (2072, null, 'долгосрочных тарифов на теплоноситель', 1004, 2031);
INSERT INTO public.catalogelem (id, value_int, value_str, catalog_id, parent_catalogelem_id) VALUES (2073, null, 'тарифов на теплоноситель', 1004, 2031);
INSERT INTO public.catalogelem (id, value_int, value_str, catalog_id, parent_catalogelem_id) VALUES (2074, null, 'тарифов на услуги по передаче тепловой энергии ', 1004, 2031);
INSERT INTO public.catalogelem (id, value_int, value_str, catalog_id, parent_catalogelem_id) VALUES (2075, null, 'долгосрочных тарифов на услуги по передаче тепловой энергии ', 1004, 2031);
INSERT INTO public.catalogelem (id, value_int, value_str, catalog_id, parent_catalogelem_id) VALUES (2076, null, 'тарифов на услуги по передаче тепловой энергии ', 1004, 2031);
INSERT INTO public.catalogelem (id, value_int, value_str, catalog_id, parent_catalogelem_id) VALUES (2077, null, 'тарифов на горячую воду в открытых системах теплоснабжения (горячего водоснабжения)', 1004, 2031);
INSERT INTO public.catalogelem (id, value_int, value_str, catalog_id, parent_catalogelem_id) VALUES (2078, null, 'долгосрочных тарифов на горячую воду в открытых системах теплоснабжения (горячего водоснабжения)', 1004, 2031);
INSERT INTO public.catalogelem (id, value_int, value_str, catalog_id, parent_catalogelem_id) VALUES (2079, null, 'тарифов на горячую воду в открытых системах теплоснабжения (горячего водоснабжения)', 1004, 2031);
INSERT INTO public.catalogelem (id, value_int, value_str, catalog_id, parent_catalogelem_id) VALUES (2080, null, 'тарифов за услуги по поддержанию резервной тепловой мощности при отсутствии потребления тепловой энергии для отдельных категорий (групп) социально значимых потребителей', 1004, 2031);
INSERT INTO public.catalogelem (id, value_int, value_str, catalog_id, parent_catalogelem_id) VALUES (2081, null, 'платы за подключение к системе теплоснабжения', 1004, 2031);
INSERT INTO public.catalogelem (id, value_int, value_str, catalog_id, parent_catalogelem_id) VALUES (2082, null, 'платы за подключение к системе теплоснабжения в индивидуальном порядке', 1004, 2031);
INSERT INTO public.catalogelem (id, value_int, value_str, catalog_id, parent_catalogelem_id) VALUES (2083, null, 'тарифов на горячую воду (горячее водоснабжение)', 1004, 2030);
INSERT INTO public.catalogelem (id, value_int, value_str, catalog_id, parent_catalogelem_id) VALUES (2084, null, 'долгосрочных тарифов на горячую воду (горячее водоснабжение)', 1004, 2030);
INSERT INTO public.catalogelem (id, value_int, value_str, catalog_id, parent_catalogelem_id) VALUES (2085, null, 'тарифов на горячую воду (горячее водоснабжение)', 1004, 2030);
INSERT INTO public.catalogelem (id, value_int, value_str, catalog_id, parent_catalogelem_id) VALUES (2086, null, 'тарифов на транспортировку горячей воды', 1004, 2030);
INSERT INTO public.catalogelem (id, value_int, value_str, catalog_id, parent_catalogelem_id) VALUES (2087, null, 'долгосрочных тарифов на транспортировку горячей воды', 1004, 2030);
INSERT INTO public.catalogelem (id, value_int, value_str, catalog_id, parent_catalogelem_id) VALUES (2088, null, 'тарифов на транспортировку горячей воды', 1004, 2030);
INSERT INTO public.catalogelem (id, value_int, value_str, catalog_id, parent_catalogelem_id) VALUES (2089, null, 'тарифов на подключение (технологическое присоединение) к централизованной системе горячего водоснабжения', 1004, 2030);
INSERT INTO public.catalogelem (id, value_int, value_str, catalog_id, parent_catalogelem_id) VALUES (2090, null, 'экономически обоснованных цен на твердое топливо (уголь) для бытовых нужд населения города Москвы, проживающего в домах с печным отоплением', 1004, 2031);
INSERT INTO public.catalogelem (id, value_int, value_str, catalog_id, parent_catalogelem_id) VALUES (2091, null, 'платы за технологическое присоединение газоиспользующего оборудования к газораспределительным сетям по индивидуальному проекту', 1004, 2031);
INSERT INTO public.catalogelem (id, value_int, value_str, catalog_id, parent_catalogelem_id) VALUES (2092, null, 'стандартизированных тарифных ставок, определяющих величину платы за технологическое присоединение газоиспользующего оборудования к газораспределительным сетям', 1004, 2031);
INSERT INTO public.catalogelem (id, value_int, value_str, catalog_id, parent_catalogelem_id) VALUES (2093, null, 'размера специальной надбавки к тарифам на услуги по транспортировке газа по газораспределительным сетям, предназначенной для финансирования программ газификации', 1004, 2031);
INSERT INTO public.catalogelem (id, value_int, value_str, catalog_id, parent_catalogelem_id) VALUES (2094, null, 'розничных цен на природный газ, реализуемый населению', 1004, 2031);
INSERT INTO public.catalogelem (id, value_int, value_str, catalog_id, parent_catalogelem_id) VALUES (2095, null, 'цен (тарифов) на электрическую энергию (мощность), поставляемую населению и приравненным к нему категориям потребителей', 1004, 2027);
INSERT INTO public.catalogelem (id, value_int, value_str, catalog_id, parent_catalogelem_id) VALUES (2096, null, 'сбытовых надбавок гарантирующего поставщика электрической энергии', 1004, 2027);
INSERT INTO public.catalogelem (id, value_int, value_str, catalog_id, parent_catalogelem_id) VALUES (2097, null, 'индивидуальных тарифов на услуги по передаче электрической энергии для взаиморасчетов между двумя сетевыми организациями ', 1004, 2027);
INSERT INTO public.catalogelem (id, value_int, value_str, catalog_id, parent_catalogelem_id) VALUES (2098, null, 'единых (котловых) тарифов на услуги по передаче электрической энергии, поставляемой прочим потребителям', 1004, 2027);
INSERT INTO public.catalogelem (id, value_int, value_str, catalog_id, parent_catalogelem_id) VALUES (2099, null, 'платы за технологическое присоединение к электрическим сетям территориальных сетевых организаций для заявителей, подающих заявку на технологическое присоединение энергопринимающих устройств максимальной мощностью, не превышающей 15 кВт включительно (с учетом ранее присоединенных в данной точке присоединения энергопринимающих устройств)', 1004, 2027);
INSERT INTO public.catalogelem (id, value_int, value_str, catalog_id, parent_catalogelem_id) VALUES (2100, null, 'стандартизированных тарифных ставок, определяющих величину платы за технологическое присоединение к электрическим сетям территориальных сетевых организаций', 1004, 2027);
INSERT INTO public.catalogelem (id, value_int, value_str, catalog_id, parent_catalogelem_id) VALUES (2101, null, 'формулы платы за технологическое присоединение', 1004, 2027);
INSERT INTO public.catalogelem (id, value_int, value_str, catalog_id, parent_catalogelem_id) VALUES (2102, null, 'ставки за единицу максимальной мощности для определения платы за технологическое присоединение к электрическим сетям на уровне напряжения ниже 35 кВ и мощности менее 8900 кВт', 1004, 2027);
INSERT INTO public.catalogelem (id, value_int, value_str, catalog_id, parent_catalogelem_id) VALUES (2103, null, 'единого тарифа на услугу регионального оператора по обращению с твердыми коммунальными отходами', 1004, 2032);
INSERT INTO public.catalogelem (id, value_int, value_str, catalog_id, parent_catalogelem_id) VALUES (2104, null, 'тарифа на обработку твердых коммунальных отходов', 1004, 2032);
INSERT INTO public.catalogelem (id, value_int, value_str, catalog_id, parent_catalogelem_id) VALUES (2105, null, 'тарифа на обезвреживание твердых коммунальных отходов', 1004, 2032);
INSERT INTO public.catalogelem (id, value_int, value_str, catalog_id, parent_catalogelem_id) VALUES (2106, null, 'тарифа на захоронение твердых коммунальных отходов', 1004, 2032);
INSERT INTO public.catalogelem (id, value_int, value_str, catalog_id, parent_catalogelem_id) VALUES (2107, null, 'тарифов на транспортные услуги, оказываемые на подъездных железнодорожных путях ', 1004, 2033);
INSERT INTO public.catalogelem (id, value_int, value_str, catalog_id, parent_catalogelem_id) VALUES (2108, null, 'тарифов на транспортные услуги, оказываемые в аэропорту', 1004, 2033);
INSERT INTO public.catalogelem (id, value_int, value_str, catalog_id, parent_catalogelem_id) VALUES (2109, null, 'тарифа на услуги по предоставлению судам причалов ', 1004, 2033);
INSERT INTO public.catalogelem (id, value_int, value_str, catalog_id, parent_catalogelem_id) VALUES (2110, null, 'нормативной стоимости перевозки пассажиров', 1004, 2033);
INSERT INTO public.catalogelem (id, value_int, value_str, catalog_id, parent_catalogelem_id) VALUES (2111, null, 'экономически обоснованного уровеня тарифа на железнодорожные перевозки пассажиров в пригородном сообщении', 1004, 2033);
INSERT INTO public.catalogelem (id, value_int, value_str, catalog_id, parent_catalogelem_id) VALUES (2112, null, 'инвестиционной программы ', 1004, 2034);
INSERT INTO public.catalogelem (id, value_int, value_str, catalog_id, parent_catalogelem_id) VALUES (2113, null, 'корректировки инвестиционной программы', 1004, 2034);
INSERT INTO public.catalogelem (id, value_int, value_str, catalog_id, parent_catalogelem_id) VALUES (2114, null, 'централизованная система водоснабжения', 1005, null);
INSERT INTO public.catalogelem (id, value_int, value_str, catalog_id, parent_catalogelem_id) VALUES (2115, null, 'централизованная система холодного водоснабжения', 1005, null);
INSERT INTO public.catalogelem (id, value_int, value_str, catalog_id, parent_catalogelem_id) VALUES (2116, null, 'централизованная система горячего водоснабжения', 1005, null);
INSERT INTO public.catalogelem (id, value_int, value_str, catalog_id, parent_catalogelem_id) VALUES (2117, null, 'централизованная система водоотведения', 1005, null);
INSERT INTO public.catalogelem (id, value_int, value_str, catalog_id, parent_catalogelem_id) VALUES (2118, null, 'горячего водоснабжения', 1005, null);
INSERT INTO public.catalogelem (id, value_int, value_str, catalog_id, parent_catalogelem_id) VALUES (2119, null, 'система теплоснабжения', 1005, null);
INSERT INTO public.catalogelem (id, value_int, value_str, catalog_id, parent_catalogelem_id) VALUES (2120, null, 'электрические сети', 1005, null);
INSERT INTO public.catalogelem (id, value_int, value_str, catalog_id, parent_catalogelem_id) VALUES (2121, null, 'газораспределительные сети', 1005, null);
INSERT INTO public.catalogelem (id, value_int, value_str, catalog_id, parent_catalogelem_id) VALUES (2122, null, 'от 29 ноября 2016 года № 215-ТР ', 1008, 2008);
INSERT INTO public.catalogelem (id, value_int, value_str, catalog_id, parent_catalogelem_id) VALUES (2123, null, 'от 2 декабря 2016 года № 254-ТР ', 1008, 2008);
INSERT INTO public.catalogelem (id, value_int, value_str, catalog_id, parent_catalogelem_id) VALUES (2124, null, 'от 2 декабря 2016 года № 258-ТР ', 1008, 2008);
INSERT INTO public.catalogelem (id, value_int, value_str, catalog_id, parent_catalogelem_id) VALUES (2125, null, 'от 2 декабря 2016 года № 259-ТР', 1008, 2008);
INSERT INTO public.catalogelem (id, value_int, value_str, catalog_id, parent_catalogelem_id) VALUES (2126, null, 'от 9 декабря 2016 года № 330-ТР ', 1008, 2008);
INSERT INTO public.catalogelem (id, value_int, value_str, catalog_id, parent_catalogelem_id) VALUES (2127, null, 'от 9 декабря 2016 года № 331-ТР', 1008, 2008);

INSERT INTO public.field (id, name, fieldtype, position_in_group, max_count, length, catalog_id, required, role_id, tag) VALUES (4, 'Дата заседания', 'DATE', null, null, null, null, true, 3003, 'MeetingDate');
INSERT INTO public.field (id, name, fieldtype, position_in_group, max_count, length, catalog_id, required, role_id, tag) VALUES (5, 'Время заседания', 'TIME', null, null, null, null, true, 3004, 'MeetingTime');
INSERT INTO public.field (id, name, fieldtype, position_in_group, max_count, length, catalog_id, required, role_id, tag) VALUES (6, 'Реквизиты регламента Управления', 'TEXT', null, null, null, null, true, 3005, 'Reglament');
INSERT INTO public.field (id, name, fieldtype, position_in_group, max_count, length, catalog_id, required, role_id, tag) VALUES (7, 'Номер служебной записки в СЭДО', 'TEXT', null, null, null, null, false, 3005, 'SEDO');
INSERT INTO public.field (id, name, fieldtype, position_in_group, max_count, length, catalog_id, required, role_id, tag) VALUES (8, 'Вопросы повестки', 'GROUP_FIELDS', null, 4, null, null, true, 3005, '');
INSERT INTO public.field (id, name, fieldtype, position_in_group, max_count, length, catalog_id, required, role_id, tag) VALUES (9, 'Предмет вопроса', 'CATALOG', null, null, null, 1001, true, 3005, '[Questions]Subject');
INSERT INTO public.field (id, name, fieldtype, position_in_group, max_count, length, catalog_id, required, role_id, tag) VALUES (10, 'Вопрос', 'CATALOG', null, null, null, 1002, false, 3005, '[Questions]Question');
INSERT INTO public.field (id, name, fieldtype, position_in_group, max_count, length, catalog_id, required, role_id, tag) VALUES (11, 'Сфера деятельности', 'CATALOG', null, null, null, 1003, false, 3005, '[Questions]Direction');
INSERT INTO public.field (id, name, fieldtype, position_in_group, max_count, length, catalog_id, required, role_id, tag) VALUES (12, 'Реквизиты приказа', 'CATALOG', null, null, null, 1008, false, 3005, '[Questions]OrderNumber');
INSERT INTO public.field (id, name, fieldtype, position_in_group, max_count, length, catalog_id, required, role_id, tag) VALUES (13, 'Вид тарифа', 'CATALOG', null, null, null, 1004, false, 3005, '[Questions]TarifView');
INSERT INTO public.field (id, name, fieldtype, position_in_group, max_count, length, catalog_id, required, role_id, tag) VALUES (14, 'Подключаемая система при техническом присоединении', 'CATALOG', null, null, null, 1005, false, 3005, '[Questions]TechConnection');
INSERT INTO public.field (id, name, fieldtype, position_in_group, max_count, length, catalog_id, required, role_id, tag) VALUES (15, 'Организация', 'CATALOG', null, null, null, 1006, true, 3005, '[Questions]Organization');
INSERT INTO public.field (id, name, fieldtype, position_in_group, max_count, length, catalog_id, required, role_id, tag) VALUES (16, 'Ответственный', 'CATALOG', null, null, null, 1007, true, 3005, '[Questions]AuthPerson');
INSERT INTO public.field (id, name, fieldtype, position_in_group, max_count, length, catalog_id, required, role_id, tag) VALUES (17, 'Прочее', 'TEXT', null, null, null, null, false, null, '[Questions]Comments');
INSERT INTO public.field (id, name, fieldtype, position_in_group, max_count, length, catalog_id, required, role_id, tag) VALUES (18, 'Дополнительная информация', 'TEXT', null, null, null, null, false, null, '[Questions]AdditionalInfo');
INSERT INTO public.field (id, name, fieldtype, position_in_group, max_count, length, catalog_id, required, role_id, tag) VALUES (19, 'Вложение', 'ATTACHMENT', null, null, null, null, true, 3005, '');

INSERT INTO public.field_child_field(field_id, child_field_id) VALUES (8, 9);
INSERT INTO public.field_child_field(field_id, child_field_id) VALUES (8, 10);
INSERT INTO public.field_child_field(field_id, child_field_id) VALUES (8, 11);
INSERT INTO public.field_child_field(field_id, child_field_id) VALUES (8, 12);
INSERT INTO public.field_child_field(field_id, child_field_id) VALUES (8, 13);
INSERT INTO public.field_child_field(field_id, child_field_id) VALUES (8, 14);
INSERT INTO public.field_child_field(field_id, child_field_id) VALUES (8, 15);
INSERT INTO public.field_child_field(field_id, child_field_id) VALUES (8, 16);
INSERT INTO public.field_child_field(field_id, child_field_id) VALUES (8, 17);
INSERT INTO public.field_child_field(field_id, child_field_id) VALUES (8, 18);
INSERT INTO public.field_child_field(field_id, child_field_id) VALUES (8, 19);

INSERT INTO public.doctype_fields (id, doctype_id, field_id, position) VALUES (20, 1, 4, 1);
INSERT INTO public.doctype_fields (id, doctype_id, field_id, position) VALUES (21, 1, 5, 2);
INSERT INTO public.doctype_fields (id, doctype_id, field_id, position) VALUES (22, 1, 6, 3);

INSERT INTO public.doctype_routes (id, doctype_id, user_id, agree_stage)VALUES (23, 1, '4001', 1);
INSERT INTO public.doctype_routes (id, doctype_id, user_id, agree_stage)VALUES (24, 1, '4002', 2);