INSERT INTO esrd.users (id, name, lastname, firstname, patronym, email, phone, position) VALUES (4000, 'admin', 'Махров', 'Станислав', 'Станиславович', 'MakhrovSS1@mos.ru', '15-451', 'Начальник отдела');
INSERT INTO esrd.users (id, name, lastname, firstname, patronym, email, phone, position) VALUES (4001, 'user1', 'Петров', 'Петр', 'Петрович', 'PetrovPP@mos.ru', null, 'Главный специалист');
INSERT INTO esrd.users (id, name, lastname, firstname, patronym, email, phone, position) VALUES (4002, 'user2', 'Широкова', 'Елена', 'Юрьевна', 'IvanovII@mos.ru', null, 'Заместитель начальника Управления');
INSERT INTO esrd.users (id, name, lastname, firstname, patronym, email, phone, position) VALUES (4003, 'KKozhin', 'Кожин', 'Констнтин', 'Сергеевич', null, '299-8653', null);
INSERT INTO esrd.users (id, name, lastname, firstname, patronym, email, phone, position) VALUES (4004, 'NPopova', 'Попова', 'Наталья', 'Леонидовна', null, '957-9413', null);
INSERT INTO esrd.users (id, name, lastname, firstname, patronym, email, phone, position) VALUES (4005, 'SKorotaeva', 'Коротаева', 'Светлана', 'Петровна', null, null, null);
INSERT INTO esrd.users (id, name, lastname, firstname, patronym, email, phone, position) VALUES (4006, 'MPiskare', 'Пискарева', 'Марина', 'Викторовна', null, '957-7414', null);
INSERT INTO esrd.users (id, name, lastname, firstname, patronym, email, phone, position) VALUES (4007, 'TSomova', 'Сомова', 'Татьяна', 'Ивановна', null, null, null);
INSERT INTO esrd.users (id, name, lastname, firstname, patronym, email, phone, position) VALUES (4008, 'EStepanov', 'Степанова', 'Елена', 'Константиновна', null, '957-7445', null);
INSERT INTO esrd.users (id, name, lastname, firstname, patronym, email, phone, position) VALUES (4009, 'VPankin', 'Панкин', 'Виктор', 'Алексеевич', null, null, null);
INSERT INTO esrd.users (id, name, lastname, firstname, patronym, email, phone, position) VALUES (4010, 'SProhoro', 'Прохоров', 'Сергей', 'Александрович', null, null, null);
INSERT INTO esrd.users (id, name, lastname, firstname, patronym, email, phone, position) VALUES (4011, 'VShirjaev', 'Ширяев', 'Владимир', 'Алексеевич', null, null, null);
INSERT INTO esrd.users (id, name, lastname, firstname, patronym, email, phone, position) VALUES (4012, 'EJakutovich', 'Якутович', 'Евгения', 'Александровна', null, '957-7221', null);
INSERT INTO esrd.users (id, name, lastname, firstname, patronym, email, phone, position) VALUES (4013, 'IMinaev', 'Минаев', 'Илья', 'Ильич', null, '957-9755', null);
INSERT INTO esrd.users (id, name, lastname, firstname, patronym, email, phone, position) VALUES (4014, 'LGrigoreva', 'Григорьева', 'Лина', 'Борисовна', null, '957-9759', null);
INSERT INTO esrd.users (id, name, lastname, firstname, patronym, email, phone, position) VALUES (4015, 'ESinjako', 'Синякова', 'Екатерина', 'Викторовна', null, '957-7440', null);
INSERT INTO esrd.users (id, name, lastname, firstname, patronym, email, phone, position) VALUES (4016, 'MNekrasova', 'Некрасова', 'Мария', 'Александровна', null, null, null);
INSERT INTO esrd.users (id, name, lastname, firstname, patronym, email, phone, position) VALUES (4017, 'EfimovVV', 'Ефимов', 'Владимир', 'Владимирович', null, null, null);
INSERT INTO esrd.users (id, name, lastname, firstname, patronym, email, phone, position) VALUES (4018, 'BukinskayaEV', 'Букинская', 'Елизавета', 'Вадимовна', null, null, null);
INSERT INTO esrd.users (id, name, lastname, firstname, patronym, email, phone, position) VALUES (4019, 'MGavrile', 'Гавриленкова', 'Марина', 'Александровна', null, '957-7223', null);
INSERT INTO esrd.users (id, name, lastname, firstname, patronym, email, phone, position) VALUES (4020, 'IZimina', 'Зимина', 'Ирина', 'Александровна', null, '957-7218', null);
INSERT INTO esrd.users (id, name, lastname, firstname, patronym, email, phone, position) VALUES (4021, 'MUljanov', 'Ульянова', 'Марина', 'Николаевна', null, '957-7454', null);
INSERT INTO esrd.users (id, name, lastname, firstname, patronym, email, phone, position) VALUES (4022, 'LVapaeva', 'Вапаева', 'Людмила', 'Чарыевна', null, '957-7219', null);
INSERT INTO esrd.users (id, name, lastname, firstname, patronym, email, phone, position) VALUES (4023, 'ARasnicov', 'Расницов', 'Андрей', 'Михайлович', null, '957-7413', null);
INSERT INTO esrd.users (id, name, lastname, firstname, patronym, email, phone, position) VALUES (4024, 'EDMihailova', 'Михайлова', 'Екатерина', 'Дмитриевна', null, '957-74-25', null);
INSERT INTO esrd.users (id, name, lastname, firstname, patronym, email, phone, position) VALUES (4025, 'GBessonov', 'Бессонов', 'Геннадий', 'Вячеславович', null, '957-7460', null);
INSERT INTO esrd.users (id, name, lastname, firstname, patronym, email, phone, position) VALUES (4026, 'LRashetina', 'Расчетина', 'Любовь', 'Викторовна', null, '957-9739', null);
INSERT INTO esrd.users (id, name, lastname, firstname, patronym, email, phone, position) VALUES (4027, 'NKovalchuk', 'Ковальчук', 'Наталья', 'Юрьевна', null, '957-7265', null);
INSERT INTO esrd.users (id, name, lastname, firstname, patronym, email, phone, position) VALUES (4028, 'TPanina', 'Панина', 'Татьяна', 'Васильевна', null, '957-9725', null);
INSERT INTO esrd.users (id, name, lastname, firstname, patronym, email, phone, position) VALUES (4029, 'YSolodovnikova', 'Солодовникова', 'Юлия', 'Николаевна', null, '229-19-66', null);
INSERT INTO esrd.users (id, name, lastname, firstname, patronym, email, phone, position) VALUES (4030, 'VasilevaLA', 'Васильева', 'Любовь', 'Анберовна', null, null, null);
INSERT INTO esrd.users (id, name, lastname, firstname, patronym, email, phone, position) VALUES (4031, 'AGoryacheva', 'Горячева', 'Александра', 'Владимировна', null, null, null);
INSERT INTO esrd.users (id, name, lastname, firstname, patronym, email, phone, position) VALUES (4032, 'OPankratova', 'Панкратова', 'Ольга', 'Николаевна', null, null, null);
INSERT INTO esrd.users (id, name, lastname, firstname, patronym, email, phone, position) VALUES (4033, 'SamsonovDY', 'Самсонов', 'Дмитрий', 'Юрьевич', null, null, null);
INSERT INTO esrd.users (id, name, lastname, firstname, patronym, email, phone, position) VALUES (4034, 'MMjakshev', 'Мякшев', 'Михаил', 'Васильевич', null, '957 7262', null);
INSERT INTO esrd.users (id, name, lastname, firstname, patronym, email, phone, position) VALUES (4035, 'EPanov', 'Панов', 'Евгений', 'Александрович', null, null, null);
INSERT INTO esrd.users (id, name, lastname, firstname, patronym, email, phone, position) VALUES (4036, 'MKazimirskiy', 'Казимирский', 'Максим', 'Александрович', null, null, null);
INSERT INTO esrd.users (id, name, lastname, firstname, patronym, email, phone, position) VALUES (4037, 'KudinovaMV', 'Кудинова', 'Марина', 'Владиславовна', null, null, null);
INSERT INTO esrd.users (id, name, lastname, firstname, patronym, email, phone, position) VALUES (4038, 'MPashkova', 'Пашкова', 'Мария', 'Эдуардовна', null, null, null);
INSERT INTO esrd.users (id, name, lastname, firstname, patronym, email, phone, position) VALUES (4039, 'OCheremisinova', 'Черемисинова', 'Ольга', 'Борисовна', null, '957-0651', null);
INSERT INTO esrd.users (id, name, lastname, firstname, patronym, email, phone, position) VALUES (4040, 'AFedkin', 'Федькин', 'Александр', 'Александрович', null, null, null);
INSERT INTO esrd.users (id, name, lastname, firstname, patronym, email, phone, position) VALUES (4041, 'EBaranova', 'Баранова', 'Елена', 'Николаевна', null, null, null);
INSERT INTO esrd.users (id, name, lastname, firstname, patronym, email, phone, position) VALUES (4042, 'ENikolaeva', 'Николаева', 'Елена', 'Викторовна', null, '957-9457', null);
INSERT INTO esrd.users (id, name, lastname, firstname, patronym, email, phone, position) VALUES (4043, 'OMarkova', 'Маркова', 'Ольга', 'Викторовна', null, null, null);
INSERT INTO esrd.users (id, name, lastname, firstname, patronym, email, phone, position) VALUES (4044, 'LChumakova', 'Чумакова', 'Людмила', 'Витальевна', null, null, null);
INSERT INTO esrd.users (id, name, lastname, firstname, patronym, email, phone, position) VALUES (4045, 'SerovaYA', 'Серова', 'Юлия', 'Анатольевна', null, null, null);
INSERT INTO esrd.users (id, name, lastname, firstname, patronym, email, phone, position) VALUES (4046, 'AAlekseev', 'Алексеев', 'Эдуард', 'Викторович', null, null, null);
INSERT INTO esrd.users (id, name, lastname, firstname, patronym, email, phone, position) VALUES (4047, 'ZgonnikovaTA', 'Згонникова', 'Татьяна', 'Анатольевна', null, null, null);
INSERT INTO esrd.users (id, name, lastname, firstname, patronym, email, phone, position) VALUES (4048, 'KazakovAA', 'Казаков', 'Александр', 'Александрович', null, null, null);
INSERT INTO esrd.users (id, name, lastname, firstname, patronym, email, phone, position) VALUES (4049, 'DOsipov', 'Осипов', 'Дмитрий', 'Александрович', null, null, null);
INSERT INTO esrd.users (id, name, lastname, firstname, patronym, email, phone, position) VALUES (4050, 'VMin', 'Мин', 'Виктория', 'Сергеевна', null, null, null);
INSERT INTO esrd.users (id, name, lastname, firstname, patronym, email, phone, position) VALUES (4051, 'KuzmichevaLA', 'Кузьмичева', 'Любовь', 'Алексеевна', null, null, null);
INSERT INTO esrd.users (id, name, lastname, firstname, patronym, email, phone, position) VALUES (4052, 'MMorozova', 'Морозова', 'Мария', 'Юрьевна', null, null, null);
INSERT INTO esrd.users (id, name, lastname, firstname, patronym, email, phone, position) VALUES (4053, 'NYagodkina', 'Ягодкина', 'Наталья', 'Владимировна', null, null, null);
INSERT INTO esrd.users (id, name, lastname, firstname, patronym, email, phone, position) VALUES (4054, 'LLevykina', 'Левыкина', 'Лина', 'Павловна', null, '957-7256', null);
INSERT INTO esrd.users (id, name, lastname, firstname, patronym, email, phone, position) VALUES (4055, 'AShmelev', 'Шмелев', 'Александр', 'Евгеньевич', null, null, null);
INSERT INTO esrd.users (id, name, lastname, firstname, patronym, email, phone, position) VALUES (4056, 'APopov', 'Попов', 'Александр', 'Станиславович', null, null, null);
INSERT INTO esrd.users (id, name, lastname, firstname, patronym, email, phone, position) VALUES (4057, 'MZhabina', 'Жабина', 'Маргарита', 'Михайловна', null, null, null);
INSERT INTO esrd.users (id, name, lastname, firstname, patronym, email, phone, position) VALUES (4058, 'MakarovaED', 'Макарова', 'Елена', 'Дмитриевна', null, null, null);
INSERT INTO esrd.users (id, name, lastname, firstname, patronym, email, phone, position) VALUES (4059, 'EZhavoronkina', 'Жаворонкина', 'Елена', 'Викторовна', null, null, null);
INSERT INTO esrd.users (id, name, lastname, firstname, patronym, email, phone, position) VALUES (4060, 'MErmolaeva', 'Ермолаева', 'Мария', 'Леонтьевна', null, null, null);
INSERT INTO esrd.users (id, name, lastname, firstname, patronym, email, phone, position) VALUES (4061, 'IPolyakova', 'Полякова', 'Ирина', 'Николаевна', null, null, null);
INSERT INTO esrd.users (id, name, lastname, firstname, patronym, email, phone, position) VALUES (4062, 'APoljakova', 'Полякова', 'Анна', 'Владимировна', null, null, null);
INSERT INTO esrd.users (id, name, lastname, firstname, patronym, email, phone, position) VALUES (4063, 'ZubovSS', 'Зубов', 'Сергей', 'Сергеевич', null, null, null);
INSERT INTO esrd.users (id, name, lastname, firstname, patronym, email, phone, position) VALUES (4064, 'LVologeva', 'Воложева', 'Лариса', 'Алексеевна', null, '957-9084', null);
INSERT INTO esrd.users (id, name, lastname, firstname, patronym, email, phone, position) VALUES (4065, 'TKorsako', 'Корсакова', 'Татьяна', 'Юрьевна', null, '957-7496', null);
INSERT INTO esrd.users (id, name, lastname, firstname, patronym, email, phone, position) VALUES (4066, 'IStrelni', 'Стрельникова', 'Ирина', 'Ивановна', null, null, null);
INSERT INTO esrd.users (id, name, lastname, firstname, patronym, email, phone, position) VALUES (4067, 'MalyginaMN', 'Малыгина', 'Мария', 'Николаевна', null, null, null);
INSERT INTO esrd.users (id, name, lastname, firstname, patronym, email, phone, position) VALUES (4068, 'IBobkova', 'Бобкова', 'Ирина', 'Викторовна', null, null, null);
INSERT INTO esrd.users (id, name, lastname, firstname, patronym, email, phone, position) VALUES (4069, 'VFesik', 'Фесик', 'Валерия', 'Игоревна', null, null, null);
INSERT INTO esrd.users (id, name, lastname, firstname, patronym, email, phone, position) VALUES (4070, 'ksc', 'Kaspersky', 'Security', 'Center', null, null, null);
INSERT INTO esrd.users (id, name, lastname, firstname, patronym, email, phone, position) VALUES (4071, 'MAnnenkova', 'Анненкова', 'Мария', 'Алексеевна', null, '957-9455', null);
INSERT INTO esrd.users (id, name, lastname, firstname, patronym, email, phone, position) VALUES (4072, 'MKrugalova', 'Кружалова', 'Мария', 'Александровна', null, '957-9442', null);
INSERT INTO esrd.users (id, name, lastname, firstname, patronym, email, phone, position) VALUES (4073, 'ZFyahretdinova', 'Фяхретдинова', 'Зифа', 'Ханвяровна', null, null, null);
INSERT INTO esrd.users (id, name, lastname, firstname, patronym, email, phone, position) VALUES (4074, 'EMedvedeva', 'Медведева', 'Екатерина', 'Валентиновна', null, null, null);
INSERT INTO esrd.users (id, name, lastname, firstname, patronym, email, phone, position) VALUES (4075, 'KugakovEV', 'Кугаков', 'Евгений', 'Вячеславович', null, null, null);
INSERT INTO esrd.users (id, name, lastname, firstname, patronym, email, phone, position) VALUES (4076, 'ChekanovDA', 'Чеканов', 'Дмитрий', 'Анатольевич', null, null, null);
INSERT INTO esrd.users (id, name, lastname, firstname, patronym, email, phone, position) VALUES (4077, 'KlishinaEA', 'Клишина', 'Екатерина', 'Александровна', null, null, null);
INSERT INTO esrd.users (id, name, lastname, firstname, patronym, email, phone, position) VALUES (4078, 'KochetkovMM', 'Кочетков', 'Михаил', 'Михайлович', null, null, null);
INSERT INTO esrd.users (id, name, lastname, firstname, patronym, email, phone, position) VALUES (4079, 'MironovichAO', 'Миронович', 'Алина', 'Олеговна', null, null, null);
INSERT INTO esrd.users (id, name, lastname, firstname, patronym, email, phone, position) VALUES (4080, 'SergienkoVG', 'Сергиенко', 'Виктор', 'Геннадьевич', null, null, null);
INSERT INTO esrd.users (id, name, lastname, firstname, patronym, email, phone, position) VALUES (4081, 'MatveevaAV', 'Матвеева', 'Анна', 'Валерьевна', null, null, null);
INSERT INTO esrd.users (id, name, lastname, firstname, patronym, email, phone, position) VALUES (4082, 'PelevinaMN', 'Пелевина', 'Мария', 'Николаевна', null, null, null);
INSERT INTO esrd.users (id, name, lastname, firstname, patronym, email, phone, position) VALUES (4083, 'EvdokimovaON', 'Евдокимова', 'Ольга', 'Николаевна', null, null, null);
INSERT INTO esrd.users (id, name, lastname, firstname, patronym, email, phone, position) VALUES (4084, 'ShirokovaEY', 'Широкова', 'Елена', 'Юрьевна', null, null, null);
INSERT INTO esrd.users (id, name, lastname, firstname, patronym, email, phone, position) VALUES (4085, 'TkachukTS', 'Ткачук', 'Тимур', 'Сергеевич', null, null, null);
INSERT INTO esrd.users (id, name, lastname, firstname, patronym, email, phone, position) VALUES (4086, 'KuzminaSA', 'Кузьмина', 'Светлана', 'Александровна', null, null, null);
INSERT INTO esrd.users (id, name, lastname, firstname, patronym, email, phone, position) VALUES (4087, 'IMilova', 'Милова', 'Ирина', 'Игоревна', null, '957-7269', null);
INSERT INTO esrd.users (id, name, lastname, firstname, patronym, email, phone, position) VALUES (4088, 'EAristova', 'Аристова', 'Екатерина', 'Михайловна', null, null, null);
INSERT INTO esrd.users (id, name, lastname, firstname, patronym, email, phone, position) VALUES (4089, 'AkishevaNY', 'Акишева', 'Наталья', 'Юрьевна', null, null, null);
INSERT INTO esrd.users (id, name, lastname, firstname, patronym, email, phone, position) VALUES (4090, 'LychenkovaEN', 'Лыченкова', 'Евгения', 'Николаевна', null, null, null);
INSERT INTO esrd.users (id, name, lastname, firstname, patronym, email, phone, position) VALUES (4091, 'MudrecovaEA', 'Мудрецова', 'Евгения', 'Александровна', null, null, null);
INSERT INTO esrd.users (id, name, lastname, firstname, patronym, email, phone, position) VALUES (4092, 'AgapovaEA', 'Агапова', 'Елена', 'Александровна', null, null, null);
INSERT INTO esrd.users (id, name, lastname, firstname, patronym, email, phone, position) VALUES (4093, 'AGrishaev', 'Гришаев', 'Андрей', 'Владимирович', null, null, null);
INSERT INTO esrd.users (id, name, lastname, firstname, patronym, email, phone, position) VALUES (4094, 'SilkinaNS', 'Силкина', 'Наталья', 'Сергеевна', null, null, null);
INSERT INTO esrd.users (id, name, lastname, firstname, patronym, email, phone, position) VALUES (4095, 'ODidenko', 'Диденко', 'Ольга', 'Владимировна', null, null, null);
INSERT INTO esrd.users (id, name, lastname, firstname, patronym, email, phone, position) VALUES (4096, 'ZhegalinaLI', 'Жегалина', 'Людмила', 'Ивнаовна', null, null, null);
INSERT INTO esrd.users (id, name, lastname, firstname, patronym, email, phone, position) VALUES (4097, 'GakaevMA', 'Гакаев', 'Мансур', 'Аднанович', null, null, null);
INSERT INTO esrd.users (id, name, lastname, firstname, patronym, email, phone, position) VALUES (4098, 'VaginAY', 'Вагин', 'Александр', 'Юрьевич', null, null, null);
INSERT INTO esrd.users (id, name, lastname, firstname, patronym, email, phone, position) VALUES (4099, 'NChumachenko', 'Чумаченко', 'Наталья', 'Сергеевна', null, null, null);
INSERT INTO esrd.users (id, name, lastname, firstname, patronym, email, phone, position) VALUES (4100, 'BiryukovaON', 'Бирюкова', 'Ольга', 'Николаевна', null, null, null);
INSERT INTO esrd.users (id, name, lastname, firstname, patronym, email, phone, position) VALUES (4101, 'MyalkinaMV', 'Мялькина', 'Марина', 'Васильевна', null, null, null);
INSERT INTO esrd.users (id, name, lastname, firstname, patronym, email, phone, position) VALUES (4102, 'SinyukovaEA', 'Синюкова', 'Екатерина', 'Андреевна', null, null, null);
INSERT INTO esrd.users (id, name, lastname, firstname, patronym, email, phone, position) VALUES (4103, 'ArzianiNV', 'Арзиани', 'Наталья', 'Викторовна', null, null, null);
INSERT INTO esrd.users (id, name, lastname, firstname, patronym, email, phone, position) VALUES (4104, 'AndreevaEB', 'Андреева', 'Екатерина', 'Борисовна', null, null, null);
INSERT INTO esrd.users (id, name, lastname, firstname, patronym, email, phone, position) VALUES (4105, 'HamzinRH', 'Хамзин', 'Ринат', 'Халимович', null, null, null);
INSERT INTO esrd.users (id, name, lastname, firstname, patronym, email, phone, position) VALUES (4106, 'BereznitskyDI', 'Березницкий', 'Дмитрий', 'Игоревич', null, null, null);
INSERT INTO esrd.users (id, name, lastname, firstname, patronym, email, phone, position) VALUES (4107, 'KonstantinovaTV', 'Константинова', 'Татьяна', 'Викторовна', null, null, null);
INSERT INTO esrd.users (id, name, lastname, firstname, patronym, email, phone, position) VALUES (4108, 'HaritoshkinaMY', 'Харитошкина', 'Марина', 'Юрьевна', null, null, null);
INSERT INTO esrd.users (id, name, lastname, firstname, patronym, email, phone, position) VALUES (4109, 'ShishkinaTS', 'Шишкина', 'Татьяна', 'Сергеевна', null, null, null);
INSERT INTO esrd.users (id, name, lastname, firstname, patronym, email, phone, position) VALUES (4110, 'IpatovaEA', 'Ипатова', 'Евгения', 'Александровна', null, null, null);
INSERT INTO esrd.users (id, name, lastname, firstname, patronym, email, phone, position) VALUES (4111, 'ShaforostovaOA', 'Шафоростова', 'Ольга', 'Александровна', null, null, null);
INSERT INTO esrd.users (id, name, lastname, firstname, patronym, email, phone, position) VALUES (4112, 'RazumovskayaNE', 'Разумовская', 'Наталья', 'Евгеньевна', null, null, null);
INSERT INTO esrd.users (id, name, lastname, firstname, patronym, email, phone, position) VALUES (4113, 'NBaulina', 'Баулина', 'Наталья', 'Игорьевна', null, null, null);
INSERT INTO esrd.users (id, name, lastname, firstname, patronym, email, phone, position) VALUES (4114, 'AgishevaIV', 'Агишева', 'Ирина', 'Вадимовна', null, null, null);
INSERT INTO esrd.users (id, name, lastname, firstname, patronym, email, phone, position) VALUES (4115, 'FedorovPD', 'Федоров', 'Прохор', 'Дмитриевич', null, null, null);
INSERT INTO esrd.users (id, name, lastname, firstname, patronym, email, phone, position) VALUES (4116, 'KuzminaNV', 'Кузьмина', 'Наталья', 'Владимировна', null, null, null);
INSERT INTO esrd.users (id, name, lastname, firstname, patronym, email, phone, position) VALUES (4117, 'SemeshinAA', 'Семёшин', 'Александр', 'Андреевич', null, null, null);
INSERT INTO esrd.users (id, name, lastname, firstname, patronym, email, phone, position) VALUES (4118, 'ShatovaIA', 'Шатова', 'Ирина', 'Александровна', null, '957-9666', null);
INSERT INTO esrd.users (id, name, lastname, firstname, patronym, email, phone, position) VALUES (4119, 'NPetrova', 'Петрова', 'Наталья', 'Ивановна', null, '957-7412', null);
INSERT INTO esrd.users (id, name, lastname, firstname, patronym, email, phone, position) VALUES (4120, 'OPorhun', 'Порхун', 'Ольга', 'Сергеевна', null, null, null);
INSERT INTO esrd.users (id, name, lastname, firstname, patronym, email, phone, position) VALUES (4121, 'OGrosova', 'Гросова', 'Оксана', 'Александровна', null, '957-9719', null);
INSERT INTO esrd.users (id, name, lastname, firstname, patronym, email, phone, position) VALUES (4122, 'ArbatskyEI', 'Арбатский', 'Егор', 'Иванович', null, null, null);
INSERT INTO esrd.users (id, name, lastname, firstname, patronym, email, phone, position) VALUES (4123, 'GSkripnichenko', 'Скрипниченко', 'Гюзель', 'Исламовна', null, null, null);
INSERT INTO esrd.users (id, name, lastname, firstname, patronym, email, phone, position) VALUES (4124, 'ShkuratovaMP', 'Шкуратова', 'Мария', 'Петровна', null, null, null);
INSERT INTO esrd.users (id, name, lastname, firstname, patronym, email, phone, position) VALUES (4125, 'VareevaSV', 'Вареева', 'Светлана', 'Владимировна', null, null, null);
INSERT INTO esrd.users (id, name, lastname, firstname, patronym, email, phone, position) VALUES (4126, 'TSoyNE', 'Цой', 'Наталья', 'Эфриковна', null, null, null);
INSERT INTO esrd.users (id, name, lastname, firstname, patronym, email, phone, position) VALUES (4127, 'MGluhova', 'Глухова', 'Мария', 'Валерьевна', null, null, null);
INSERT INTO esrd.users (id, name, lastname, firstname, patronym, email, phone, position) VALUES (4128, 'KErshov', 'Ершов', 'Кирилл', 'Игоревич', null, null, null);
INSERT INTO esrd.users (id, name, lastname, firstname, patronym, email, phone, position) VALUES (4129, 'DZykov', 'Зыков', 'Дмитрий', 'Николаевич', null, null, null);
INSERT INTO esrd.users (id, name, lastname, firstname, patronym, email, phone, position) VALUES (4130, 'SpesivtsevaEY', 'Спесивцева', 'Елена', 'Юрьевна', null, null, null);
INSERT INTO esrd.users (id, name, lastname, firstname, patronym, email, phone, position) VALUES (4131, 'SukharevaAN', 'Сухарева', 'Аниса', 'Николаевна', null, null, null);
INSERT INTO esrd.users (id, name, lastname, firstname, patronym, email, phone, position) VALUES (4132, 'LLepushenko', 'Лепушенко', 'Людмила', 'Валентиновна', null, null, null);
INSERT INTO esrd.users (id, name, lastname, firstname, patronym, email, phone, position) VALUES (4133, 'NovohatskayaED', 'Новохатская', 'Екатерина', 'Дмитриевна', null, null, null);
INSERT INTO esrd.users (id, name, lastname, firstname, patronym, email, phone, position) VALUES (4134, 'FrolovaAV', 'Фролова', 'Александра', 'Вячеславовна', null, null, null);
INSERT INTO esrd.users (id, name, lastname, firstname, patronym, email, phone, position) VALUES (4135, 'KostyukovaOV', 'Костюкова', 'Оксана', 'Владимировна', null, null, null);
INSERT INTO esrd.users (id, name, lastname, firstname, patronym, email, phone, position) VALUES (4136, 'RyzhovaVA', 'Рыжова', 'Валентина', 'Александровна', null, null, null);
INSERT INTO esrd.users (id, name, lastname, firstname, patronym, email, phone, position) VALUES (4137, 'BraunVV', 'Браун', 'Вера', 'Викторовна', null, null, null);
INSERT INTO esrd.users (id, name, lastname, firstname, patronym, email, phone, position) VALUES (4138, 'CerkunovaOA', 'Церкунова', 'Ольга', 'Александровна', null, null, null);
INSERT INTO esrd.users (id, name, lastname, firstname, patronym, email, phone, position) VALUES (4139, 'MarkinaAV', 'Маркина', 'Анастасия', 'Владимировна', null, null, null);
INSERT INTO esrd.users (id, name, lastname, firstname, patronym, email, phone, position) VALUES (4140, 'ChugunovaMV', 'Чугунова', 'Марина', 'Викторовна', null, null, null);
INSERT INTO esrd.users (id, name, lastname, firstname, patronym, email, phone, position) VALUES (4141, 'ZharkovaIV', 'Жаркова', 'Ирина', 'Владимировна', null, null, null);
INSERT INTO esrd.users (id, name, lastname, firstname, patronym, email, phone, position) VALUES (4142, 'VasilievaAV', 'Васильева', 'Анна', 'Владиславовна', null, null, null);
INSERT INTO esrd.users (id, name, lastname, firstname, patronym, email, phone, position) VALUES (4143, 'MinaevaOV', 'Минаева', 'Оксана', 'Владимировна', null, null, null);
INSERT INTO esrd.users (id, name, lastname, firstname, patronym, email, phone, position) VALUES (4144, 'StasenkoMY', 'Стасенко', 'Михаил', 'Юрьевич', null, null, null);
INSERT INTO esrd.users (id, name, lastname, firstname, patronym, email, phone, position) VALUES (4145, 'KorolevaOG', 'Королева', 'Ольга', 'Григорьевна', null, null, null);
INSERT INTO esrd.users (id, name, lastname, firstname, patronym, email, phone, position) VALUES (4146, 'ZakrevskayaNA', 'Закревская', 'Наталия', 'Александровна', null, null, null);
INSERT INTO esrd.users (id, name, lastname, firstname, patronym, email, phone, position) VALUES (4147, 'TatarinovaTD', 'Татаринова', 'Татьяна', 'Дмитриевна', null, null, null);
INSERT INTO esrd.users (id, name, lastname, firstname, patronym, email, phone, position) VALUES (4148, 'ProtsenkoVI', 'Проценко', 'Вера', 'Игоревна', null, null, null);
INSERT INTO esrd.users (id, name, lastname, firstname, patronym, email, phone, position) VALUES (4149, 'MBagreeva', 'Багреева', 'Мария', 'Андреевна', null, null, null);
INSERT INTO esrd.users (id, name, lastname, firstname, patronym, email, phone, position) VALUES (4150, 'SibrinAE', 'Сибрин', 'Александр', 'Эдуардович', null, null, null);
INSERT INTO esrd.users (id, name, lastname, firstname, patronym, email, phone, position) VALUES (4151, 'KnyazevDV', 'Князев', 'Дмитрий', 'Владимирович', null, null, null);
INSERT INTO esrd.users (id, name, lastname, firstname, patronym, email, phone, position) VALUES (4152, 'ChernihEI', 'Черных', 'Евгения', 'Игоревна', null, null, null);
INSERT INTO esrd.users (id, name, lastname, firstname, patronym, email, phone, position) VALUES (4153, 'VolkovaEV', 'Волкова', 'Екатерина', 'Валериевна', null, null, null);
INSERT INTO esrd.users (id, name, lastname, firstname, patronym, email, phone, position) VALUES (4154, 'ZaharovAS', 'Захаров', 'Антон', 'Станиславович', null, null, null);
INSERT INTO esrd.users (id, name, lastname, firstname, patronym, email, phone, position) VALUES (4155, 'VlasovYY', 'Власов', 'Юрий', 'Юрьевич', null, null, null);
INSERT INTO esrd.users (id, name, lastname, firstname, patronym, email, phone, position) VALUES (4156, 'PetushkovaDS', 'Петушкова', 'Дарья', 'Сергеевна', null, null, null);
INSERT INTO esrd.users (id, name, lastname, firstname, patronym, email, phone, position) VALUES (4157, 'TretyakovaAV', 'Третьякова', 'Анна', 'Викторовна', null, null, null);
INSERT INTO esrd.users (id, name, lastname, firstname, patronym, email, phone, position) VALUES (4158, 'MorozovaIM', 'Морозова', 'Ирина', 'Михайловна', null, null, null);
INSERT INTO esrd.users (id, name, lastname, firstname, patronym, email, phone, position) VALUES (4159, 'RomanovaOV', 'Романова', 'Ольга', 'Викторовна', null, null, null);
INSERT INTO esrd.users (id, name, lastname, firstname, patronym, email, phone, position) VALUES (4160, 'KolosovaEN', 'Колосова', 'Екатерина', 'Николаевна', null, null, null);
INSERT INTO esrd.users (id, name, lastname, firstname, patronym, email, phone, position) VALUES (4161, 'SuslenkovDB', 'Сусленков', 'Дмитрий', 'Борисович', null, null, null);
INSERT INTO esrd.users (id, name, lastname, firstname, patronym, email, phone, position) VALUES (4162, 'ShrabshteinAA', 'Шрабштейн', 'Анастасия', 'Анатольевна', null, null, null);
INSERT INTO esrd.users (id, name, lastname, firstname, patronym, email, phone, position) VALUES (4163, 'ElantsevAA', 'Еланцев', 'Андрей', 'Александрович', null, null, null);
INSERT INTO esrd.users (id, name, lastname, firstname, patronym, email, phone, position) VALUES (4164, 'BarbashinaMV', 'Барбашина', 'Марина', 'Владимировна', null, null, null);
INSERT INTO esrd.users (id, name, lastname, firstname, patronym, email, phone, position) VALUES (4165, 'BaranovaEV', 'Баранова', 'Елена', 'Викторовна', null, null, null);
INSERT INTO esrd.users (id, name, lastname, firstname, patronym, email, phone, position) VALUES (4166, 'ProkhorovaLV', 'Прохорова', 'Людмила', 'Васильевна', null, null, null);
INSERT INTO esrd.users (id, name, lastname, firstname, patronym, email, phone, position) VALUES (4167, 'SemenovAV', 'Семенов', 'Андрей', 'Вячеславович', null, null, null);
INSERT INTO esrd.users (id, name, lastname, firstname, patronym, email, phone, position) VALUES (4168, 'CHervyakovaIV', 'Червякова', 'Ирина', 'Валерьевна', null, null, null);
INSERT INTO esrd.users (id, name, lastname, firstname, patronym, email, phone, position) VALUES (4169, 'SerikovaEA', 'Серикова', 'Екатерина', 'Анатольевна', null, null, null);
INSERT INTO esrd.users (id, name, lastname, firstname, patronym, email, phone, position) VALUES (4170, 'VolkovaIG', 'Волкова', 'Ирина', 'Геннадьевна', null, null, null);
INSERT INTO esrd.users (id, name, lastname, firstname, patronym, email, phone, position) VALUES (4171, 'DanilinAV', 'Данилин', 'Андрей', 'Владимирович', null, null, null);
INSERT INTO esrd.users (id, name, lastname, firstname, patronym, email, phone, position) VALUES (4172, 'TetushkinDN', 'Тётушкин', 'Дмитрий', 'Николаевич', null, null, null);
INSERT INTO esrd.users (id, name, lastname, firstname, patronym, email, phone, position) VALUES (4173, 'OMaslennikova', 'Масленникова', 'Оксана', 'Викторовна', null, null, null);
INSERT INTO esrd.users (id, name, lastname, firstname, patronym, email, phone, position) VALUES (4174, 'ShatilovAV', 'Шатилов', 'Андрей', 'Владимирович', null, null, null);
INSERT INTO esrd.users (id, name, lastname, firstname, patronym, email, phone, position) VALUES (4175, 'GotsulovMV', 'Гоцулов', 'Максим', 'Витальевич', null, null, null);
INSERT INTO esrd.users (id, name, lastname, firstname, patronym, email, phone, position) VALUES (4176, 'BelovaAV', 'Белова', 'Алеся', 'Валерьевна', null, null, null);
INSERT INTO esrd.users (id, name, lastname, firstname, patronym, email, phone, position) VALUES (4177, 'SoldatovaEV', 'Солдатова', 'Екатерина', 'Викторовна', null, null, null);
INSERT INTO esrd.users (id, name, lastname, firstname, patronym, email, phone, position) VALUES (4178, 'ChernovaEV', 'Чернова', 'Екатерина', 'Викторовна', null, null, null);
INSERT INTO esrd.users (id, name, lastname, firstname, patronym, email, phone, position) VALUES (4179, 'KirichkovaGE', 'Киричкова', 'Галина', 'Евгеньевна', null, null, null);
INSERT INTO esrd.users (id, name, lastname, firstname, patronym, email, phone, position) VALUES (4180, 'SyabitovaRV', 'Сябитова', 'Римма', 'Владиковна', null, null, null);
INSERT INTO esrd.users (id, name, lastname, firstname, patronym, email, phone, position) VALUES (4181, 'GoryachevaNI', 'Горячева', 'Наталья', 'Ивановна', null, null, null);
INSERT INTO esrd.users (id, name, lastname, firstname, patronym, email, phone, position) VALUES (4182, 'NGoryacheva', 'Горячева', 'Наталия', 'Ивановна', null, null, null);
INSERT INTO esrd.users (id, name, lastname, firstname, patronym, email, phone, position) VALUES (4183, 'ShurovaTV', 'Шурова', 'Татьяна', 'Владимировна', null, null, null);
INSERT INTO esrd.users (id, name, lastname, firstname, patronym, email, phone, position) VALUES (4184, 'EHalaburdina', 'Халабурдина', 'Елена', 'Игоревна', null, null, null);
INSERT INTO esrd.users (id, name, lastname, firstname, patronym, email, phone, position) VALUES (4185, 'NikitinaML', 'Никитина', 'Мария', 'Львовна', null, null, null);
INSERT INTO esrd.users (id, name, lastname, firstname, patronym, email, phone, position) VALUES (4186, 'PetrenkoME', 'Петренко', 'Максим', 'Эдуардович', null, null, null);
INSERT INTO esrd.users (id, name, lastname, firstname, patronym, email, phone, position) VALUES (4187, 'LovkovaEA', 'Ловкова', 'Елена', 'Анатольевна', null, null, null);
INSERT INTO esrd.users (id, name, lastname, firstname, patronym, email, phone, position) VALUES (4188, 'ErmakovAG', 'Ермаков', 'Андрей', 'Геннадьевич', null, null, null);
INSERT INTO esrd.users (id, name, lastname, firstname, patronym, email, phone, position) VALUES (4189, 'KuznetsovaYP', 'Кузнецова', 'Юлия', 'Петровна', null, null, null);
INSERT INTO esrd.users (id, name, lastname, firstname, patronym, email, phone, position) VALUES (4190, 'BaronAA', 'Барон', 'Артем', 'Андреевич', null, null, null);
INSERT INTO esrd.users (id, name, lastname, firstname, patronym, email, phone, position) VALUES (4191, 'RusskihIN', 'Русских', 'Ирина', 'Николаевна', null, null, null);
INSERT INTO esrd.users (id, name, lastname, firstname, patronym, email, phone, position) VALUES (4192, 'VolkovaON', 'Волкова', 'Ольга', 'Николаевна', null, null, null);
INSERT INTO esrd.users (id, name, lastname, firstname, patronym, email, phone, position) VALUES (4193, 'LebedevaIA', 'Лебедева', 'Ирина', 'Александровна', null, null, null);
INSERT INTO esrd.users (id, name, lastname, firstname, patronym, email, phone, position) VALUES (4194, 'HvastochenkoON', 'Хвасточенко', 'Оксана', 'Николаевна', null, null, null);
INSERT INTO esrd.users (id, name, lastname, firstname, patronym, email, phone, position) VALUES (4195, 'MininVN', 'Минин', 'Валерий', 'Николаевич', null, null, null);
INSERT INTO esrd.users (id, name, lastname, firstname, patronym, email, phone, position) VALUES (4196, 'PlekhanovaEN', 'Плеханова', 'Екатерина', 'Николаевна', null, null, null);
INSERT INTO esrd.users (id, name, lastname, firstname, patronym, email, phone, position) VALUES (4197, 'KulikovaES', 'Куликова', 'Елена', 'Сергеевна', null, '957-9740', null);
INSERT INTO esrd.users (id, name, lastname, firstname, patronym, email, phone, position) VALUES (4198, 'GavdifattovaSN', 'Гавдифаттова', 'Софья', 'Николаевна', null, null, null);
INSERT INTO esrd.users (id, name, lastname, firstname, patronym, email, phone, position) VALUES (4199, 'PeregodovaEY', 'Перегодова', 'Елена', 'Юрьевна', null, null, null);
INSERT INTO esrd.users (id, name, lastname, firstname, patronym, email, phone, position) VALUES (4200, 'ChurkinaAV', 'Чуркина', 'Анна', 'Владимировна', null, null, null);
INSERT INTO esrd.users (id, name, lastname, firstname, patronym, email, phone, position) VALUES (4201, 'OreshkinGA', 'Орешкин', 'Григорий', 'Андреевич', null, null, null);
INSERT INTO esrd.users (id, name, lastname, firstname, patronym, email, phone, position) VALUES (4202, 'SHCHerbakovaNV', 'Щербакова', 'Наталья', 'Владимировна', null, null, null);
INSERT INTO esrd.users (id, name, lastname, firstname, patronym, email, phone, position) VALUES (4203, 'DudinaLS', 'Дудина', 'Лариса', 'Сергеевна', null, null, null);
INSERT INTO esrd.users (id, name, lastname, firstname, patronym, email, phone, position) VALUES (4204, 'SporyshevaVV', 'Спорышева', 'Валентина', 'Валерьевна', null, null, null);
INSERT INTO esrd.users (id, name, lastname, firstname, patronym, email, phone, position) VALUES (4205, 'VasilievVV', 'Васильев', 'Виктор', 'Вячеславович', null, null, null);
INSERT INTO esrd.users (id, name, lastname, firstname, patronym, email, phone, position) VALUES (4206, 'VolkovaNY', 'Волкова', 'Надежда', 'Юрьевна', null, null, null);
INSERT INTO esrd.users (id, name, lastname, firstname, patronym, email, phone, position) VALUES (4207, 'GlushkovaDA', 'Глушкова', 'Дарья', 'Анатольевна', null, null, null);
INSERT INTO esrd.users (id, name, lastname, firstname, patronym, email, phone, position) VALUES (4208, 'TyutyuginaIA', 'Тютюгина', 'Ирина', 'Александровна', null, null, null);
INSERT INTO esrd.users (id, name, lastname, firstname, patronym, email, phone, position) VALUES (4209, 'VolchkovaEI', 'Волчкова', 'Елена', 'Иосифовна', null, null, null);
INSERT INTO esrd.users (id, name, lastname, firstname, patronym, email, phone, position) VALUES (4210, 'SmirnovaMS', 'Смирнова', 'Маргарита', 'Сергеевна', null, null, null);
INSERT INTO esrd.users (id, name, lastname, firstname, patronym, email, phone, position) VALUES (4211, 'krutovVV', 'Крутов', 'Владимир', 'Валерьевич', null, null, null);
INSERT INTO esrd.users (id, name, lastname, firstname, patronym, email, phone, position) VALUES (4212, 'SHakhbazianSL', 'Шахбазян', 'Сюзанна', 'Левановна', null, null, null);
INSERT INTO esrd.users (id, name, lastname, firstname, patronym, email, phone, position) VALUES (4213, 'RyzhkovaOA', 'Рыжкова', 'Ольга', 'Алексеевна', null, null, null);
INSERT INTO esrd.users (id, name, lastname, firstname, patronym, email, phone, position) VALUES (4214, 'BashkankovAP', 'Башканков', 'Александр', 'Павлович', null, null, null);
INSERT INTO esrd.users (id, name, lastname, firstname, patronym, email, phone, position) VALUES (4215, 'AkimovaEN', 'Акимова', 'Елена', 'Николаевна', null, null, null);
INSERT INTO esrd.users (id, name, lastname, firstname, patronym, email, phone, position) VALUES (4216, 'KHodenkovaNN', 'Ходенкова', 'Наталья', 'Николаевна', null, null, null);
INSERT INTO esrd.users (id, name, lastname, firstname, patronym, email, phone, position) VALUES (4217, 'MorevaMO', 'Морева', 'Мария', 'Олеговна', null, null, null);
INSERT INTO esrd.users (id, name, lastname, firstname, patronym, email, phone, position) VALUES (4218, 'ErmakovaVN', 'Ермакова', 'Вера', 'Николаевна', null, null, null);
INSERT INTO esrd.users (id, name, lastname, firstname, patronym, email, phone, position) VALUES (4219, 'OleynikNA', 'Олейник', 'Наталья', 'Александровна', null, null, null);
INSERT INTO esrd.users (id, name, lastname, firstname, patronym, email, phone, position) VALUES (4220, 'DavidovaII', 'Давыдова', 'Ирина', 'Игоревна', null, null, null);
INSERT INTO esrd.users (id, name, lastname, firstname, patronym, email, phone, position) VALUES (4221, 'PuzirevaEO', 'Пузырева', 'Елена', 'Олеговна', null, null, null);
INSERT INTO esrd.users (id, name, lastname, firstname, patronym, email, phone, position) VALUES (4222, 'mr430', 'Meeting', 'Room', '430', null, null, null);
INSERT INTO esrd.users (id, name, lastname, firstname, patronym, email, phone, position) VALUES (4223, 'EMaksimova', 'Максимова', 'Елена', 'Александровна', null, null, null);
INSERT INTO esrd.users (id, name, lastname, firstname, patronym, email, phone, position) VALUES (4224, 'NPotrivaeva', 'Потриваева', 'Наталья', 'Анатольевна', null, '957-9732', null);
INSERT INTO esrd.users (id, name, lastname, firstname, patronym, email, phone, position) VALUES (4225, 'OKoposova', 'Копосова', 'Ольга', 'Рафаэлевна', null, null, null);
INSERT INTO esrd.users (id, name, lastname, firstname, patronym, email, phone, position) VALUES (4226, 'APopkova', 'Попкова', 'Алина', 'Михайловна', null, null, null);
INSERT INTO esrd.users (id, name, lastname, firstname, patronym, email, phone, position) VALUES (4227, 'IKatarzhuk', 'Катаржук', 'Ирина', 'Александровна', null, null, null);
INSERT INTO esrd.users (id, name, lastname, firstname, patronym, email, phone, position) VALUES (4228, 'ZakharovPV', 'Захаров', 'Павел', 'Вячеславович', null, null, null);
INSERT INTO esrd.users (id, name, lastname, firstname, patronym, email, phone, position) VALUES (4229, 'LeskinAN', 'Лескин', 'Александр', 'Николаевич', null, null, null);
INSERT INTO esrd.users (id, name, lastname, firstname, patronym, email, phone, position) VALUES (4230, 'LutovinovDA', 'Лутовинов', 'Дмитрий', 'Александрович', null, null, null);
INSERT INTO esrd.users (id, name, lastname, firstname, patronym, email, phone, position) VALUES (4231, 'MedvedevAN', 'Медведев', 'Андрей', 'Николаевич', null, null, null);
INSERT INTO esrd.users (id, name, lastname, firstname, patronym, email, phone, position) VALUES (4232, 'GlukhikhOV', 'Глухих', 'Ольга', 'Владимировна', null, null, null);
INSERT INTO esrd.users (id, name, lastname, firstname, patronym, email, phone, position) VALUES (4233, 'NaperovaLI', 'Наперова', 'Людмила', 'Ивановна', null, null, null);
INSERT INTO esrd.users (id, name, lastname, firstname, patronym, email, phone, position) VALUES (4234, 'StarostinVA', 'Старостин', 'Владислав', 'Анатольевич', null, null, null);
INSERT INTO esrd.users (id, name, lastname, firstname, patronym, email, phone, position) VALUES (4235, 'SolomonovaSI', 'Соломонова', 'Светлана', 'Ивановна', null, null, null);
INSERT INTO esrd.users (id, name, lastname, firstname, patronym, email, phone, position) VALUES (4236, 'KononihinaMS', 'Кононыхина', 'Марина', 'Сергеевна', null, null, null);
INSERT INTO esrd.users (id, name, lastname, firstname, patronym, email, phone, position) VALUES (4237, 'ZhelezanovaOV', 'Железанова', 'Ольга', 'Валентиновна', null, null, null);
INSERT INTO esrd.users (id, name, lastname, firstname, patronym, email, phone, position) VALUES (4238, 'MalcevaLE', 'Мальцева', 'Луиза', 'Эльнаровна', null, null, null);
INSERT INTO esrd.users (id, name, lastname, firstname, patronym, email, phone, position) VALUES (4239, 'MilshinaIN', 'Мильшина', 'Ирина', 'Николаевна', null, null, null);
INSERT INTO esrd.users (id, name, lastname, firstname, patronym, email, phone, position) VALUES (4240, 'VostroilovaMV', 'Востроилова', 'Марина', 'Венальевна', null, null, null);
INSERT INTO esrd.users (id, name, lastname, firstname, patronym, email, phone, position) VALUES (4241, 'HolstininaYN', 'Холстинина', 'Юлия', 'Ивановна', null, null, null);
INSERT INTO esrd.users (id, name, lastname, firstname, patronym, email, phone, position) VALUES (4242, 'GalushkoAA', 'Галушко', 'Андрей', 'Александрович', null, null, null);
INSERT INTO esrd.users (id, name, lastname, firstname, patronym, email, phone, position) VALUES (4243, 'RedinaEA', 'Редина', 'Елена', 'Александровна', null, null, null);
INSERT INTO esrd.users (id, name, lastname, firstname, patronym, email, phone, position) VALUES (4244, 'TikhonovDV', 'Тихонов', 'Денис', 'Владимирович', null, null, null);
INSERT INTO esrd.users (id, name, lastname, firstname, patronym, email, phone, position) VALUES (4245, 'PR-Tikhonova', 'Приемная', 'Тихонова', 'Д.В.', null, null, null);
INSERT INTO esrd.users (id, name, lastname, firstname, patronym, email, phone, position) VALUES (4246, 'MayseenkoEV', 'Майсеенко', 'Екатерина', 'Владимировна', null, null, null);
INSERT INTO esrd.users (id, name, lastname, firstname, patronym, email, phone, position) VALUES (4247, 'DozhaVV', 'Дожа', 'Вадим', 'Вадимович', null, null, null);
INSERT INTO esrd.users (id, name, lastname, firstname, patronym, email, phone, position) VALUES (4248, 'KryuchkovaPV', 'Крючкова', 'Полина', 'Викторовна', null, null, null);
INSERT INTO esrd.users (id, name, lastname, firstname, patronym, email, phone, position) VALUES (4249, 'KnyazevaOA', 'Князева', 'Оксана', 'Алексеевна', null, null, null);
INSERT INTO esrd.users (id, name, lastname, firstname, patronym, email, phone, position) VALUES (4250, 'SorokoletovaSN', 'Сороколетова', 'Светлана', 'Николаевна', null, null, null);
INSERT INTO esrd.users (id, name, lastname, firstname, patronym, email, phone, position) VALUES (4251, 'PutinDV', 'Путин', 'Дмитрий', 'Валерьевич', null, null, null);
INSERT INTO esrd.users (id, name, lastname, firstname, patronym, email, phone, position) VALUES (4252, 'EZoboleva', 'Зоболева', 'Елена', 'Николаевна', null, '957-7187', null);
INSERT INTO esrd.users (id, name, lastname, firstname, patronym, email, phone, position) VALUES (4253, 'OFedulkina', 'Федулкина', 'Ольга', 'Владимировна', null, '957-7188', null);
INSERT INTO esrd.users (id, name, lastname, firstname, patronym, email, phone, position) VALUES (4254, 'TSadovnikova', 'Садовникова', 'Татьяна', 'Владимировна', null, '957-9667', null);
INSERT INTO esrd.users (id, name, lastname, firstname, patronym, email, phone, position) VALUES (4255, 'ENadelyaeva', 'Наделяева', 'Елена', 'Ивановна', null, null, null);
INSERT INTO esrd.users (id, name, lastname, firstname, patronym, email, phone, position) VALUES (4256, 'NChubareva', 'Чубарева', 'Наталья', 'Николаевна', null, null, null);
INSERT INTO esrd.users (id, name, lastname, firstname, patronym, email, phone, position) VALUES (4257, 'MalinovskayaMM', 'Малиновская', 'Мария', 'Михайловна', null, null, null);
INSERT INTO esrd.users (id, name, lastname, firstname, patronym, email, phone, position) VALUES (4258, 'SAnikeeva', 'Аникеева', 'Светлана', 'Юрьевна', null, null, null);
INSERT INTO esrd.users (id, name, lastname, firstname, patronym, email, phone, position) VALUES (4259, 'MosienkovaAM', 'Мосиенкова', 'Анжела', 'Михайловна', null, null, null);
INSERT INTO esrd.users (id, name, lastname, firstname, patronym, email, phone, position) VALUES (4260, 'TopolevskayaED', 'Тополевская', 'Елена', 'Дмитриевна', null, null, null);
INSERT INTO esrd.users (id, name, lastname, firstname, patronym, email, phone, position) VALUES (4261, 'KravchenkoEN', 'Кравченко', 'Елена', 'Нурмухаматовна', null, null, null);
INSERT INTO esrd.users (id, name, lastname, firstname, patronym, email, phone, position) VALUES (4262, 'KlimovaTV', 'Климова', 'Татьяна', 'Владимировна', null, null, null);
INSERT INTO esrd.users (id, name, lastname, firstname, patronym, email, phone, position) VALUES (4263, 'OrlovaIV', 'Орлова', 'Ирина', 'Викторовна', null, null, null);
INSERT INTO esrd.users (id, name, lastname, firstname, patronym, email, phone, position) VALUES (4264, 'SDanilin', 'Данилина', 'Светлана', 'Викторовна', null, '957-7235', null);
INSERT INTO esrd.users (id, name, lastname, firstname, patronym, email, phone, position) VALUES (4265, 'ASokolova', 'Соколова', 'Алла', 'Николаевна', null, '957-7443', null);
INSERT INTO esrd.users (id, name, lastname, firstname, patronym, email, phone, position) VALUES (4266, 'VVolodin', 'Володин', 'Владимир', 'Владимирович', null, null, null);
INSERT INTO esrd.users (id, name, lastname, firstname, patronym, email, phone, position) VALUES (4267, 'EkubovaMA', 'Ёкубова', 'Манзура', 'Аюбовна', null, null, null);
INSERT INTO esrd.users (id, name, lastname, firstname, patronym, email, phone, position) VALUES (4268, 'SolovievAA3', 'Соловьев', 'Александр', 'Анатольевич', null, null, null);
INSERT INTO esrd.users (id, name, lastname, firstname, patronym, email, phone, position) VALUES (4269, 'LidzhievaAD', 'Лиджиева', 'Алиса', 'Дмитриевна', null, null, null);
INSERT INTO esrd.users (id, name, lastname, firstname, patronym, email, phone, position) VALUES (4270, 'ProvkovKS', 'Провков', 'Константин', 'Сергеевич', null, null, null);
INSERT INTO esrd.users (id, name, lastname, firstname, patronym, email, phone, position) VALUES (4271, 'MorozovaIV2', 'Морозова', 'Ирина', 'Владимировна', null, null, null);
INSERT INTO esrd.users (id, name, lastname, firstname, patronym, email, phone, position) VALUES (4272, 'RyzhkovaSV', 'Рыжкова', 'Светлана', 'Викторовна', null, null, null);
INSERT INTO esrd.users (id, name, lastname, firstname, patronym, email, phone, position) VALUES (4273, 'VasilievaAA', 'Васильева', 'Анастастия', 'Андреевна', null, null, null);
INSERT INTO esrd.users (id, name, lastname, firstname, patronym, email, phone, position) VALUES (4274, 'EIonova', 'Ионова', 'Елена', 'Анатольевна', null, null, null);
INSERT INTO esrd.users (id, name, lastname, firstname, patronym, email, phone, position) VALUES (4275, 'LVolodikhina', 'Володихина', 'Лилия', 'Николаевна', null, null, null);
INSERT INTO esrd.users (id, name, lastname, firstname, patronym, email, phone, position) VALUES (4276, 'MarininVN', 'Маринин', 'Владимир', 'Николаевич', null, null, null);
INSERT INTO esrd.users (id, name, lastname, firstname, patronym, email, phone, position) VALUES (4277, 'MokievskayaEV', 'Мокиевская', 'Елена', 'Владимировна', null, null, null);
INSERT INTO esrd.users (id, name, lastname, firstname, patronym, email, phone, position) VALUES (4278, 'LeskinaNV', 'Лескина', 'Нина', 'Васильевна', null, null, null);
INSERT INTO esrd.users (id, name, lastname, firstname, patronym, email, phone, position) VALUES (4279, 'PechurchikVV', 'Печурчик', 'Владимир', 'Владимирович', null, null, null);
INSERT INTO esrd.users (id, name, lastname, firstname, patronym, email, phone, position) VALUES (4280, 'ESiyutkina', 'Сиюткина', 'Елена', 'Федоровна', null, null, null);
INSERT INTO esrd.users (id, name, lastname, firstname, patronym, email, phone, position) VALUES (4281, 'AMitrofanov', 'Митрофанов', 'Алексей', 'Михайлович', null, null, null);
INSERT INTO esrd.users (id, name, lastname, firstname, patronym, email, phone, position) VALUES (4282, 'FrolovaNA', 'Фролова', 'Наталья', 'Александровна', null, null, null);
INSERT INTO esrd.users (id, name, lastname, firstname, patronym, email, phone, position) VALUES (4283, 'ChuvatkinaEV', 'Чуваткина', 'Евгения', 'Викторовна', null, null, null);
INSERT INTO esrd.users (id, name, lastname, firstname, patronym, email, phone, position) VALUES (4284, 'IvantsovaIV', 'Иванцова', 'Ирина', 'Владимировна', null, null, null);
INSERT INTO esrd.users (id, name, lastname, firstname, patronym, email, phone, position) VALUES (4285, 'PavlovYN', 'Павлов', 'Ян', 'Николаевич', null, null, null);
INSERT INTO esrd.users (id, name, lastname, firstname, patronym, email, phone, position) VALUES (4286, 'KorshikovaOE', 'Коршикова', 'Ольга', 'Евгеньевна', null, null, null);
INSERT INTO esrd.users (id, name, lastname, firstname, patronym, email, phone, position) VALUES (4287, 'MartsevRV', 'Марцев', 'Руслан', 'Владимирович', null, null, null);
INSERT INTO esrd.users (id, name, lastname, firstname, patronym, email, phone, position) VALUES (4288, 'PR-Spesivtseva', 'Приемная', 'Спесивцевой', 'Е.Ю.', null, null, null);
INSERT INTO esrd.users (id, name, lastname, firstname, patronym, email, phone, position) VALUES (4289, 'MeshkorudnayaGV', 'Мешкорудная', 'Галина', 'Васильевна', null, null, null);
INSERT INTO esrd.users (id, name, lastname, firstname, patronym, email, phone, position) VALUES (4290, 'SviridovaKS', 'Свиридова', 'Кристина', 'Сергеевна', null, null, null);
INSERT INTO esrd.users (id, name, lastname, firstname, patronym, email, phone, position) VALUES (4291, 'MamonovAA', 'Мамонов', 'Андрей', 'Андреевич', null, null, null);
INSERT INTO esrd.users (id, name, lastname, firstname, patronym, email, phone, position) VALUES (4292, 'RoslavickayaKA', 'Рославицкая', 'Кристина', 'Андреевна', null, null, null);
INSERT INTO esrd.users (id, name, lastname, firstname, patronym, email, phone, position) VALUES (4293, 'SolomatinaIV', 'Соломатина', 'Ирина', 'Владимировна', null, null, null);
INSERT INTO esrd.users (id, name, lastname, firstname, patronym, email, phone, position) VALUES (4294, 'YakovlevVA', 'Яковлев', 'Валентин', 'Алексеевич', null, null, null);
INSERT INTO esrd.users (id, name, lastname, firstname, patronym, email, phone, position) VALUES (4295, 'AkentievaOA', 'Акентьева', 'Олеся', 'Анатольевна', null, null, null);
INSERT INTO esrd.users (id, name, lastname, firstname, patronym, email, phone, position) VALUES (4296, 'IvanovAE', 'Иванов', 'Андрей', 'Евгеньевич', null, null, null);
INSERT INTO esrd.users (id, name, lastname, firstname, patronym, email, phone, position) VALUES (4297, 'ZhiruhinaTS', 'Жирухина', 'Татьяна', 'Сергеевна', null, null, null);
INSERT INTO esrd.users (id, name, lastname, firstname, patronym, email, phone, position) VALUES (4298, 'ChirkovaEA', 'Чиркова', 'Елизавета', 'Андреевна', null, null, null);
INSERT INTO esrd.users (id, name, lastname, firstname, patronym, email, phone, position) VALUES (4299, 'MayorovaMY', 'Майорова', 'Мария', 'Юрьевна', null, null, null);
INSERT INTO esrd.users (id, name, lastname, firstname, patronym, email, phone, position) VALUES (4300, 'GezeyEA', 'Гезей', 'Елена', 'Андреевна', null, null, null);
INSERT INTO esrd.users (id, name, lastname, firstname, patronym, email, phone, position) VALUES (4301, 'AkhapkinaEV', 'Ахапкина', 'Екатерина', 'Владимировна', null, null, null);
INSERT INTO esrd.users (id, name, lastname, firstname, patronym, email, phone, position) VALUES (4302, 'MaturinaYR', 'Матурина', 'Юлия', 'Равильевна', null, null, null);
INSERT INTO esrd.users (id, name, lastname, firstname, patronym, email, phone, position) VALUES (4303, 'KyukeevNG', 'Кюкеев', 'Наран', 'Геннадьевич', null, null, null);
INSERT INTO esrd.users (id, name, lastname, firstname, patronym, email, phone, position) VALUES (4304, 'StarinkovRA', 'Старинков', 'Роман', 'Альбертович', null, null, null);
INSERT INTO esrd.users (id, name, lastname, firstname, patronym, email, phone, position) VALUES (4305, 'DorovskayaAA', 'Доровская', 'Анастасия', 'Александровна', null, null, null);
INSERT INTO esrd.users (id, name, lastname, firstname, patronym, email, phone, position) VALUES (4306, 'ZakharovAA', 'Захаров', 'Александр', 'Александрович', null, null, null);
INSERT INTO esrd.users (id, name, lastname, firstname, patronym, email, phone, position) VALUES (4307, 'ELeonova', 'Леонова', 'Елена', 'Владимировна', null, null, null);
INSERT INTO esrd.users (id, name, lastname, firstname, patronym, email, phone, position) VALUES (4308, 'KorochkinaOB', 'Корочкина', 'Ольга', 'Борисовна', null, null, null);
INSERT INTO esrd.users (id, name, lastname, firstname, patronym, email, phone, position) VALUES (4309, 'ZablodskyGV', 'Заблодский', 'Герман', 'Викторович', null, null, null);
INSERT INTO esrd.users (id, name, lastname, firstname, patronym, email, phone, position) VALUES (4310, 'AndreevaLN2', 'Андреева', 'Людмила', 'Николаевна', null, null, null);
INSERT INTO esrd.users (id, name, lastname, firstname, patronym, email, phone, position) VALUES (4311, 'VdovinaEE', 'Вдовина', 'Елена', 'Евгеньевна', null, null, null);
INSERT INTO esrd.users (id, name, lastname, firstname, patronym, email, phone, position) VALUES (4312, 'MiklushSA', 'Миклуш', 'Сергей', 'Анатольевич', null, null, null);
INSERT INTO esrd.users (id, name, lastname, firstname, patronym, email, phone, position) VALUES (4313, 'SmirnovAV', 'Смирнов', 'Алексей', 'Валерьевич', null, null, null);
INSERT INTO esrd.users (id, name, lastname, firstname, patronym, email, phone, position) VALUES (4314, 'DevakhinaYA', 'Девахина', 'Юлия', 'Александровна', null, null, null);
INSERT INTO esrd.users (id, name, lastname, firstname, patronym, email, phone, position) VALUES (4315, 'ChervyatkinaSA', 'Червяткина', 'Светлана', 'Алексеевна', null, null, null);
INSERT INTO esrd.users (id, name, lastname, firstname, patronym, email, phone, position) VALUES (4316, 'KainovaYS', 'Кайнова', 'Юлия', 'Сергеевна', null, null, null);
INSERT INTO esrd.users (id, name, lastname, firstname, patronym, email, phone, position) VALUES (4317, 'BashirovIR', 'Баширов', 'Имран', 'Расимович', null, null, null);
INSERT INTO esrd.users (id, name, lastname, firstname, patronym, email, phone, position) VALUES (4318, 'ChecherinaTY', 'Чечерина', 'Татьяна', 'Юрьевна', null, null, null);
INSERT INTO esrd.users (id, name, lastname, firstname, patronym, email, phone, position) VALUES (4319, 'ZaytsevaNP', 'Зайцева', 'Наталия', 'Павловна', null, null, null);
INSERT INTO esrd.users (id, name, lastname, firstname, patronym, email, phone, position) VALUES (4320, 'ShchegolevaYI', 'Щеголева', 'Юлия', 'Ивановна', null, null, null);
INSERT INTO esrd.users (id, name, lastname, firstname, patronym, email, phone, position) VALUES (4321, 'SedovaMV', 'Седова', 'Марина', 'Вячеславовна', null, null, null);
INSERT INTO esrd.users (id, name, lastname, firstname, patronym, email, phone, position) VALUES (4322, 'GlebovaNS', 'Глебова', 'Наталья', 'Сергеевна', null, null, null);
INSERT INTO esrd.users (id, name, lastname, firstname, patronym, email, phone, position) VALUES (4323, 'NDenisova', 'Денисова', 'Наталья', 'Валериевна', null, null, null);
INSERT INTO esrd.users (id, name, lastname, firstname, patronym, email, phone, position) VALUES (4324, 'DenisovaAS', 'Денисова', 'Александра', 'Сергеевна', null, null, null);
INSERT INTO esrd.users (id, name, lastname, firstname, patronym, email, phone, position) VALUES (4325, 'ShatilovaMA', 'Шатилова', 'Марина', 'Анатольевна', null, null, null);
INSERT INTO esrd.users (id, name, lastname, firstname, patronym, email, phone, position) VALUES (4326, 'KashmachkovaTN', 'Кашмачкова', 'Татьяна', 'Николаевна', null, null, null);
INSERT INTO esrd.users (id, name, lastname, firstname, patronym, email, phone, position) VALUES (4327, 'KraevaLE', 'Краева', 'Лилия', 'Евгеньевна', null, null, null);
INSERT INTO esrd.users (id, name, lastname, firstname, patronym, email, phone, position) VALUES (4328, 'MityushovaAY', 'Митюшова', 'Анна', 'Юрьевна', null, null, null);
INSERT INTO esrd.users (id, name, lastname, firstname, patronym, email, phone, position) VALUES (4329, 'GladkikhMV', 'Гладких', 'Михаил', 'Викторович', null, null, null);
INSERT INTO esrd.users (id, name, lastname, firstname, patronym, email, phone, position) VALUES (4330, 'SkripitsynaTA', 'Скрипицына', 'Татьяна', 'Александровна', null, null, null);
INSERT INTO esrd.users (id, name, lastname, firstname, patronym, email, phone, position) VALUES (4331, 'ParvanEV', 'Парван', 'Елена', 'Владимировна', null, null, null);
INSERT INTO esrd.users (id, name, lastname, firstname, patronym, email, phone, position) VALUES (4332, 'VlaskinaII', 'Власкина', 'Ирина', 'Игоревна', null, null, null);
INSERT INTO esrd.users (id, name, lastname, firstname, patronym, email, phone, position) VALUES (4333, 'ZarinaAN', 'Зарина', 'Анастасия', 'Николаевна', null, null, null);
INSERT INTO esrd.users (id, name, lastname, firstname, patronym, email, phone, position) VALUES (4334, 'ZhirovaLV', 'Жирова', 'Лариса', 'Викторовна', null, null, null);
INSERT INTO esrd.users (id, name, lastname, firstname, patronym, email, phone, position) VALUES (4335, 'KozhevnikovaVV', 'Кожевникова', 'Виктория', 'Васильевна', null, null, null);
INSERT INTO esrd.users (id, name, lastname, firstname, patronym, email, phone, position) VALUES (4336, 'NosikMV', 'Носик', 'Марина', 'Васильевна', null, null, null);
INSERT INTO esrd.users (id, name, lastname, firstname, patronym, email, phone, position) VALUES (4337, 'ZernaevaAV', 'Зернаева', 'Анастасия', 'Владимировна', null, null, null);
INSERT INTO esrd.users (id, name, lastname, firstname, patronym, email, phone, position) VALUES (4338, 'UshakovaMV', 'Ушакова', 'Марина', 'Владимировна', null, null, null);
INSERT INTO esrd.users (id, name, lastname, firstname, patronym, email, phone, position) VALUES (4339, 'VKhmelnitsky', 'Хмельницкий', 'Виктор', 'Эдуардович', null, null, null);
INSERT INTO esrd.users (id, name, lastname, firstname, patronym, email, phone, position) VALUES (4340, 'DzhiadzeDZ', 'Джиадзе', 'Давид', 'Зурабович', null, null, null);
INSERT INTO esrd.users (id, name, lastname, firstname, patronym, email, phone, position) VALUES (4341, 'KolpakovTA', 'Колпаков', 'Тимофей', 'Алексеевич', null, null, null);
INSERT INTO esrd.users (id, name, lastname, firstname, patronym, email, phone, position) VALUES (4342, 'KondratskayaKS', 'Кондрацкая', 'Ксения', 'Сергеевна', null, null, null);
INSERT INTO esrd.users (id, name, lastname, firstname, patronym, email, phone, position) VALUES (4343, 'AntoshkinSA', 'Антошкин', 'Сергей', 'Александрович', null, null, null);
INSERT INTO esrd.users (id, name, lastname, firstname, patronym, email, phone, position) VALUES (4344, 'BatunovaAV', 'Батунова', 'Анастасия', 'Владимировна', null, null, null);
INSERT INTO esrd.users (id, name, lastname, firstname, patronym, email, phone, position) VALUES (4345, 'Ter-StepanovVV', 'Тер-Степанов', 'Валентин', 'Валентинович', null, null, null);
INSERT INTO esrd.users (id, name, lastname, firstname, patronym, email, phone, position) VALUES (4346, 'SolovyovAA', 'Соловьев', 'Андрей', 'Александрович', null, null, null);
INSERT INTO esrd.users (id, name, lastname, firstname, patronym, email, phone, position) VALUES (4347, 'AvdeevaEA', 'Авдеева', 'Елена', 'Анатольевна', null, null, null);
INSERT INTO esrd.users (id, name, lastname, firstname, patronym, email, phone, position) VALUES (4348, 'NarhovMY', 'Нархов', 'Михаил', 'Юрьевич', null, null, null);
INSERT INTO esrd.users (id, name, lastname, firstname, patronym, email, phone, position) VALUES (4349, 'DerevyankinaAV', 'Деревянкина', 'Анастасия', 'Викторовна', null, null, null);
INSERT INTO esrd.users (id, name, lastname, firstname, patronym, email, phone, position) VALUES (4350, 'VarlashinaTA', 'Варлашина', 'Татьяна', 'Андреевна', null, null, null);
INSERT INTO esrd.users (id, name, lastname, firstname, patronym, email, phone, position) VALUES (4351, 'ChumakovaIV', 'Чумакова', 'Ирина', 'Вадимовна', null, null, null);
INSERT INTO esrd.users (id, name, lastname, firstname, patronym, email, phone, position) VALUES (4352, 'DubrovskiMV', 'Дубровский', 'Михаил', 'Витальевич', null, null, null);
INSERT INTO esrd.users (id, name, lastname, firstname, patronym, email, phone, position) VALUES (4353, 'PonomarevaSA', 'Пономарева', 'Светлана', 'Александровна', null, null, null);
INSERT INTO esrd.users (id, name, lastname, firstname, patronym, email, phone, position) VALUES (4354, 'YudinaPA', 'Юдина', 'Полина', 'Александровна', null, null, null);
INSERT INTO esrd.users (id, name, lastname, firstname, patronym, email, phone, position) VALUES (4355, 'GovorovaNV', 'Говорова', 'Наталья', 'Викторовна', null, null, null);
INSERT INTO esrd.users (id, name, lastname, firstname, patronym, email, phone, position) VALUES (4356, 'RybakSO', 'Рыбак', 'Сергей', 'Олегович', null, null, null);
INSERT INTO esrd.users (id, name, lastname, firstname, patronym, email, phone, position) VALUES (4357, 'GorbunovaIO', 'Горбунова', 'Ирина', 'Олеговна', null, null, null);
INSERT INTO esrd.users (id, name, lastname, firstname, patronym, email, phone, position) VALUES (4358, 'YSharychenko', 'Шарыченко', 'Юлия', 'Юрьевна', null, '957-7409', null);
INSERT INTO esrd.users (id, name, lastname, firstname, patronym, email, phone, position) VALUES (4359, 'RuseevaLM', 'Русеева', 'Лариса', 'Михайловна', null, null, null);
INSERT INTO esrd.users (id, name, lastname, firstname, patronym, email, phone, position) VALUES (4360, 'StepanovaTS', 'Степанова', 'Татьяна', 'Сергеевна', null, null, null);
INSERT INTO esrd.users (id, name, lastname, firstname, patronym, email, phone, position) VALUES (4361, 'SkvorchevskayaNY', 'Скворчевская', 'Надежда', 'Юрьевна', null, null, null);
INSERT INTO esrd.users (id, name, lastname, firstname, patronym, email, phone, position) VALUES (4362, 'SivkovaMA', 'Сивкова', 'Марина', 'Анатольевна', null, null, null);
INSERT INTO esrd.users (id, name, lastname, firstname, patronym, email, phone, position) VALUES (4363, 'LoshkarevaEB', 'Лошкарева', 'Елена', 'Борисовна', null, null, null);
INSERT INTO esrd.users (id, name, lastname, firstname, patronym, email, phone, position) VALUES (4364, 'AJastrebov', 'Ястребов', 'Александр', 'Александрович', null, null, null);
INSERT INTO esrd.users (id, name, lastname, firstname, patronym, email, phone, position) VALUES (4365, 'ChernovolOV', 'Черновол', 'Ольга', 'Владимировна', null, null, null);
INSERT INTO esrd.users (id, name, lastname, firstname, patronym, email, phone, position) VALUES (4366, 'MiheevaLV', 'Михеева', 'Людмила', 'Васильевна', null, null, null);
INSERT INTO esrd.users (id, name, lastname, firstname, patronym, email, phone, position) VALUES (4367, 'AbdyukovaAR', 'Абдюкова', 'Анжела', 'Рафаэлевна', null, null, null);
INSERT INTO esrd.users (id, name, lastname, firstname, patronym, email, phone, position) VALUES (4368, 'GurievaII', 'Гурьева', 'Инна', 'Игоревна', null, null, null);
INSERT INTO esrd.users (id, name, lastname, firstname, patronym, email, phone, position) VALUES (4369, 'RoslyaevaVV', 'Росляева', 'Валерия', 'Владимировна', null, null, null);
INSERT INTO esrd.users (id, name, lastname, firstname, patronym, email, phone, position) VALUES (4370, 'RasskazovMA', 'Рассказов', 'Максим', 'Александрович', null, null, null);
INSERT INTO esrd.users (id, name, lastname, firstname, patronym, email, phone, position) VALUES (4371, 'KarkotskayaAY', 'Каркоцкая', 'Анастасия', 'Юрьевна', null, null, null);
INSERT INTO esrd.users (id, name, lastname, firstname, patronym, email, phone, position) VALUES (4372, 'SaltykovaAV', 'Салтыкова', 'Анна', 'Валентиновна', null, null, null);

INSERT INTO esrd.role (id, name) VALUES (3000, 'ADMIN');
INSERT INTO esrd.role (id, name) VALUES (3001, 'Отраслевое управление');
INSERT INTO esrd.role (id, name) VALUES (3002, 'Секретарь Правления');
INSERT INTO esrd.role (id, name) VALUES (3006, 'USER');

INSERT INTO esrd.user_roles (user_id, role_id) VALUES (4000, 3000);
INSERT INTO esrd.user_roles (user_id, role_id) VALUES (4001, 3001);
INSERT INTO esrd.user_roles (user_id, role_id) VALUES (4001, 3006);
INSERT INTO esrd.user_roles (user_id, role_id) VALUES (4002, 3002);
INSERT INTO esrd.user_roles (user_id, role_id) VALUES (4002, 3006);
INSERT INTO esrd.user_roles (user_id, role_id) VALUES (4084, 3002);
INSERT INTO esrd.user_roles (user_id, role_id) VALUES (4084, 3006);

INSERT INTO esrd.doc_number_prefixes (id, name) VALUES (23, 'ДПР-П');
INSERT INTO esrd.doc_number_prefixes (id, name) VALUES (24, 'ДПР-ПP');
INSERT INTO esrd.doc_number_prefixes (id, name) VALUES (25, 'ДПР-ПPО');

INSERT INTO esrd.doctype (id, name, role_id, tmp_template_filename, template_filename, doc_number_prefix_id)
VALUES (1, 'Повестка заседания Правления', 3001, 'zapiska.docx', 'povestka.docx', 23);
INSERT INTO esrd.doctype (id, name, role_id, doc_number_prefix_id) VALUES (2, 'Приказ', 3001, 24);
INSERT INTO esrd.doctype (id, name, role_id, doc_number_prefix_id) VALUES (3, 'Протокол', 3001, 25);

INSERT INTO esrd.catalog (id, parent_catalog_id, name, catalogtype_id) VALUES (1001, null, 'Предмет вопроса', 0);
INSERT INTO esrd.catalog (id, parent_catalog_id, name, catalogtype_id) VALUES (1002, 1001, 'Вопрос', 0);
INSERT INTO esrd.catalog (id, parent_catalog_id, name, catalogtype_id) VALUES (1003, 1001, 'Сфера деятельности', 0);
INSERT INTO esrd.catalog (id, parent_catalog_id, name, catalogtype_id) VALUES (1004, 1003, 'Вид тариф', 0);
INSERT INTO esrd.catalog (id, parent_catalog_id, name, catalogtype_id) VALUES (1005, 1004, 'Подключаемая система при технологическом присоединении', 0);
INSERT INTO esrd.catalog (id, parent_catalog_id, name, catalogtype_id) VALUES (1006, null, 'Организация', 0);
INSERT INTO esrd.catalog (id, parent_catalog_id, name, catalogtype_id) VALUES (1007, null, 'Ответственный', 0);
INSERT INTO esrd.catalog (id, parent_catalog_id, name, catalogtype_id) VALUES (1008, 1001, 'Номер приказа', 0);

INSERT INTO esrd.catalogelem (id, value_int, value_str, catalog_id, parent_catalogelem_id) VALUES (2001, null, 'ООО "ТОМА"', 1006, null);
INSERT INTO esrd.catalogelem (id, value_int, value_str, catalog_id, parent_catalogelem_id) VALUES (2002, null, 'ООО "ТЕСТ-1"', 1006, null);
INSERT INTO esrd.catalogelem (id, value_int, value_str, catalog_id, parent_catalogelem_id) VALUES (2003, null, 'ООО "ТЕСТ-2', 1006, null);
INSERT INTO esrd.catalogelem (id, value_int, value_str, catalog_id, parent_catalogelem_id) VALUES (2004, null, 'Соколов И.В., тел. 8 (495) 957-75-00, доб. 55-345', 1007, null);
INSERT INTO esrd.catalogelem (id, value_int, value_str, catalog_id, parent_catalogelem_id) VALUES (2005, null, 'Петров А.А., тел. 8 (495) 957-75-00, доб. 44-345', 1007, null);
INSERT INTO esrd.catalogelem (id, value_int, value_str, catalog_id, parent_catalogelem_id) VALUES (2006, null, 'Сидоров П.А., тел. 8 (495) 957-75-00, доб. 44-245', 1007, null);
INSERT INTO esrd.catalogelem (id, value_int, value_str, catalog_id, parent_catalogelem_id) VALUES (2007, null, 'Регулирование цен (тарифов)', 1001, null);
INSERT INTO esrd.catalogelem (id, value_int, value_str, catalog_id, parent_catalogelem_id) VALUES (2008, null, 'Изменение, отменена правовых актов', 1001, null);
INSERT INTO esrd.catalogelem (id, value_int, value_str, catalog_id, parent_catalogelem_id) VALUES (2009, null, 'Утверждение инвестиционных программ', 1001, null);
INSERT INTO esrd.catalogelem (id, value_int, value_str, catalog_id, parent_catalogelem_id) VALUES (2010, null, 'Иные вопросы', 1001, null);
INSERT INTO esrd.catalogelem (id, value_int, value_str, catalog_id, parent_catalogelem_id) VALUES (2011, null, 'Об установлении', 1002, 2007);
INSERT INTO esrd.catalogelem (id, value_int, value_str, catalog_id, parent_catalogelem_id) VALUES (2012, null, 'Об утверждении', 1002, 2007);
INSERT INTO esrd.catalogelem (id, value_int, value_str, catalog_id, parent_catalogelem_id) VALUES (2013, null, 'О корректировке', 1002, 2007);
INSERT INTO esrd.catalogelem (id, value_int, value_str, catalog_id, parent_catalogelem_id) VALUES (2014, null, 'Об отсутствии оснований для установления ', 1002, 2007);
INSERT INTO esrd.catalogelem (id, value_int, value_str, catalog_id, parent_catalogelem_id) VALUES (2015, null, 'Об отсутствии оснований для корректировки', 1002, 2007);
INSERT INTO esrd.catalogelem (id, value_int, value_str, catalog_id, parent_catalogelem_id) VALUES (2016, null, 'О прекращении рассмотрения дела об установлении', 1002, 2007);
INSERT INTO esrd.catalogelem (id, value_int, value_str, catalog_id, parent_catalogelem_id) VALUES (2017, null, 'О прекращении рассмотрения дела о корректировке', 1002, 2007);
INSERT INTO esrd.catalogelem (id, value_int, value_str, catalog_id, parent_catalogelem_id) VALUES (2018, null, 'Об отсутствии оснований для утверждения', 1002, 2007);
INSERT INTO esrd.catalogelem (id, value_int, value_str, catalog_id, parent_catalogelem_id) VALUES (2019, null, 'О внесении изменений в приказ Департамента экономической политики и развития города Москвы', 1002, 2008);
INSERT INTO esrd.catalogelem (id, value_int, value_str, catalog_id, parent_catalogelem_id) VALUES (2020, null, 'О признании утратившим силу приказа Департамента экономической политики и развития города Москвы', 1002, 2008);
INSERT INTO esrd.catalogelem (id, value_int, value_str, catalog_id, parent_catalogelem_id) VALUES (2021, null, 'О признании утратившим силу правового акта', 1002, 2008);
INSERT INTO esrd.catalogelem (id, value_int, value_str, catalog_id, parent_catalogelem_id) VALUES (2022, null, 'О соответствии организаций критериям отнесения владельцев объектов электросетевого хозяйства к территориальным сетевым организациям', 1002, 2008);
INSERT INTO esrd.catalogelem (id, value_int, value_str, catalog_id, parent_catalogelem_id) VALUES (2023, null, 'Об утверждении', 1002, 2009);
INSERT INTO esrd.catalogelem (id, value_int, value_str, catalog_id, parent_catalogelem_id) VALUES (2024, null, 'Об отсутствии оснований для утверждения', 1002, 2009);
INSERT INTO esrd.catalogelem (id, value_int, value_str, catalog_id, parent_catalogelem_id) VALUES (2025, null, 'Электроэнергетика', 1003, 2007);
INSERT INTO esrd.catalogelem (id, value_int, value_str, catalog_id, parent_catalogelem_id) VALUES (2026, null, 'Теплоснабжение', 1003, 2007);
INSERT INTO esrd.catalogelem (id, value_int, value_str, catalog_id, parent_catalogelem_id) VALUES (2027, null, 'Холодное водоснабжение, водоотведение', 1003, 2007);
INSERT INTO esrd.catalogelem (id, value_int, value_str, catalog_id, parent_catalogelem_id) VALUES (2028, null, 'Горячее водоснабжение', 1003, 2007);
INSERT INTO esrd.catalogelem (id, value_int, value_str, catalog_id, parent_catalogelem_id) VALUES (2029, null, 'Газоснабжение, топливо', 1003, 2007);
INSERT INTO esrd.catalogelem (id, value_int, value_str, catalog_id, parent_catalogelem_id) VALUES (2030, null, 'ТКО', 1003, 2007);
INSERT INTO esrd.catalogelem (id, value_int, value_str, catalog_id, parent_catalogelem_id) VALUES (2031, null, 'Транспорт', 1003, 2007);
INSERT INTO esrd.catalogelem (id, value_int, value_str, catalog_id, parent_catalogelem_id) VALUES (2032, null, 'Инвестиционные программы', 1003, 2007);
INSERT INTO esrd.catalogelem (id, value_int, value_str, catalog_id, parent_catalogelem_id) VALUES (2033, null, 'Иные вопросы', 1003, 2007);
INSERT INTO esrd.catalogelem (id, value_int, value_str, catalog_id, parent_catalogelem_id) VALUES (2114, null, 'централизованная система водоснабжения', 1005, null);
INSERT INTO esrd.catalogelem (id, value_int, value_str, catalog_id, parent_catalogelem_id) VALUES (2115, null, 'централизованная система холодного водоснабжения', 1005, null);
INSERT INTO esrd.catalogelem (id, value_int, value_str, catalog_id, parent_catalogelem_id) VALUES (2116, null, 'централизованная система горячего водоснабжения', 1005, null);
INSERT INTO esrd.catalogelem (id, value_int, value_str, catalog_id, parent_catalogelem_id) VALUES (2117, null, 'централизованная система водоотведения', 1005, null);
INSERT INTO esrd.catalogelem (id, value_int, value_str, catalog_id, parent_catalogelem_id) VALUES (2118, null, 'горячего водоснабжения', 1005, null);
INSERT INTO esrd.catalogelem (id, value_int, value_str, catalog_id, parent_catalogelem_id) VALUES (2119, null, 'система теплоснабжения', 1005, null);
INSERT INTO esrd.catalogelem (id, value_int, value_str, catalog_id, parent_catalogelem_id) VALUES (2120, null, 'электрические сети', 1005, null);
INSERT INTO esrd.catalogelem (id, value_int, value_str, catalog_id, parent_catalogelem_id) VALUES (2121, null, 'газораспределительные сети', 1005, null);
INSERT INTO esrd.catalogelem (id, value_int, value_str, catalog_id, parent_catalogelem_id) VALUES (2122, null, 'от 29 ноября 2016 года № 215-ТР ', 1008, 2008);
INSERT INTO esrd.catalogelem (id, value_int, value_str, catalog_id, parent_catalogelem_id) VALUES (2123, null, 'от 2 декабря 2016 года № 254-ТР ', 1008, 2008);
INSERT INTO esrd.catalogelem (id, value_int, value_str, catalog_id, parent_catalogelem_id) VALUES (2124, null, 'от 2 декабря 2016 года № 258-ТР ', 1008, 2008);
INSERT INTO esrd.catalogelem (id, value_int, value_str, catalog_id, parent_catalogelem_id) VALUES (2125, null, 'от 2 декабря 2016 года № 259-ТР', 1008, 2008);
INSERT INTO esrd.catalogelem (id, value_int, value_str, catalog_id, parent_catalogelem_id) VALUES (2126, null, 'от 9 декабря 2016 года № 330-ТР ', 1008, 2008);
INSERT INTO esrd.catalogelem (id, value_int, value_str, catalog_id, parent_catalogelem_id) VALUES (2127, null, 'от 9 декабря 2016 года № 331-ТР', 1008, 2008);
INSERT INTO esrd.catalogelem (id, value_int, value_str, catalog_id, parent_catalogelem_id) VALUES (2106, null, 'тарифа на захоронение твердых коммунальных отходов', 1004, 2030);
INSERT INTO esrd.catalogelem (id, value_int, value_str, catalog_id, parent_catalogelem_id) VALUES (2042, null, 'тарифов на транспортировку воды', 1004, 2027);
INSERT INTO esrd.catalogelem (id, value_int, value_str, catalog_id, parent_catalogelem_id) VALUES (2043, null, 'тарифов на подключение (технологическое присоединение) к централизованной системе холодного водоснабжения', 1004, 2027);
INSERT INTO esrd.catalogelem (id, value_int, value_str, catalog_id, parent_catalogelem_id) VALUES (2040, null, 'тарифов на транспортировку воды', 1004, 2027);
INSERT INTO esrd.catalogelem (id, value_int, value_str, catalog_id, parent_catalogelem_id) VALUES (2041, null, 'долгосрочных тарифов на транспортировку воды', 1004, 2027);
INSERT INTO esrd.catalogelem (id, value_int, value_str, catalog_id, parent_catalogelem_id) VALUES (2046, null, 'долгосрочных тарифов на водоотведение', 1004, 2027);
INSERT INTO esrd.catalogelem (id, value_int, value_str, catalog_id, parent_catalogelem_id) VALUES (2047, null, 'тарифов на водоотведение', 1004, 2027);
INSERT INTO esrd.catalogelem (id, value_int, value_str, catalog_id, parent_catalogelem_id) VALUES (2044, null, 'платы за подключение (технологическое присоединение) к централизованной системе холодного водоснабжения в индивидуальном порядке', 1004, 2027);
INSERT INTO esrd.catalogelem (id, value_int, value_str, catalog_id, parent_catalogelem_id) VALUES (2045, null, 'тарифов на водоотведение ', 1004, 2027);
INSERT INTO esrd.catalogelem (id, value_int, value_str, catalog_id, parent_catalogelem_id) VALUES (2034, null, 'тарифов на питьевую воду (питьевое водоснабжение),', 1004, 2027);
INSERT INTO esrd.catalogelem (id, value_int, value_str, catalog_id, parent_catalogelem_id) VALUES (2035, null, 'долгосрочных тарифов на питьевую воду (питьевое водоснабжение)', 1004, 2027);
INSERT INTO esrd.catalogelem (id, value_int, value_str, catalog_id, parent_catalogelem_id) VALUES (2103, null, 'единого тарифа на услугу регионального оператора по обращению с твердыми коммунальными отходами', 1004, 2030);
INSERT INTO esrd.catalogelem (id, value_int, value_str, catalog_id, parent_catalogelem_id) VALUES (2038, null, 'долгосрочных тарифов на техническую воду', 1004, 2027);
INSERT INTO esrd.catalogelem (id, value_int, value_str, catalog_id, parent_catalogelem_id) VALUES (2039, null, 'тарифов на техническую воду', 1004, 2027);
INSERT INTO esrd.catalogelem (id, value_int, value_str, catalog_id, parent_catalogelem_id) VALUES (2036, null, 'тарифов на питьевую воду (питьевое водоснабжение)', 1004, 2027);
INSERT INTO esrd.catalogelem (id, value_int, value_str, catalog_id, parent_catalogelem_id) VALUES (2037, null, 'тарифов на техническую воду', 1004, 2027);
INSERT INTO esrd.catalogelem (id, value_int, value_str, catalog_id, parent_catalogelem_id) VALUES (2105, null, 'тарифа на обезвреживание твердых коммунальных отходов', 1004, 2030);
INSERT INTO esrd.catalogelem (id, value_int, value_str, catalog_id, parent_catalogelem_id) VALUES (2104, null, 'тарифа на обработку твердых коммунальных отходов', 1004, 2030);
INSERT INTO esrd.catalogelem (id, value_int, value_str, catalog_id, parent_catalogelem_id) VALUES (2085, null, 'тарифа на горячую воду (горячее водоснабжение), поставляемую потребителям с использованием закрытой системы горячего водоснабжения', 1004, 2028);
INSERT INTO esrd.catalogelem (id, value_int, value_str, catalog_id, parent_catalogelem_id) VALUES (2112, null, 'инвестиционной программы ', 1004, 2032);
INSERT INTO esrd.catalogelem (id, value_int, value_str, catalog_id, parent_catalogelem_id) VALUES (2113, null, 'корректировки инвестиционной программы', 1004, 2032);
INSERT INTO esrd.catalogelem (id, value_int, value_str, catalog_id, parent_catalogelem_id) VALUES (2111, null, 'экономически обоснованного уровеня тарифа на железнодорожные перевозки пассажиров в пригородном сообщении', 1004, 2031);
INSERT INTO esrd.catalogelem (id, value_int, value_str, catalog_id, parent_catalogelem_id) VALUES (2058, null, 'платы за подключение (технологическое присоединение) к централизованной системе водоотведения в индивидуальном порядке', 1004, 2027);
INSERT INTO esrd.catalogelem (id, value_int, value_str, catalog_id, parent_catalogelem_id) VALUES (2056, null, 'тарифов на транспортировку поверхностных сточных вод', 1004, 2027);
INSERT INTO esrd.catalogelem (id, value_int, value_str, catalog_id, parent_catalogelem_id) VALUES (2057, null, 'тарифов на подключение (технологическое присоединение) к централизованной системе водоотведения', 1004, 2027);
INSERT INTO esrd.catalogelem (id, value_int, value_str, catalog_id, parent_catalogelem_id) VALUES (2050, null, 'тарифов на водоотведение поверхностных сточных вод', 1004, 2027);
INSERT INTO esrd.catalogelem (id, value_int, value_str, catalog_id, parent_catalogelem_id) VALUES (2051, null, 'тарифов на транспортировку сточных вод', 1004, 2027);
INSERT INTO esrd.catalogelem (id, value_int, value_str, catalog_id, parent_catalogelem_id) VALUES (2048, null, 'тарифов на водоотведение поверхностных сточных вод ', 1004, 2027);
INSERT INTO esrd.catalogelem (id, value_int, value_str, catalog_id, parent_catalogelem_id) VALUES (2049, null, 'долгосрочных тарифов на водоотведение поверхностных сточных вод', 1004, 2027);
INSERT INTO esrd.catalogelem (id, value_int, value_str, catalog_id, parent_catalogelem_id) VALUES (2054, null, 'тарифов на транспортировку поверхностных сточных вод', 1004, 2027);
INSERT INTO esrd.catalogelem (id, value_int, value_str, catalog_id, parent_catalogelem_id) VALUES (2055, null, 'долгосрочных тарифов на транспортировку поверхностных сточных вод', 1004, 2027);
INSERT INTO esrd.catalogelem (id, value_int, value_str, catalog_id, parent_catalogelem_id) VALUES (2052, null, 'долгосрочных тарифов на транспортировку сточных вод', 1004, 2027);
INSERT INTO esrd.catalogelem (id, value_int, value_str, catalog_id, parent_catalogelem_id) VALUES (2053, null, 'тарифов на транспортировку сточных вод', 1004, 2027);
INSERT INTO esrd.catalogelem (id, value_int, value_str, catalog_id, parent_catalogelem_id) VALUES (2084, null, 'долгосрочных тарифов на горячую воду (горячее водоснабжение), поставляемую потребителям с использованием закрытой системы горячего водоснабжения', 1004, 2028);
INSERT INTO esrd.catalogelem (id, value_int, value_str, catalog_id, parent_catalogelem_id) VALUES (2107, null, 'тарифов на транспортные услуги, оказываемые на подъездных железнодорожных путях ', 1004, 2031);
INSERT INTO esrd.catalogelem (id, value_int, value_str, catalog_id, parent_catalogelem_id) VALUES (2090, null, 'экономически обоснованных цен на твердое топливо (уголь) для бытовых нужд населения города Москвы, проживающего в домах с печным отоплением', 1004, 2029);
INSERT INTO esrd.catalogelem (id, value_int, value_str, catalog_id, parent_catalogelem_id) VALUES (2091, null, 'платы за технологическое присоединение газоиспользующего оборудования к газораспределительным сетям по индивидуальному проекту', 1004, 2029);
INSERT INTO esrd.catalogelem (id, value_int, value_str, catalog_id, parent_catalogelem_id) VALUES (2101, null, 'формулы платы за технологическое присоединение', 1004, 2025);
INSERT INTO esrd.catalogelem (id, value_int, value_str, catalog_id, parent_catalogelem_id) VALUES (2094, null, 'розничных цен на природный газ, реализуемый населению', 1004, 2029);
INSERT INTO esrd.catalogelem (id, value_int, value_str, catalog_id, parent_catalogelem_id) VALUES (2092, null, 'стандартизированных тарифных ставок, определяющих величину платы за технологическое присоединение газоиспользующего оборудования к газораспределительным сетям', 1004, 2029);
INSERT INTO esrd.catalogelem (id, value_int, value_str, catalog_id, parent_catalogelem_id) VALUES (2093, null, 'размера специальной надбавки к тарифам на услуги по транспортировке газа по газораспределительным сетям, предназначенной для финансирования программ газификации', 1004, 2029);
INSERT INTO esrd.catalogelem (id, value_int, value_str, catalog_id, parent_catalogelem_id) VALUES (2100, null, 'стандартизированных тарифных ставок, определяющих величину платы за технологическое присоединение к электрическим сетям территориальных сетевых организаций', 1004, 2025);
INSERT INTO esrd.catalogelem (id, value_int, value_str, catalog_id, parent_catalogelem_id) VALUES (2102, null, 'ставки за единицу максимальной мощности для определения платы за технологическое присоединение к электрическим сетям на уровне напряжения ниже 35 кВ и мощности менее 8900 кВт', 1004, 2025);
INSERT INTO esrd.catalogelem (id, value_int, value_str, catalog_id, parent_catalogelem_id) VALUES (2087, null, 'долгосрочных тарифов на транспортировку горячей воды', 1004, 2028);
INSERT INTO esrd.catalogelem (id, value_int, value_str, catalog_id, parent_catalogelem_id) VALUES (2099, null, 'платы за технологическое присоединение к электрическим сетям территориальных сетевых организаций для заявителей, подающих заявку на технологическое присоединение энергопринимающих устройств максимальной мощностью, не превышающей 15 кВт включительно (с учетом ранее присоединенных в данной точке присоединения энергопринимающих устройств)', 1004, 2025);
INSERT INTO esrd.catalogelem (id, value_int, value_str, catalog_id, parent_catalogelem_id) VALUES (2088, null, 'тарифов на транспортировку горячей воды', 1004, 2028);
INSERT INTO esrd.catalogelem (id, value_int, value_str, catalog_id, parent_catalogelem_id) VALUES (2089, null, 'тарифов на подключение (технологическое присоединение) к централизованной системе горячего водоснабжения', 1004, 2028);
INSERT INTO esrd.catalogelem (id, value_int, value_str, catalog_id, parent_catalogelem_id) VALUES (2097, null, 'индивидуальных тарифов на услуги по передаче электрической энергии для взаиморасчетов между двумя сетевыми организациями ', 1004, 2025);
INSERT INTO esrd.catalogelem (id, value_int, value_str, catalog_id, parent_catalogelem_id) VALUES (2096, null, 'сбытовых надбавок гарантирующего поставщика электрической энергии', 1004, 2025);
INSERT INTO esrd.catalogelem (id, value_int, value_str, catalog_id, parent_catalogelem_id) VALUES (2086, null, 'тарифов на транспортировку горячей воды', 1004, 2028);
INSERT INTO esrd.catalogelem (id, value_int, value_str, catalog_id, parent_catalogelem_id) VALUES (2095, null, 'цен (тарифов) на электрическую энергию (мощность), поставляемую населению и приравненным к нему категориям потребителей', 1004, 2025);
INSERT INTO esrd.catalogelem (id, value_int, value_str, catalog_id, parent_catalogelem_id) VALUES (2110, null, 'нормативной стоимости перевозки пассажиров', 1004, 2031);
INSERT INTO esrd.catalogelem (id, value_int, value_str, catalog_id, parent_catalogelem_id) VALUES (2098, null, 'единых (котловых) тарифов на услуги по передаче электрической энергии, поставляемой прочим потребителям', 1004, 2025);
INSERT INTO esrd.catalogelem (id, value_int, value_str, catalog_id, parent_catalogelem_id) VALUES (2108, null, 'тарифов на транспортные услуги, оказываемые в аэропорту', 1004, 2031);
INSERT INTO esrd.catalogelem (id, value_int, value_str, catalog_id, parent_catalogelem_id) VALUES (2109, null, 'тарифа на услуги по предоставлению судам причалов ', 1004, 2031);
INSERT INTO esrd.catalogelem (id, value_int, value_str, catalog_id, parent_catalogelem_id) VALUES (2083, null, 'тарифов на горячую воду (горячее водоснабжение), поставляемую потребителям с использованием закрытой системы горячего водоснабжения', 1004, 2028);
INSERT INTO esrd.catalogelem (id, value_int, value_str, catalog_id, parent_catalogelem_id) VALUES (2081, null, 'платы за подключение к системе теплоснабжения', 1004, 2026);
INSERT INTO esrd.catalogelem (id, value_int, value_str, catalog_id, parent_catalogelem_id) VALUES (2074, null, 'тарифов на услуги по передаче тепловой энергии ', 1004, 2026);
INSERT INTO esrd.catalogelem (id, value_int, value_str, catalog_id, parent_catalogelem_id) VALUES (2075, null, 'долгосрочных тарифов на услуги по передаче тепловой энергии ', 1004, 2026);
INSERT INTO esrd.catalogelem (id, value_int, value_str, catalog_id, parent_catalogelem_id) VALUES (2072, null, 'долгосрочных тарифов на теплоноситель', 1004, 2026);
INSERT INTO esrd.catalogelem (id, value_int, value_str, catalog_id, parent_catalogelem_id) VALUES (2073, null, 'тарифов на теплоноситель', 1004, 2026);
INSERT INTO esrd.catalogelem (id, value_int, value_str, catalog_id, parent_catalogelem_id) VALUES (2078, null, 'долгосрочных тарифов на горячую воду в открытых системах теплоснабжения (горячего водоснабжения)', 1004, 2026);
INSERT INTO esrd.catalogelem (id, value_int, value_str, catalog_id, parent_catalogelem_id) VALUES (2079, null, 'тарифов на горячую воду в открытых системах теплоснабжения (горячего водоснабжения)', 1004, 2026);
INSERT INTO esrd.catalogelem (id, value_int, value_str, catalog_id, parent_catalogelem_id) VALUES (2076, null, 'тарифов на услуги по передаче тепловой энергии ', 1004, 2026);
INSERT INTO esrd.catalogelem (id, value_int, value_str, catalog_id, parent_catalogelem_id) VALUES (2077, null, 'тарифов на горячую воду в открытых системах теплоснабжения (горячего водоснабжения)', 1004, 2026);
INSERT INTO esrd.catalogelem (id, value_int, value_str, catalog_id, parent_catalogelem_id) VALUES (2066, null, 'долгосрочных тарифов на тепловую энергию (мощность), поставляемую другим теплоснабжающим организациям ', 1004, 2026);
INSERT INTO esrd.catalogelem (id, value_int, value_str, catalog_id, parent_catalogelem_id) VALUES (2067, null, 'тарифов на тепловую энергию (мощность), поставляемую другим теплоснабжающим организациям ', 1004, 2026);
INSERT INTO esrd.catalogelem (id, value_int, value_str, catalog_id, parent_catalogelem_id) VALUES (2064, null, 'тарифов на тепловую энергию (мощность), поставляемую потребителям ', 1004, 2026);
INSERT INTO esrd.catalogelem (id, value_int, value_str, catalog_id, parent_catalogelem_id) VALUES (2065, null, 'тарифов на тепловую энергию (мощность), поставляемую другим теплоснабжающим организациям ', 1004, 2026);
INSERT INTO esrd.catalogelem (id, value_int, value_str, catalog_id, parent_catalogelem_id) VALUES (2070, null, 'тарифов на тепловую энергию (мощность), поставляемую единой теплоснабжающей организацией теплоснабжающим организациям, приобретающим тепловую энергию с целью компенсации потерь тепловой энергии', 1004, 2026);
INSERT INTO esrd.catalogelem (id, value_int, value_str, catalog_id, parent_catalogelem_id) VALUES (2071, null, 'тарифов на теплоноситель', 1004, 2026);
INSERT INTO esrd.catalogelem (id, value_int, value_str, catalog_id, parent_catalogelem_id) VALUES (2068, null, 'тарифов на тепловую энергию (мощность), поставляемую единой теплоснабжающей организацией теплоснабжающим организациям, приобретающим тепловую энергию с целью компенсации потерь тепловой энергии', 1004, 2026);
INSERT INTO esrd.catalogelem (id, value_int, value_str, catalog_id, parent_catalogelem_id) VALUES (2069, null, 'долгосрочных тарифов на тепловую энергию (мощность), поставляемую единой теплоснабжающей организацией теплоснабжающим организациям, приобретающим тепловую энергию с целью компенсации потерь тепловой энергии', 1004, 2026);
INSERT INTO esrd.catalogelem (id, value_int, value_str, catalog_id, parent_catalogelem_id) VALUES (2059, null, 'тарифов на тепловую энергию (мощность), производимую в режиме комбинированной выработки электрической и тепловой энергии источниками тепловой энергии с установленной генерирующей мощностью производства электрической энергии 25 МВт и более', 1004, 2026);
INSERT INTO esrd.catalogelem (id, value_int, value_str, catalog_id, parent_catalogelem_id) VALUES (2062, null, 'тарифов на тепловую энергию (мощность), поставляемую потребителям ', 1004, 2026);
INSERT INTO esrd.catalogelem (id, value_int, value_str, catalog_id, parent_catalogelem_id) VALUES (2063, null, 'долгосрочных тарифов на тепловую энергию (мощность), поставляемую потребителям ', 1004, 2026);
INSERT INTO esrd.catalogelem (id, value_int, value_str, catalog_id, parent_catalogelem_id) VALUES (2060, null, 'долгосрочных тарифов на тепловую энергию (мощность), производимую в режиме комбинированной выработки электрической и тепловой энергии источниками тепловой энергии с установленной генерирующей мощностью производства электрической энергии 25 МВт и более', 1004, 2026);
INSERT INTO esrd.catalogelem (id, value_int, value_str, catalog_id, parent_catalogelem_id) VALUES (2061, null, 'тарифов на тепловую энергию (мощность), производимую в режиме комбинированной выработки электрической и тепловой энергии источниками тепловой энергии с установленной генерирующей мощностью производства электрической энергии 25 МВт и более', 1004, 2026);
INSERT INTO esrd.catalogelem (id, value_int, value_str, catalog_id, parent_catalogelem_id) VALUES (2082, null, 'платы за подключение к системе теплоснабжения в индивидуальном порядке', 1004, 2026);
INSERT INTO esrd.catalogelem (id, value_int, value_str, catalog_id, parent_catalogelem_id) VALUES (2080, null, 'тарифов за услуги по поддержанию резервной тепловой мощности при отсутствии потребления тепловой энергии для отдельных категорий (групп) социально значимых потребителей', 1004, 2026);

INSERT INTO esrd.field (id, name, fieldtype, position_in_group, max_count, length, catalog_id, tag) VALUES (4, 'Дата заседания', 'DATE', null, null, null, null, 'MeetingDate');
INSERT INTO esrd.field (id, name, fieldtype, position_in_group, max_count, length, catalog_id, tag) VALUES (5, 'Время заседания', 'TIME', null, null, null, null, 'MeetingTime');
INSERT INTO esrd.field (id, name, fieldtype, position_in_group, max_count, length, catalog_id, tag) VALUES (6, 'Номер служебной записки в СЭДО', 'TEXT', null, null, null, null, 'SEDO');
INSERT INTO esrd.field (id, name, fieldtype, position_in_group, max_count, length, catalog_id, tag) VALUES (7, 'Вопросы повестки', 'GROUP_FIELDS', null, 4, null, null, '');
INSERT INTO esrd.field (id, name, fieldtype, position_in_group, max_count, length, catalog_id, tag) VALUES (8, 'Предмет вопроса', 'CATALOG', null, null, null, 1001, '[Questions]Subject');
INSERT INTO esrd.field (id, name, fieldtype, position_in_group, max_count, length, catalog_id, tag) VALUES (9, 'Вопрос', 'CATALOG', null, null, null, 1002, '[Questions]Question');
INSERT INTO esrd.field (id, name, fieldtype, position_in_group, max_count, length, catalog_id, tag) VALUES (10, 'Сфера деятельности', 'CATALOG', null, null, null, 1003, '[Questions]Direction');
INSERT INTO esrd.field (id, name, fieldtype, position_in_group, max_count, length, catalog_id, tag) VALUES (11, 'Реквизиты приказа', 'CATALOG', null, null, null, 1008, '[Questions]OrderNumber');
INSERT INTO esrd.field (id, name, fieldtype, position_in_group, max_count, length, catalog_id, tag) VALUES (12, 'Вид тарифа', 'CATALOG', null, null, null, 1004, '[Questions]TarifView');
INSERT INTO esrd.field (id, name, fieldtype, position_in_group, max_count, length, catalog_id, tag) VALUES (13, 'Прочее', 'TEXT', null, null, null, null, '[Questions]Comments');
INSERT INTO esrd.field (id, name, fieldtype, position_in_group, max_count, length, catalog_id, tag) VALUES (14, 'Организация', 'CATALOG', null, null, null, 1006, '[Questions]Organization');
INSERT INTO esrd.field (id, name, fieldtype, position_in_group, max_count, length, catalog_id, tag) VALUES (15, 'Ответственный', 'CATALOG', null, null, null, 1007, '[Questions]AuthPerson');
INSERT INTO esrd.field (id, name, fieldtype, position_in_group, max_count, length, catalog_id, tag) VALUES (16, 'Дополнительная информация', 'TEXT', null, null, null, null, '[Questions]AdditionalInfo');

INSERT INTO esrd.fields_stages(id, doctype_id, field_id, agree_stage, required, role_id) VALUES (23, 1, 4, 0, true, 3001);
INSERT INTO esrd.fields_stages(id, doctype_id, field_id, agree_stage, required, role_id) VALUES (24, 1, 7, 0, true, 3001);
INSERT INTO esrd.fields_stages(id, doctype_id, field_id, agree_stage, required, role_id) VALUES (25, 1, 8, 0, true, 3001);
INSERT INTO esrd.fields_stages(id, doctype_id, field_id, agree_stage, required, role_id) VALUES (26, 1, 9, 0, false, 3001);
INSERT INTO esrd.fields_stages(id, doctype_id, field_id, agree_stage, required, role_id) VALUES (27, 1, 10, 0, false, 3001);
INSERT INTO esrd.fields_stages(id, doctype_id, field_id, agree_stage, required, role_id) VALUES (28, 1, 11, 0, false, 3001);
INSERT INTO esrd.fields_stages(id, doctype_id, field_id, agree_stage, required, role_id) VALUES (29, 1, 12, 0, false, 3001);
INSERT INTO esrd.fields_stages(id, doctype_id, field_id, agree_stage, required, role_id) VALUES (30, 1, 13, 0, false, 3001);
INSERT INTO esrd.fields_stages(id, doctype_id, field_id, agree_stage, required, role_id) VALUES (31, 1, 14, 0, true, 3001);
INSERT INTO esrd.fields_stages(id, doctype_id, field_id, agree_stage, required, role_id) VALUES (32, 1, 15, 0, true, 3001);
INSERT INTO esrd.fields_stages(id, doctype_id, field_id, agree_stage, required, role_id) VALUES (33, 1, 16, 0, false, 3001);
INSERT INTO esrd.fields_stages(id, doctype_id, field_id, agree_stage, required, role_id) VALUES (34, 1, 6, 1, true, 3001);
INSERT INTO esrd.fields_stages(id, doctype_id, field_id, agree_stage, required, role_id) VALUES (35, 1, 4, 2, true, 3002);
INSERT INTO esrd.fields_stages(id, doctype_id, field_id, agree_stage, required, role_id) VALUES (36, 1, 5, 2, true, 3002);

INSERT INTO esrd.field_child_field(field_id, child_field_id) VALUES (7, 8);
INSERT INTO esrd.field_child_field(field_id, child_field_id) VALUES (7, 9);
INSERT INTO esrd.field_child_field(field_id, child_field_id) VALUES (7, 10);
INSERT INTO esrd.field_child_field(field_id, child_field_id) VALUES (7, 11);
INSERT INTO esrd.field_child_field(field_id, child_field_id) VALUES (7, 12);
INSERT INTO esrd.field_child_field(field_id, child_field_id) VALUES (7, 13);
INSERT INTO esrd.field_child_field(field_id, child_field_id) VALUES (7, 14);
INSERT INTO esrd.field_child_field(field_id, child_field_id) VALUES (7, 15);
INSERT INTO esrd.field_child_field(field_id, child_field_id) VALUES (7, 16);

INSERT INTO esrd.doctype_fields (id, doctype_id, field_id, position) VALUES (17, 1, 4, 1);
INSERT INTO esrd.doctype_fields (id, doctype_id, field_id, position) VALUES (18, 1, 5, 2);
INSERT INTO esrd.doctype_fields (id, doctype_id, field_id, position) VALUES (19, 1, 6, 3);
INSERT INTO esrd.doctype_fields (id, doctype_id, field_id, position) VALUES (20, 1, 7, 4);

INSERT INTO esrd.doctype_routes (id, doctype_id, user_id, agree_stage)VALUES (21, 1, 4001, 1);
INSERT INTO esrd.doctype_routes (id, doctype_id, user_id, agree_stage)VALUES (22, 1, 4002, 2);


