INSERT INTO esrd.department (id, top_level, name) VALUES (500, false, 'Отдел подготовки совещаний');
INSERT INTO esrd.department (id, top_level, name) VALUES (501, false, 'Отдел обработки корреспонденции');
INSERT INTO esrd.department (id, top_level, name) VALUES (502, false, 'Отдел контроля');
INSERT INTO esrd.department (id, top_level, name) VALUES (503, false, 'Пресс-служба Комплекса');
INSERT INTO esrd.department (id, top_level, name) VALUES (504, false, 'Отдел мониторинга доходов бюджета');
INSERT INTO esrd.department (id, top_level, name) VALUES (505, false, 'Отдел сводного бюджетного планирования');
INSERT INTO esrd.department (id, top_level, name) VALUES (506, false, 'Отдел налоговой политики и мобилизации доходов');
INSERT INTO esrd.department (id, top_level, name) VALUES (507, false, 'Отдел администрирования торгового сбора');
INSERT INTO esrd.department (id, top_level, name) VALUES (508, false, 'Отдел методологии  государственных программ');
INSERT INTO esrd.department (id, top_level, name) VALUES (509, false, 'Отдел экономического анализа и прогнозирования');
INSERT INTO esrd.department (id, top_level, name) VALUES (510, false, 'Отдел сводных работ и анализа реализации указов Президента РФ в области социально-экономической политики');
INSERT INTO esrd.department (id, top_level, name) VALUES (511, false, 'Отдел стратегического планирования и анализа реализации Государственных программ');
INSERT INTO esrd.department (id, top_level, name) VALUES (512, false, 'Отдел анализа секторов экономики');
INSERT INTO esrd.department (id, top_level, name) VALUES (513, false, 'Отдел планирования, сопровождения и контроля проектов');
INSERT INTO esrd.department (id, top_level, name) VALUES (514, false, 'Сектор IT');
INSERT INTO esrd.department (id, top_level, name) VALUES (515, false, 'Отдел градостроительной политики');
INSERT INTO esrd.department (id, top_level, name) VALUES (516, false, 'Отдел свода АИП и отраслевых показателей');
INSERT INTO esrd.department (id, top_level, name) VALUES (517, false, 'Отдел строительства объектов социальной сферы');
INSERT INTO esrd.department (id, top_level, name) VALUES (518, false, 'Отдел развития транспорта и дорожно-мостового строительства');
INSERT INTO esrd.department (id, top_level, name) VALUES (519, false, 'Отдел развития инженерии');
INSERT INTO esrd.department (id, top_level, name) VALUES (520, false, 'Отдел жилищного строительства');
INSERT INTO esrd.department (id, top_level, name) VALUES (521, false, 'Отдел экономики образования и культуры');
INSERT INTO esrd.department (id, top_level, name) VALUES (522, false, 'Сектор экономики культуры, общественных и межрегиональных связей');
INSERT INTO esrd.department (id, top_level, name) VALUES (523, false, 'Отдел экономики социальной защиты и прочих отраслей');
INSERT INTO esrd.department (id, top_level, name) VALUES (524, false, 'Отдел развития жилищного хозяйства и содержания территорий города');
INSERT INTO esrd.department (id, top_level, name) VALUES (525, false, 'Отдел охраны окружающей среды и совершенствования системы расчетов за ЖКУ');
INSERT INTO esrd.department (id, top_level, name) VALUES (526, false, 'Планово-экономический отдел');
INSERT INTO esrd.department (id, top_level, name) VALUES (527, false, 'Контрактная служба');
INSERT INTO esrd.department (id, top_level, name) VALUES (528, false, 'Отдел государственного заказа');
INSERT INTO esrd.department (id, top_level, name) VALUES (529, false, 'Отдел государственной службы и кадров');
INSERT INTO esrd.department (id, top_level, name) VALUES (530, false, 'Отдел входящей и исходящей корреспонденции');
INSERT INTO esrd.department (id, top_level, name) VALUES (531, false, 'Отдел контроля исполнения поручений');
INSERT INTO esrd.department (id, top_level, name) VALUES (532, false, 'Отдел организационно-технического обеспечения');
INSERT INTO esrd.department (id, top_level, name) VALUES (533, false, 'Отдел контроля');
INSERT INTO esrd.department (id, top_level, name) VALUES (534, false, 'Отдел цен и тарифной политики в городском хозяйстве');
INSERT INTO esrd.department (id, top_level, name) VALUES (535, false, 'Отдел экономических нормативов и начальных (максимальных) цен контрактов');
INSERT INTO esrd.department (id, top_level, name) VALUES (536, false, 'Отдел стандартизации государственных закупок');
INSERT INTO esrd.department (id, top_level, name) VALUES (537, false, 'Сектор тарифного регулировния жилищно-коммунальных услуг');
INSERT INTO esrd.department (id, top_level, name) VALUES (538, false, 'Отдел договоров, нормативной работы и судебной практики');
INSERT INTO esrd.department (id, top_level, name) VALUES (539, false, 'Отдел подготовки нормативных актов и применения законодательства в сфере государственного регулирования тарифов');
INSERT INTO esrd.department (id, top_level, name) VALUES (540, false, 'Отдел правовой защиты и досудебного урегулирования споров');
INSERT INTO esrd.department (id, top_level, name) VALUES (541, false, 'Сектор правления');
INSERT INTO esrd.department (id, top_level, name) VALUES (542, false, 'Отдел регулирования тарифов на транспортные услуги для организаций');
INSERT INTO esrd.department (id, top_level, name) VALUES (543, false, 'Отдел регулирования тарифов на транспортные услуги для населения');
INSERT INTO esrd.department (id, top_level, name) VALUES (544, false, 'Отдел экономики транспорта');
INSERT INTO esrd.department (id, top_level, name) VALUES (545, false, 'Отдел топливно-энергетических балансов');
INSERT INTO esrd.department (id, top_level, name) VALUES (546, false, 'Отдел инвестиционной политики');
INSERT INTO esrd.department (id, top_level, name) VALUES (547, false, 'Отдел регулирования тарифов (цен) в сфере электроэнергетики');
INSERT INTO esrd.department (id, top_level, name) VALUES (548, false, 'Отдел регулирования платы за технологическое присоединение к электрическим сетям');
INSERT INTO esrd.department (id, top_level, name) VALUES (549, false, 'Отдел регулирования тарифов (цен) в сфере теплоснабжения');
INSERT INTO esrd.department (id, top_level, name) VALUES (550, false, 'Отдел регулирования тарифов в сфере холодного водоснабжения и водоотведения');
INSERT INTO esrd.department (id, top_level, name) VALUES (551, false, 'Отдел регулирования тарифов в сфере обращения с отходами');
INSERT INTO esrd.department (id, top_level, name) VALUES (552, false, 'Отдел регулирования тарифов на присоединение к сетям ресурсоснабжающих организаций');
INSERT INTO esrd.department (id, top_level, name) VALUES (553, false, 'Сектор сопровождения процессов');
INSERT INTO esrd.department (id, top_level, name) VALUES (554, false, 'Отдел оценки акционерного капитала, финансовых активов и рассмотрения отчетов');
INSERT INTO esrd.department (id, top_level, name) VALUES (555, false, 'Отдел оценки недвижимости');
INSERT INTO esrd.department (id, top_level, name) VALUES (556, false, 'Отдел оценки прав аренды и постановки на баланс');
INSERT INTO esrd.department (id, top_level, name, chief_user_id) VALUES (561, true, 'Управление заместителя Мэра Москвы в Правительстве Москвы по вопросам экономической политики и имущественно-земельных отношений', 4130);
INSERT INTO esrd.department (id, top_level, name, chief_user_id) VALUES (562, true, 'Управление бюджетной и налоговой политики', 4099);
INSERT INTO esrd.department (id, top_level, name) VALUES (563, true, 'Управление сводных экономических показателей');
INSERT INTO esrd.department (id, top_level, name, chief_user_id) VALUES (564, true, 'Управление информатизации и связи', 4035);
INSERT INTO esrd.department (id, top_level, name, chief_user_id) VALUES (565, true, 'Сводное управление бюджетных инвестиций', 4044);
INSERT INTO esrd.department (id, top_level, name, chief_user_id) VALUES (566, true, 'Управление миграционной политики', 4075);
INSERT INTO esrd.department (id, top_level, name, chief_user_id) VALUES (567, true, 'Управление бюджетных инвестиций дорожно-мостового, жилищного строительства и объектов инженерии', 4015);
INSERT INTO esrd.department (id, top_level, name, chief_user_id) VALUES (568, true, 'Управление экономики отраслей социальной сферы', 4252);
INSERT INTO esrd.department (id, top_level, name, chief_user_id) VALUES (569, true, 'Управление экономики жилищного хозяйства', 4071);
INSERT INTO esrd.department (id, top_level, name, chief_user_id) VALUES (570, true, 'Управление бюджетного планирования, бухгалтерского учета и государственного заказа', 4046);
INSERT INTO esrd.department (id, top_level, name, chief_user_id) VALUES (571, true, 'Управление координации деятельности Департамента и государственной гражданской службы', 4279);
INSERT INTO esrd.department (id, top_level, name) VALUES (572, true, 'Административно-хозяйственное управление');
INSERT INTO esrd.department (id, top_level, name, chief_user_id) VALUES (573, true, 'Управление ценовой и тарифной политики', 4022);
INSERT INTO esrd.department (id, top_level, name, chief_user_id) VALUES (574, true, 'Управление стандартизации государственных закупок и тарифного регулирования в сфере ЖКХ', 4184);
INSERT INTO esrd.department (id, top_level, name, chief_user_id) VALUES (575, true, 'Юридическое Управление', 4084);
INSERT INTO esrd.department (id, top_level, name, chief_user_id) VALUES (576, true, 'Первый отдел', 4364);
INSERT INTO esrd.department (id, top_level, name, chief_user_id) VALUES (577, true, 'Второй отдел', 4339);
INSERT INTO esrd.department (id, top_level, name, chief_user_id) VALUES (578, true, 'Управление регулирования тарифов на услуги транспортных организаций', 4141);
INSERT INTO esrd.department (id, top_level, name, chief_user_id) VALUES (579, true, 'Управление топливно-энергетических балансов и инвестиционной политики', 4233);
INSERT INTO esrd.department (id, top_level, name, chief_user_id) VALUES (580, true, 'Управление регулирования тарифов в электроэнергетике', 4116);
INSERT INTO esrd.department (id, top_level, name, chief_user_id) VALUES (581, true, 'Управление ценообразования в теплоснабжении и коммунальной сфере', 4329);
INSERT INTO esrd.department (id, top_level, name, chief_user_id) VALUES (582, true, 'Управление оценки', 4205);
INSERT INTO esrd.department (id, top_level, name) VALUES (583, false, 'Руководство Департамента');
INSERT INTO esrd.department (id, top_level, name) VALUES (584, false, 'Руководитель');
INSERT INTO esrd.department (id, top_level, name, chief_user_id) VALUES (585, true, 'Управление финансового контроля и аудита', 4311);
INSERT INTO esrd.department (id, top_level, name) VALUES (586, false, 'Пресс-служба Департамента');
INSERT INTO esrd.department (id, top_level, name) VALUES (587, false, 'Отдел экономики здравоохранения, физической культуры и спорта');

INSERT INTO esrd.department_child_departments(department_id, child_departments_id) VALUES (561, 500);
INSERT INTO esrd.department_child_departments(department_id, child_departments_id) VALUES (561, 501);
INSERT INTO esrd.department_child_departments(department_id, child_departments_id) VALUES (561, 502);
INSERT INTO esrd.department_child_departments(department_id, child_departments_id) VALUES (561, 503);
INSERT INTO esrd.department_child_departments(department_id, child_departments_id) VALUES (561, 504);
INSERT INTO esrd.department_child_departments(department_id, child_departments_id) VALUES (562, 505);
INSERT INTO esrd.department_child_departments(department_id, child_departments_id) VALUES (562, 506);
INSERT INTO esrd.department_child_departments(department_id, child_departments_id) VALUES (562, 507);
INSERT INTO esrd.department_child_departments(department_id, child_departments_id) VALUES (562, 508);
INSERT INTO esrd.department_child_departments(department_id, child_departments_id) VALUES (562, 509);
INSERT INTO esrd.department_child_departments(department_id, child_departments_id) VALUES (563, 510);
INSERT INTO esrd.department_child_departments(department_id, child_departments_id) VALUES (563, 511);
INSERT INTO esrd.department_child_departments(department_id, child_departments_id) VALUES (563, 512);
INSERT INTO esrd.department_child_departments(department_id, child_departments_id) VALUES (564, 513);
INSERT INTO esrd.department_child_departments(department_id, child_departments_id) VALUES (564, 514);
INSERT INTO esrd.department_child_departments(department_id, child_departments_id) VALUES (565, 515);
INSERT INTO esrd.department_child_departments(department_id, child_departments_id) VALUES (565, 516);
INSERT INTO esrd.department_child_departments(department_id, child_departments_id) VALUES (565, 517);
INSERT INTO esrd.department_child_departments(department_id, child_departments_id) VALUES (567, 518);
INSERT INTO esrd.department_child_departments(department_id, child_departments_id) VALUES (567, 519);
INSERT INTO esrd.department_child_departments(department_id, child_departments_id) VALUES (567, 520);
INSERT INTO esrd.department_child_departments(department_id, child_departments_id) VALUES (568, 521);
INSERT INTO esrd.department_child_departments(department_id, child_departments_id) VALUES (568, 522);
INSERT INTO esrd.department_child_departments(department_id, child_departments_id) VALUES (568, 523);
INSERT INTO esrd.department_child_departments(department_id, child_departments_id) VALUES (569, 524);
INSERT INTO esrd.department_child_departments(department_id, child_departments_id) VALUES (569, 525);
INSERT INTO esrd.department_child_departments(department_id, child_departments_id) VALUES (570, 526);
INSERT INTO esrd.department_child_departments(department_id, child_departments_id) VALUES (570, 527);
INSERT INTO esrd.department_child_departments(department_id, child_departments_id) VALUES (570, 528);
INSERT INTO esrd.department_child_departments(department_id, child_departments_id) VALUES (571, 529);
INSERT INTO esrd.department_child_departments(department_id, child_departments_id) VALUES (571, 530);
INSERT INTO esrd.department_child_departments(department_id, child_departments_id) VALUES (571, 531);
INSERT INTO esrd.department_child_departments(department_id, child_departments_id) VALUES (572, 532);
INSERT INTO esrd.department_child_departments(department_id, child_departments_id) VALUES (585, 533);
INSERT INTO esrd.department_child_departments(department_id, child_departments_id) VALUES (573, 534);
INSERT INTO esrd.department_child_departments(department_id, child_departments_id) VALUES (573, 535);
INSERT INTO esrd.department_child_departments(department_id, child_departments_id) VALUES (574, 536);
INSERT INTO esrd.department_child_departments(department_id, child_departments_id) VALUES (574, 537);
INSERT INTO esrd.department_child_departments(department_id, child_departments_id) VALUES (575, 538);
INSERT INTO esrd.department_child_departments(department_id, child_departments_id) VALUES (575, 539);
INSERT INTO esrd.department_child_departments(department_id, child_departments_id) VALUES (575, 540);
INSERT INTO esrd.department_child_departments(department_id, child_departments_id) VALUES (575, 541);
INSERT INTO esrd.department_child_departments(department_id, child_departments_id) VALUES (578, 542);
INSERT INTO esrd.department_child_departments(department_id, child_departments_id) VALUES (578, 543);
INSERT INTO esrd.department_child_departments(department_id, child_departments_id) VALUES (578, 544);
INSERT INTO esrd.department_child_departments(department_id, child_departments_id) VALUES (579, 545);
INSERT INTO esrd.department_child_departments(department_id, child_departments_id) VALUES (579, 546);
INSERT INTO esrd.department_child_departments(department_id, child_departments_id) VALUES (580, 547);
INSERT INTO esrd.department_child_departments(department_id, child_departments_id) VALUES (580, 548);
INSERT INTO esrd.department_child_departments(department_id, child_departments_id) VALUES (581, 549);
INSERT INTO esrd.department_child_departments(department_id, child_departments_id) VALUES (581, 550);
INSERT INTO esrd.department_child_departments(department_id, child_departments_id) VALUES (581, 551);
INSERT INTO esrd.department_child_departments(department_id, child_departments_id) VALUES (581, 552);
INSERT INTO esrd.department_child_departments(department_id, child_departments_id) VALUES (582, 553);
INSERT INTO esrd.department_child_departments(department_id, child_departments_id) VALUES (582, 554);
INSERT INTO esrd.department_child_departments(department_id, child_departments_id) VALUES (582, 555);
INSERT INTO esrd.department_child_departments(department_id, child_departments_id) VALUES (582, 556);
INSERT INTO esrd.department_child_departments(department_id, child_departments_id) VALUES (571, 586);

INSERT INTO esrd.users (id, name, lastname, firstname, patronym, position, short_position, full_position, dative_fullname, dative_position, email, phone, department_id) VALUES (4000, 'admin', 'Махров', 'Станислав', 'Станиславович', 'Начальник отдела', 'Начальник отдела автоматизации процессов в промышленности', 'Начальник отдела автоматизации процессов в промышленности Департамента экономической политики и развития города Москвы', 'Махрову Станиславу Станислаовичу', 'Начальнику отдела автоматизации процессов в промышленности', 'MakhrovSS1@mos.ru', '15451', null);
INSERT INTO esrd.users (id, name, lastname, firstname, patronym, position, short_position, full_position, dative_fullname, dative_position, email, phone, department_id) VALUES (4001, 'user1', 'Иванов', 'Иван', 'Иванович', 'Главный специалист', null, null, null, null, 'IvanovII@mos.ru', null, null);
INSERT INTO esrd.users (id, name, lastname, firstname, patronym, position, short_position, full_position, dative_fullname, dative_position, email, phone, department_id) VALUES (4002, 'user2', 'Тестов', 'Тест', 'Тестович', 'Начальник Управлени', 'Начальник управления ценообразования в теплоснабжении и коммунальной сфере', 'Начальник управления ценообразования в теплоснабжении и коммунальной сфере Департамента экономической политики и развития города Москвы', 'Тестову Тесту Тестовичу', 'Начальнику управления ценообразования в теплоснабжении и коммунальной сфере Департамента экономической политики и развития города Москвы', 'TestovTT@mos.ru', null, null);
INSERT INTO esrd.users (id, name, lastname, firstname, patronym, position, short_position, full_position, dative_fullname, dative_position, email, phone, department_id) VALUES (4003, 'KKozhin', 'Кожин', 'Константин', 'Сергеевич', null, null, null, null, null, null, '', null);
INSERT INTO esrd.users (id, name, lastname, firstname, patronym, position, short_position, full_position, dative_fullname, dative_position, email, phone, department_id) VALUES (4004, 'NPopova', 'Попова', 'Наталья', 'Леонидовна', 'Консультант', null, null, null, null, 'PopovaNL@mos.ru', '19413', 501);
INSERT INTO esrd.users (id, name, lastname, firstname, patronym, position, short_position, full_position, dative_fullname, dative_position, email, phone, department_id) VALUES (4005, 'SKorotaeva', 'Коротаева', 'Светлана', 'Петровна', 'Зам. начальника Управления', null, null, null, null, 'KorotaevaSP@mos.ru', '17417', 523);
INSERT INTO esrd.users (id, name, lastname, firstname, patronym, position, short_position, full_position, dative_fullname, dative_position, email, phone, department_id) VALUES (4006, 'MPiskare', 'Пискарева', 'Марина', 'Викторовна', 'Советник', null, null, null, null, 'PiskarevaMV@mos.ru', '17414', 516);
INSERT INTO esrd.users (id, name, lastname, firstname, patronym, position, short_position, full_position, dative_fullname, dative_position, email, phone, department_id) VALUES (4007, 'TSomova', 'Сомова', 'Татьяна', 'Ивановна', 'Советник', null, null, null, null, 'SomovaTI@mos.ru', '19410', 565);
INSERT INTO esrd.users (id, name, lastname, firstname, patronym, position, short_position, full_position, dative_fullname, dative_position, email, phone, department_id) VALUES (4008, 'EStepanov', 'Степанова', 'Елена', 'Константиновна', 'Зам. начальника Управления', null, null, null, null, 'StepanovaEK@mos.ru', '17445', 570);
INSERT INTO esrd.users (id, name, lastname, firstname, patronym, position, short_position, full_position, dative_fullname, dative_position, email, phone, department_id) VALUES (4009, 'VPankin', 'Панкин', 'Виктор', 'Алексеевич', null, null, null, null, null, null, null, null);
INSERT INTO esrd.users (id, name, lastname, firstname, patronym, position, short_position, full_position, dative_fullname, dative_position, email, phone, department_id) VALUES (4010, 'SProhoro', 'Прохоров', 'Сергей', 'Александрович', null, null, null, null, null, null, null, null);
INSERT INTO esrd.users (id, name, lastname, firstname, patronym, position, short_position, full_position, dative_fullname, dative_position, email, phone, department_id) VALUES (4011, 'VShirjaev', 'Ширяев', 'Владимир', 'Алексеевич', 'Специалист I категории', null, null, null, null, 'ShiryaevVA@mos.ru', '14371', 532);
INSERT INTO esrd.users (id, name, lastname, firstname, patronym, position, short_position, full_position, dative_fullname, dative_position, email, phone, department_id) VALUES (4012, 'EJakutovich', 'Якутович', 'Евгения', 'Александровна', 'Советник', null, null, null, null, 'YakutovichEA@mos.ru', '17287', 531);
INSERT INTO esrd.users (id, name, lastname, firstname, patronym, position, short_position, full_position, dative_fullname, dative_position, email, phone, department_id) VALUES (4013, 'IMinaev', 'Минаев', 'Илья', 'Ильич', null, null, null, null, null, null, '', null);
INSERT INTO esrd.users (id, name, lastname, firstname, patronym, position, short_position, full_position, dative_fullname, dative_position, email, phone, department_id) VALUES (4014, 'LGrigoreva', 'Григорьева', 'Лина', 'Борисовна', 'Советник', null, null, null, null, 'GrigorievaLB@mos.ru', '19376', 502);
INSERT INTO esrd.users (id, name, lastname, firstname, patronym, position, short_position, full_position, dative_fullname, dative_position, email, phone, department_id) VALUES (4015, 'ESinjako', 'Синякова', 'Екатерина', 'Викторовна', 'Начальник Управления', null, null, null, null, 'SinyakovaEV@mos.ru', '19753', 567);
INSERT INTO esrd.users (id, name, lastname, firstname, patronym, position, short_position, full_position, dative_fullname, dative_position, email, phone, department_id) VALUES (4016, 'MNekrasova', 'Некрасова', 'Мария', 'Александровна', 'Зам. начальника Управления', null, null, null, null, 'NekrasovaMA@mos.ru', '19744', 567);
INSERT INTO esrd.users (id, name, lastname, firstname, patronym, position, short_position, full_position, dative_fullname, dative_position, email, phone, department_id) VALUES (4017, 'EfimovVV', 'Ефимов', 'Владимир', 'Владимирович', 'Заместитель Мэра Москвы в Правительстве Москвы по вопросам экономической политики и имущественно-земельных отношений', null, null, null, null, null, null, 584);
INSERT INTO esrd.users (id, name, lastname, firstname, patronym, position, short_position, full_position, dative_fullname, dative_position, email, phone, department_id) VALUES (4018, 'BukinskayaEV', 'Букинская', 'Елизавета', 'Вадимовна', 'Начальник отдела', null, null, null, null, 'BukinskayaEV@mos.ru', '19723', 519);
INSERT INTO esrd.users (id, name, lastname, firstname, patronym, position, short_position, full_position, dative_fullname, dative_position, email, phone, department_id) VALUES (4019, 'MGavrile', 'Гавриленкова', 'Марина', 'Александровна', 'Зам. начальника Управления', null, null, null, null, 'GavrilenkovaMA@mos.ru', '17223', 573);
INSERT INTO esrd.users (id, name, lastname, firstname, patronym, position, short_position, full_position, dative_fullname, dative_position, email, phone, department_id) VALUES (4020, 'IZimina', 'Зимина', 'Ирина', 'Александровна', 'Советник', null, null, null, null, 'ZiminaIA@mos.ru', '17218', 512);
INSERT INTO esrd.users (id, name, lastname, firstname, patronym, position, short_position, full_position, dative_fullname, dative_position, email, phone, department_id) VALUES (4021, 'MUljanov', 'Ульянова', 'Марина', 'Николаевна', null, null, null, null, null, null, '', null);
INSERT INTO esrd.users (id, name, lastname, firstname, patronym, position, short_position, full_position, dative_fullname, dative_position, email, phone, department_id) VALUES (4022, 'LVapaeva', 'Вапаева', 'Людмила', 'Чарыевна', 'Начальник Управления', null, null, null, null, 'VapaevaLC@mos.ru', '15055', 573);
INSERT INTO esrd.users (id, name, lastname, firstname, patronym, position, short_position, full_position, dative_fullname, dative_position, email, phone, department_id) VALUES (4023, 'ARasnicov', 'Расницов', 'Андрей', 'Михайлович', 'Начальник отдела', null, null, null, null, 'RasnitsovAM@mos.ru', '17413', 513);
INSERT INTO esrd.users (id, name, lastname, firstname, patronym, position, short_position, full_position, dative_fullname, dative_position, email, phone, department_id) VALUES (4024, 'EDMihailova', 'Михайлова', 'Екатерина', 'Дмитриевна', null, null, null, null, null, null, '', null);
INSERT INTO esrd.users (id, name, lastname, firstname, patronym, position, short_position, full_position, dative_fullname, dative_position, email, phone, department_id) VALUES (4025, 'GBessonov', 'Бессонов', 'Геннадий', 'Вячеславович', 'Гл. специалист', null, null, null, null, 'BessonovGV@mos.ru', '17273', 515);
INSERT INTO esrd.users (id, name, lastname, firstname, patronym, position, short_position, full_position, dative_fullname, dative_position, email, phone, department_id) VALUES (4026, 'LRashetina', 'Расчетина', 'Любовь', 'Викторовна', 'Зам. начальника Управления', null, null, null, null, 'RaschetinaLV@mos.ru', '19739', 567);
INSERT INTO esrd.users (id, name, lastname, firstname, patronym, position, short_position, full_position, dative_fullname, dative_position, email, phone, department_id) VALUES (4027, 'NKovalchuk', 'Ковальчук', 'Наталья', 'Юрьевна', 'Зам. начальника отдела', null, null, null, null, 'KovalchukNY@mos.ru', '15572', 517);
INSERT INTO esrd.users (id, name, lastname, firstname, patronym, position, short_position, full_position, dative_fullname, dative_position, email, phone, department_id) VALUES (4028, 'TPanina', 'Панина', 'Татьяна', 'Васильевна', 'Гл. специалист ', null, null, null, null, 'PaninaTV@gaui.mos.ru', '19725', 570);
INSERT INTO esrd.users (id, name, lastname, firstname, patronym, position, short_position, full_position, dative_fullname, dative_position, email, phone, department_id) VALUES (4029, 'YSolodovnikova', 'Солодовникова', 'Юлия', 'Николаевна', 'Советник', null, null, null, null, 'SolodovnikovaYN@mos.ru', '19669', 535);
INSERT INTO esrd.users (id, name, lastname, firstname, patronym, position, short_position, full_position, dative_fullname, dative_position, email, phone, department_id) VALUES (4030, 'VasilevaLA', 'Васильева', 'Любовь', 'Анберовна', null, null, null, null, null, '', null, null);
INSERT INTO esrd.users (id, name, lastname, firstname, patronym, position, short_position, full_position, dative_fullname, dative_position, email, phone, department_id) VALUES (4031, 'AGoryacheva', 'Горячева', 'Александра', 'Владимировна', 'Начальник отдела', null, null, null, null, 'GoryachevaAV@mos.ru', '17451', 520);
INSERT INTO esrd.users (id, name, lastname, firstname, patronym, position, short_position, full_position, dative_fullname, dative_position, email, phone, department_id) VALUES (4032, 'OPankratova', 'Панкратова', 'Ольга', 'Николаевна', 'Начальник отдела', null, null, null, null, 'PankratovaON@mos.ru', '17440', 518);
INSERT INTO esrd.users (id, name, lastname, firstname, patronym, position, short_position, full_position, dative_fullname, dative_position, email, phone, department_id) VALUES (4033, 'SamsonovDY', 'Самсонов', 'Дмитрий', 'Юрьевич', 'Советник Руководителя', null, null, null, null, null, '19445', 583);
INSERT INTO esrd.users (id, name, lastname, firstname, patronym, position, short_position, full_position, dative_fullname, dative_position, email, phone, department_id) VALUES (4034, 'MMjakshev', 'Мякшев', 'Михаил', 'Васильевич', 'Зам. начальника отдела', null, null, null, null, 'MyakshevMV@mos.ru', '17403', 518);
INSERT INTO esrd.users (id, name, lastname, firstname, patronym, position, short_position, full_position, dative_fullname, dative_position, email, phone, department_id) VALUES (4035, 'EPanov', 'Панов', 'Евгений', 'Александрович', 'Начальник Управления', null, null, null, null, 'PanovEA@mos.ru', '19735', 564);
INSERT INTO esrd.users (id, name, lastname, firstname, patronym, position, short_position, full_position, dative_fullname, dative_position, email, phone, department_id) VALUES (4036, 'MKazimirskiy', 'Казимирский', 'Максим', 'Александрович', 'Советник', null, null, null, null, 'KazimirskyMA@mos.ru', '19459', 517);
INSERT INTO esrd.users (id, name, lastname, firstname, patronym, position, short_position, full_position, dative_fullname, dative_position, email, phone, department_id) VALUES (4037, 'KudinovaMV', 'Кудинова', 'Марина', 'Владиславовна', 'Консультант', null, null, null, null, 'KudinovaMV@mos.ru', '19758', 509);
INSERT INTO esrd.users (id, name, lastname, firstname, patronym, position, short_position, full_position, dative_fullname, dative_position, email, phone, department_id) VALUES (4038, 'MPashkova', 'Пашкова', 'Мария', 'Эдуардовна', 'Зам. начальника Управления', null, null, null, null, 'PashkovaME@mos.ru', '19436', 575);
INSERT INTO esrd.users (id, name, lastname, firstname, patronym, position, short_position, full_position, dative_fullname, dative_position, email, phone, department_id) VALUES (4039, 'OCheremisinova', 'Черемисинова', 'Ольга', 'Борисовна', 'Советник', null, null, null, null, 'CheremisinovaOB@mos.ru', '10651', 538);
INSERT INTO esrd.users (id, name, lastname, firstname, patronym, position, short_position, full_position, dative_fullname, dative_position, email, phone, department_id) VALUES (4040, 'AFedkin', 'Федькин', 'Александр', 'Александрович', 'Начальник Управления', null, null, null, null, 'FedkinAA@mos.ru', '19718', 575);
INSERT INTO esrd.users (id, name, lastname, firstname, patronym, position, short_position, full_position, dative_fullname, dative_position, email, phone, department_id) VALUES (4041, 'EBaranova', 'Баранова', 'Елена', 'Николаевна', 'Зам. начальника отдела', null, null, null, null, 'BaranovaEN@mos.ru', '17298', 516);
INSERT INTO esrd.users (id, name, lastname, firstname, patronym, position, short_position, full_position, dative_fullname, dative_position, email, phone, department_id) VALUES (4042, 'ENikolaeva', 'Николаева', 'Елена', 'Викторовна', 'Консультант', null, null, null, null, 'NikolaevaEVi@mos.ru', '19457', 514);
INSERT INTO esrd.users (id, name, lastname, firstname, patronym, position, short_position, full_position, dative_fullname, dative_position, email, phone, department_id) VALUES (4043, 'OMarkova', 'Маркова', 'Ольга', 'Викторовна', 'Зам. начальника отдела', null, null, null, null, 'MarkovaOVi@mos.ru', '17244', 534);
INSERT INTO esrd.users (id, name, lastname, firstname, patronym, position, short_position, full_position, dative_fullname, dative_position, email, phone, department_id) VALUES (4044, 'LChumakova', 'Чумакова', 'Людмила', 'Витальевна', 'Начальник Управления', null, null, null, null, 'ChumakovaLV@mos.ru', '17465', 565);
INSERT INTO esrd.users (id, name, lastname, firstname, patronym, position, short_position, full_position, dative_fullname, dative_position, email, phone, department_id) VALUES (4045, 'SerovaYA', 'Серова', 'Юлия', 'Анатольевна', 'Гл. специалист', null, null, null, null, 'SerovaYA@mos.ru', '19724', 526);
INSERT INTO esrd.users (id, name, lastname, firstname, patronym, position, short_position, full_position, dative_fullname, dative_position, email, phone, department_id) VALUES (4046, 'AAlekseev', 'Алексеев', 'Эдуард', 'Викторович', 'Начальник Управления', 'Начальник Управления бюджетного планирования, бухгалтерского учета и государственного заказа', 'Начальник Управления бюджетного планирования, бухгалтерского учета и государственного заказа Департамента экономической политики и развития города Москвы', 'Алексееву Эдуарду Викторовичу', 'Начальнику Управления бюджетного планирования, бухгалтерского учета и государственного заказа', 'AlekseevEV@mos.ru', '15072', 570);
INSERT INTO esrd.users (id, name, lastname, firstname, patronym, position, short_position, full_position, dative_fullname, dative_position, email, phone, department_id) VALUES (4047, 'ZgonnikovaTA', 'Згонникова', 'Татьяна', 'Анатольевна', 'Начальник отдела', null, null, null, null, 'ZgonnikovaTA@mos.ru', '17444', 526);
INSERT INTO esrd.users (id, name, lastname, firstname, patronym, position, short_position, full_position, dative_fullname, dative_position, email, phone, department_id) VALUES (4048, 'KazakovAA', 'Казаков', 'Александр', 'Александрович', null, null, null, null, null, null, null, null);
INSERT INTO esrd.users (id, name, lastname, firstname, patronym, position, short_position, full_position, dative_fullname, dative_position, email, phone, department_id) VALUES (4049, 'DOsipov', 'Осипов', 'Дмитрий', 'Александрович', 'Начальник отдела', null, null, null, null, 'OsipovDA@mos.ru', '19451', 525);
INSERT INTO esrd.users (id, name, lastname, firstname, patronym, position, short_position, full_position, dative_fullname, dative_position, email, phone, department_id) VALUES (4050, 'VMin', 'Мин', 'Виктория', 'Сергеевна', null, null, null, null, null, null, null, null);
INSERT INTO esrd.users (id, name, lastname, firstname, patronym, position, short_position, full_position, dative_fullname, dative_position, email, phone, department_id) VALUES (4051, 'KuzmichevaLA', 'Кузьмичева', 'Любовь', 'Алексеевна', 'Начальник отдела', null, null, null, null, 'KuzmichevaLA@mos.ru', '17467', 515);
INSERT INTO esrd.users (id, name, lastname, firstname, patronym, position, short_position, full_position, dative_fullname, dative_position, email, phone, department_id) VALUES (4052, 'MMorozova', 'Морозова', 'Мария', 'Юрьевна', 'Гл. специалист', null, null, null, null, 'MorozovaMY@gaui.mos.ru', '17255', 531);
INSERT INTO esrd.users (id, name, lastname, firstname, patronym, position, short_position, full_position, dative_fullname, dative_position, email, phone, department_id) VALUES (4053, 'NYagodkina', 'Ягодкина', 'Наталья', 'Владимировна', 'Советник', null, null, null, null, 'YagodkinaNV@mos.ru', '19456', 530);
INSERT INTO esrd.users (id, name, lastname, firstname, patronym, position, short_position, full_position, dative_fullname, dative_position, email, phone, department_id) VALUES (4054, 'LLevykina', 'Левыкина', 'Лина', 'Павловна', 'Зам. начальника Управления', null, null, null, null, 'LevykinaLP@mos.ru', '17256', 563);
INSERT INTO esrd.users (id, name, lastname, firstname, patronym, position, short_position, full_position, dative_fullname, dative_position, email, phone, department_id) VALUES (4055, 'AShmelev', 'Шмелев', 'Александр', 'Евгеньевич', 'Советник', null, null, null, null, 'ShmelevAE@mos.ru', '17283', 512);
INSERT INTO esrd.users (id, name, lastname, firstname, patronym, position, short_position, full_position, dative_fullname, dative_position, email, phone, department_id) VALUES (4056, 'APopov', 'Попов', 'Александр', 'Станиславович', 'Зам. начальника отдела', null, null, null, null, 'PopovAS1@mos.ru', '17250', 512);
INSERT INTO esrd.users (id, name, lastname, firstname, patronym, position, short_position, full_position, dative_fullname, dative_position, email, phone, department_id) VALUES (4057, 'MZhabina', 'Жабина', 'Маргарита', 'Михайловна', 'Консультант', null, null, null, null, 'ZhabinaMM@mos.ru', '17203', 512);
INSERT INTO esrd.users (id, name, lastname, firstname, patronym, position, short_position, full_position, dative_fullname, dative_position, email, phone, department_id) VALUES (4058, 'MakarovaED', 'Макарова', 'Елена', 'Дмитриевна', 'Консультант', null, null, null, null, 'MakarovaED@mos.ru', '17232', 512);
INSERT INTO esrd.users (id, name, lastname, firstname, patronym, position, short_position, full_position, dative_fullname, dative_position, email, phone, department_id) VALUES (4059, 'EZhavoronkina', 'Жаворонкина', 'Елена', 'Викторовна', 'Консультант', null, null, null, null, 'ZhavoronkinaEV@mos.ru', '17446', 530);
INSERT INTO esrd.users (id, name, lastname, firstname, patronym, position, short_position, full_position, dative_fullname, dative_position, email, phone, department_id) VALUES (4060, 'MErmolaeva', 'Ермолаева', 'Мария', 'Леонтьевна', 'Гл. специалист', null, null, null, null, 'ErmolaevaML@mos.ru', '19751', 531);
INSERT INTO esrd.users (id, name, lastname, firstname, patronym, position, short_position, full_position, dative_fullname, dative_position, email, phone, department_id) VALUES (4061, 'IPolyakova', 'Полякова', 'Ирина', 'Николаевна', 'Советник', null, null, null, null, 'PolyakovaIN@mos.ru', '10460', 501);
INSERT INTO esrd.users (id, name, lastname, firstname, patronym, position, short_position, full_position, dative_fullname, dative_position, email, phone, department_id) VALUES (4062, 'APoljakova', 'Полякова', 'Анна', 'Владимировна', 'Советник', null, null, null, null, 'PolyakovaAV@mos.ru', '19716', 570);
INSERT INTO esrd.users (id, name, lastname, firstname, patronym, position, short_position, full_position, dative_fullname, dative_position, email, phone, department_id) VALUES (4063, 'ZubovSS', 'Зубов', 'Сергей', 'Сергеевич', 'Зам. начальника Управления', null, null, null, null, 'ZubovSS@mos.ru', '19712', 570);
INSERT INTO esrd.users (id, name, lastname, firstname, patronym, position, short_position, full_position, dative_fullname, dative_position, email, phone, department_id) VALUES (4064, 'LVologeva', 'Воложева', 'Лариса', 'Алексеевна', 'Советник', null, null, null, null, 'VolozhevaLA@mos.ru', '17238', 529);
INSERT INTO esrd.users (id, name, lastname, firstname, patronym, position, short_position, full_position, dative_fullname, dative_position, email, phone, department_id) VALUES (4065, 'TKorsako', 'Корсакова', 'Татьяна', 'Юрьевна', 'Зам. начальника Управления', null, null, null, null, 'KorsakovaTY@mos.ru', '18964', 571);
INSERT INTO esrd.users (id, name, lastname, firstname, patronym, position, short_position, full_position, dative_fullname, dative_position, email, phone, department_id) VALUES (4066, 'IStrelni', 'Стрельникова', 'Ирина', 'Ивановна', 'Начальник отдела', null, null, null, null, 'StrelnikovaII@mos.ru', '17447', 529);
INSERT INTO esrd.users (id, name, lastname, firstname, patronym, position, short_position, full_position, dative_fullname, dative_position, email, phone, department_id) VALUES (4067, 'MalyginaMN', 'Малыгина', 'Мария', 'Николаевна', 'Гл. специалист', null, null, null, null, 'MalyginaMN@develop.mos.ru', '17433', 529);
INSERT INTO esrd.users (id, name, lastname, firstname, patronym, position, short_position, full_position, dative_fullname, dative_position, email, phone, department_id) VALUES (4068, 'IBobkova', 'Бобкова', 'Ирина', 'Викторовна', 'Консультант', null, null, null, null, 'BobkovaIV@mos.ru', '17401', 529);
INSERT INTO esrd.users (id, name, lastname, firstname, patronym, position, short_position, full_position, dative_fullname, dative_position, email, phone, department_id) VALUES (4069, 'VFesik', 'Фесик', 'Валерия', 'Игоревна', 'Специалист', null, null, null, null, 'FesikVI@gaui.mos.ru', '19757', 529);
INSERT INTO esrd.users (id, name, lastname, firstname, patronym, position, short_position, full_position, dative_fullname, dative_position, email, phone, department_id) VALUES (4070, 'ksc', 'Kaspersky', 'Security', 'Center', null, null, null, null, null, null, null, null);
INSERT INTO esrd.users (id, name, lastname, firstname, patronym, position, short_position, full_position, dative_fullname, dative_position, email, phone, department_id) VALUES (4071, 'MAnnenkova', 'Анненкова', 'Мария', 'Алексеевна', 'Начальник Управления', null, null, null, null, 'AnnenkovaMA@mos.ru', '19449', 569);
INSERT INTO esrd.users (id, name, lastname, firstname, patronym, position, short_position, full_position, dative_fullname, dative_position, email, phone, department_id) VALUES (4072, 'MKrugalova', 'Кружалова', 'Мария', 'Александровна', 'Начальник отдела', null, null, null, null, 'KruzhalovaMA@mos.ru', '19447', 524);
INSERT INTO esrd.users (id, name, lastname, firstname, patronym, position, short_position, full_position, dative_fullname, dative_position, email, phone, department_id) VALUES (4073, 'ZFyahretdinova', 'Фяхретдинова', 'Зифа', 'Ханвяровна', 'Советник', null, null, null, null, 'FyakhretdinovaZK@mos.ru', '19442', 524);
INSERT INTO esrd.users (id, name, lastname, firstname, patronym, position, short_position, full_position, dative_fullname, dative_position, email, phone, department_id) VALUES (4074, 'EMedvedeva', 'Медведева', 'Екатерина', 'Валентиновна', 'Гл. специалист', null, null, null, null, 'MedvedevaEV2@mos.ru', '19452', 536);
INSERT INTO esrd.users (id, name, lastname, firstname, patronym, position, short_position, full_position, dative_fullname, dative_position, email, phone, department_id) VALUES (4075, 'KugakovEV', 'Кугаков', 'Евгений', 'Вячеславович', 'Начальник Управления', null, null, null, null, 'KugakovEV@mos.ru', '17411', 566);
INSERT INTO esrd.users (id, name, lastname, firstname, patronym, position, short_position, full_position, dative_fullname, dative_position, email, phone, department_id) VALUES (4076, 'ChekanovDA', 'Чеканов', 'Дмитрий', 'Анатольевич', 'Гл. специалист', null, null, null, null, 'ChekanovDA@mos.ru', '19714', 566);
INSERT INTO esrd.users (id, name, lastname, firstname, patronym, position, short_position, full_position, dative_fullname, dative_position, email, phone, department_id) VALUES (4077, 'KlishinaEA', 'Клишина', 'Екатерина', 'Александровна', null, null, null, null, null, null, null, null);
INSERT INTO esrd.users (id, name, lastname, firstname, patronym, position, short_position, full_position, dative_fullname, dative_position, email, phone, department_id) VALUES (4078, 'KochetkovMM', 'Кочетков', 'Михаил', 'Михайлович', 'Гл. специалист', null, null, null, null, 'KochetkovMM@mos.ru', '17257', 566);
INSERT INTO esrd.users (id, name, lastname, firstname, patronym, position, short_position, full_position, dative_fullname, dative_position, email, phone, department_id) VALUES (4079, 'MironovichAO', 'Миронович', 'Алина', 'Олеговна', 'Гл. специалист', null, null, null, null, 'MironovichAO@mos.ru', '19720', 566);
INSERT INTO esrd.users (id, name, lastname, firstname, patronym, position, short_position, full_position, dative_fullname, dative_position, email, phone, department_id) VALUES (4080, 'SergienkoVG', 'Сергиенко', 'Виктор', 'Геннадьевич', null, null, null, null, null, null, null, 566);
INSERT INTO esrd.users (id, name, lastname, firstname, patronym, position, short_position, full_position, dative_fullname, dative_position, email, phone, department_id) VALUES (4081, 'MatveevaAV', 'Матвеева', 'Анна', 'Валерьевна', null, null, null, null, null, null, null, null);
INSERT INTO esrd.users (id, name, lastname, firstname, patronym, position, short_position, full_position, dative_fullname, dative_position, email, phone, department_id) VALUES (4082, 'PelevinaMN', 'Пелевина', 'Мария', 'Николаевна', 'Начальник отдела', null, null, null, null, 'PelevinaMN@mos.ru', '14872', 539);
INSERT INTO esrd.users (id, name, lastname, firstname, patronym, position, short_position, full_position, dative_fullname, dative_position, email, phone, department_id) VALUES (4083, 'EvdokimovaON', 'Евдокимова', 'Ольга', 'Николаевна', 'Консультант', null, null, null, null, 'EvdokimovaON@mos.ru', '19496', 539);
INSERT INTO esrd.users (id, name, lastname, firstname, patronym, position, short_position, full_position, dative_fullname, dative_position, email, phone, department_id) VALUES (4084, 'ShirokovaEY', 'Широкова', 'Елена', 'Юрьевна', 'Зам. начальника Управления', 'Заместитель начальника юридического управления', 'Заместитель начальника юридического управления Департамента экономической политики и развития города Москвы', 'Широковой Елене Юрьевне', 'Заместителю начальника юридического управления', 'ShirokovaEY@mos.ru', '17247', 575);
INSERT INTO esrd.users (id, name, lastname, firstname, patronym, position, short_position, full_position, dative_fullname, dative_position, email, phone, department_id) VALUES (4085, 'TkachukTS', 'Ткачук', 'Тимур', 'Сергеевич', 'Начальник отдела', null, null, null, null, 'TkachukTS@mos.ru', '15037', 540);
INSERT INTO esrd.users (id, name, lastname, firstname, patronym, position, short_position, full_position, dative_fullname, dative_position, email, phone, department_id) VALUES (4086, 'KuzminaSA', 'Кузьмина', 'Светлана', 'Александровна', 'Консультант', null, null, null, null, 'ChekhranovaSA@mos.ru', '19492', 540);
INSERT INTO esrd.users (id, name, lastname, firstname, patronym, position, short_position, full_position, dative_fullname, dative_position, email, phone, department_id) VALUES (4087, 'IMilova', 'Милова', 'Ирина', 'Игоревна', 'Советник', null, null, null, null, 'MilovaII@mos.ru', '17225', 518);
INSERT INTO esrd.users (id, name, lastname, firstname, patronym, position, short_position, full_position, dative_fullname, dative_position, email, phone, department_id) VALUES (4088, 'EAristova', 'Аристова', 'Екатерина', 'Михайловна', 'Консультант', null, null, null, null, 'AristovaEM@mos.ru', '14889', 520);
INSERT INTO esrd.users (id, name, lastname, firstname, patronym, position, short_position, full_position, dative_fullname, dative_position, email, phone, department_id) VALUES (4089, 'AkishevaNY', 'Акишева', 'Наталья', 'Юрьевна', 'Консультант', null, null, null, null, 'AkishevaNY@mos.ru', '17462', 518);
INSERT INTO esrd.users (id, name, lastname, firstname, patronym, position, short_position, full_position, dative_fullname, dative_position, email, phone, department_id) VALUES (4090, 'LychenkovaEN', 'Лыченкова', 'Евгения', 'Николаевна', 'Гл. специалист', null, null, null, null, 'LychenkovaEN@mos.ru', '17455', 519);
INSERT INTO esrd.users (id, name, lastname, firstname, patronym, position, short_position, full_position, dative_fullname, dative_position, email, phone, department_id) VALUES (4091, 'MudrecovaEA', 'Мудрецова', 'Евгения', 'Александровна', 'Гл. специалист', null, null, null, null, 'MudretsovaEA@mos.ru', '17422', null);
INSERT INTO esrd.users (id, name, lastname, firstname, patronym, position, short_position, full_position, dative_fullname, dative_position, email, phone, department_id) VALUES (4092, 'AgapovaEA', 'Агапова', 'Елена', 'Александровна', 'Специалист I категории', null, null, null, null, 'AgapovaEA1@mos.ru', '17497', 524);
INSERT INTO esrd.users (id, name, lastname, firstname, patronym, position, short_position, full_position, dative_fullname, dative_position, email, phone, department_id) VALUES (4093, 'AGrishaev', 'Гришаев', 'Андрей', 'Владимирович', 'Гл. специалист', null, null, null, null, 'GrishaevAV@mos.ru', '17248', 525);
INSERT INTO esrd.users (id, name, lastname, firstname, patronym, position, short_position, full_position, dative_fullname, dative_position, email, phone, department_id) VALUES (4094, 'SilkinaNS', 'Силкина', 'Наталья', 'Сергеевна', 'Зам. начальника Управления', null, null, null, null, 'SilkinaNS@mos.ru', '17240', 569);
INSERT INTO esrd.users (id, name, lastname, firstname, patronym, position, short_position, full_position, dative_fullname, dative_position, email, phone, department_id) VALUES (4095, 'ODidenko', 'Диденко', 'Ольга', 'Владимировна', null, null, null, null, null, null, null, null);
INSERT INTO esrd.users (id, name, lastname, firstname, patronym, position, short_position, full_position, dative_fullname, dative_position, email, phone, department_id) VALUES (4096, 'ZhegalinaLI', 'Жегалина', 'Людмила', 'Ивановна', 'Зам. начальника отдела', null, null, null, null, 'ZhegalinaLI@mos.ru', '17252', 550);
INSERT INTO esrd.users (id, name, lastname, firstname, patronym, position, short_position, full_position, dative_fullname, dative_position, email, phone, department_id) VALUES (4097, 'GakaevMA', 'Гакаев', 'Мансур', 'Аднанович', 'Ведущий специалист', null, null, null, null, 'GakaevMA@mos.ru', '17228', 519);
INSERT INTO esrd.users (id, name, lastname, firstname, patronym, position, short_position, full_position, dative_fullname, dative_position, email, phone, department_id) VALUES (4098, 'VaginAY', 'Вагин', 'Александр', 'Юрьевич', 'Советник', null, null, null, null, 'VaginAY@mos.ru', '19749', 519);
INSERT INTO esrd.users (id, name, lastname, firstname, patronym, position, short_position, full_position, dative_fullname, dative_position, email, phone, department_id) VALUES (4099, 'NChumachenko', 'Чумаченко', 'Наталья', 'Сергеевна', 'Начальник Управления', null, null, null, null, 'ChumachenkoNS@mos.ru', '17236', 562);
INSERT INTO esrd.users (id, name, lastname, firstname, patronym, position, short_position, full_position, dative_fullname, dative_position, email, phone, department_id) VALUES (4100, 'BiryukovaON', 'Бирюкова', 'Ольга', 'Николаевна', 'Зам. начальника Управления', null, null, null, null, 'BiryukovaON@mos.ru', '17239', 562);
INSERT INTO esrd.users (id, name, lastname, firstname, patronym, position, short_position, full_position, dative_fullname, dative_position, email, phone, department_id) VALUES (4101, 'MyalkinaMV', 'Мялькина', 'Марина', 'Васильевна', 'ИО Руководителя Пресс-службы', null, null, null, null, 'MyalkinaMV@tax.mos.ru', '17292', 586);
INSERT INTO esrd.users (id, name, lastname, firstname, patronym, position, short_position, full_position, dative_fullname, dative_position, email, phone, department_id) VALUES (4102, 'SinyukovaEA', 'Синюкова', 'Екатерина', 'Андреевна', null, null, null, null, null, null, null, null);
INSERT INTO esrd.users (id, name, lastname, firstname, patronym, position, short_position, full_position, dative_fullname, dative_position, email, phone, department_id) VALUES (4103, 'ArzianiNV', 'Арзиани', 'Наталья', 'Викторовна', null, null, null, null, null, 'ArzianiNV@develop.mos.ru', '19717', 505);
INSERT INTO esrd.users (id, name, lastname, firstname, patronym, position, short_position, full_position, dative_fullname, dative_position, email, phone, department_id) VALUES (4104, 'AndreevaEB', 'Андреева', 'Екатерина', 'Борисовна', null, null, null, null, null, null, null, null);
INSERT INTO esrd.users (id, name, lastname, firstname, patronym, position, short_position, full_position, dative_fullname, dative_position, email, phone, department_id) VALUES (4105, 'HamzinRH', 'Хамзин', 'Ринат', 'Халимович', null, null, null, null, null, null, null, null);
INSERT INTO esrd.users (id, name, lastname, firstname, patronym, position, short_position, full_position, dative_fullname, dative_position, email, phone, department_id) VALUES (4106, 'BereznitskyDI', 'Березницкий', 'Дмитрий', 'Игоревич', null, null, null, null, null, null, null, null);
INSERT INTO esrd.users (id, name, lastname, firstname, patronym, position, short_position, full_position, dative_fullname, dative_position, email, phone, department_id) VALUES (4107, 'KonstantinovaTV', 'Константинова', 'Татьяна', 'Викторовна', 'Специалист', null, null, null, null, 'KonstantinovaTV@tax.mos.ru', '17190', 507);
INSERT INTO esrd.users (id, name, lastname, firstname, patronym, position, short_position, full_position, dative_fullname, dative_position, email, phone, department_id) VALUES (4108, 'HaritoshkinaMY', 'Харитошкина', 'Марина', 'Юрьевна', 'Помощник руководителя', null, null, null, null, 'KharitoshkinaMY@tax.mos.ru', '19450', 583);
INSERT INTO esrd.users (id, name, lastname, firstname, patronym, position, short_position, full_position, dative_fullname, dative_position, email, phone, department_id) VALUES (4109, 'ShishkinaTS', 'Шишкина', 'Татьяна', 'Сергеевна', null, null, null, null, null, null, null, 507);
INSERT INTO esrd.users (id, name, lastname, firstname, patronym, position, short_position, full_position, dative_fullname, dative_position, email, phone, department_id) VALUES (4110, 'IpatovaEA', 'Ипатова', 'Евгения', 'Александровна', 'Гл. специалист', null, null, null, null, 'IpatovaEA@mos.ru', '19419', null);
INSERT INTO esrd.users (id, name, lastname, firstname, patronym, position, short_position, full_position, dative_fullname, dative_position, email, phone, department_id) VALUES (4111, 'ShaforostovaOA', 'Шафоростова', 'Ольга', 'Александровна', null, null, null, null, null, null, null, null);
INSERT INTO esrd.users (id, name, lastname, firstname, patronym, position, short_position, full_position, dative_fullname, dative_position, email, phone, department_id) VALUES (4112, 'RazumovskayaNE', 'Разумовская', 'Наталья', 'Евгеньевна', 'Гл. специалист', null, null, null, null, 'RazumovskayaNE@mos.ru', '17212', 546);
INSERT INTO esrd.users (id, name, lastname, firstname, patronym, position, short_position, full_position, dative_fullname, dative_position, email, phone, department_id) VALUES (4113, 'NBaulina', 'Баулина', 'Наталья', 'Игорьевна', 'Начальник отдела', null, null, null, null, 'BaulinaNI@mos.ru', '19437', 538);
INSERT INTO esrd.users (id, name, lastname, firstname, patronym, position, short_position, full_position, dative_fullname, dative_position, email, phone, department_id) VALUES (4114, 'AgishevaIV', 'Агишева', 'Ирина', 'Вадимовна', 'Зам. начальника Управления', null, null, null, null, 'AgishevaIV@mos.ru', '19710', 575);
INSERT INTO esrd.users (id, name, lastname, firstname, patronym, position, short_position, full_position, dative_fullname, dative_position, email, phone, department_id) VALUES (4115, 'FedorovPD', 'Федоров', 'Прохор', 'Дмитриевич', 'Зам. руководителя', null, null, null, null, 'FedorovPD@mos.ru', '19747', 583);
INSERT INTO esrd.users (id, name, lastname, firstname, patronym, position, short_position, full_position, dative_fullname, dative_position, email, phone, department_id) VALUES (4116, 'KuzminaNV', 'Кузьмина', 'Наталья', 'Владимировна', 'Начальник Управления', null, null, null, null, 'KuzminaNVl@mos.ru', '17258', 580);
INSERT INTO esrd.users (id, name, lastname, firstname, patronym, position, short_position, full_position, dative_fullname, dative_position, email, phone, department_id) VALUES (4117, 'SemeshinAA', 'Семёшин', 'Александр', 'Андреевич', 'Консультант', null, null, null, null, 'SemeshinAA@mos.ru', '17231', 547);
INSERT INTO esrd.users (id, name, lastname, firstname, patronym, position, short_position, full_position, dative_fullname, dative_position, email, phone, department_id) VALUES (4118, 'ShatovaIA', 'Шатова', 'Ирина', 'Александровна', 'Начальник отдела', null, null, null, null, 'ShatovaIA1@mos.ru', '19666', 587);
INSERT INTO esrd.users (id, name, lastname, firstname, patronym, position, short_position, full_position, dative_fullname, dative_position, email, phone, department_id) VALUES (4119, 'NPetrova', 'Петрова', 'Наталья', 'Ивановна', 'Гл. специалист', null, null, null, null, 'PetrovaNI@mos.ru', '17412', 504);
INSERT INTO esrd.users (id, name, lastname, firstname, patronym, position, short_position, full_position, dative_fullname, dative_position, email, phone, department_id) VALUES (4120, 'OPorhun', 'Порхун', 'Ольга', 'Сергеевна', 'Начальник отдела', null, null, null, null, 'PorkhunOS@mos.ru', '19497', 523);
INSERT INTO esrd.users (id, name, lastname, firstname, patronym, position, short_position, full_position, dative_fullname, dative_position, email, phone, department_id) VALUES (4121, 'OGrosova', 'Гросова', 'Оксана', 'Александровна', 'Консультант', null, null, null, null, 'GrosovaOA@mos.ru', '17201', 513);
INSERT INTO esrd.users (id, name, lastname, firstname, patronym, position, short_position, full_position, dative_fullname, dative_position, email, phone, department_id) VALUES (4122, 'ArbatskyEI', 'Арбатский', 'Егор', 'Иванович', '', null, null, null, null, 'ArbatskyEI@develop.mos.ru', '15039', 562);
INSERT INTO esrd.users (id, name, lastname, firstname, patronym, position, short_position, full_position, dative_fullname, dative_position, email, phone, department_id) VALUES (4123, 'GSkripnichenko', 'Скрипниченко', 'Гюзель', 'Исламовна', 'Зав. сектором', null, null, null, null, 'SkripnichenkoGI@mos.ru', '17237', 537);
INSERT INTO esrd.users (id, name, lastname, firstname, patronym, position, short_position, full_position, dative_fullname, dative_position, email, phone, department_id) VALUES (4124, 'ShkuratovaMP', 'Шкуратова', 'Мария', 'Петровна', 'Приемная', null, null, null, null, 'ShkuratovaMP@develop.mos.ru', '17209', 583);
INSERT INTO esrd.users (id, name, lastname, firstname, patronym, position, short_position, full_position, dative_fullname, dative_position, email, phone, department_id) VALUES (4125, 'VareevaSV', 'Вареева', 'Светлана', 'Владимировна', 'Приемная', null, null, null, null, 'VareevaSV@mos.ru', '17468', 583);
INSERT INTO esrd.users (id, name, lastname, firstname, patronym, position, short_position, full_position, dative_fullname, dative_position, email, phone, department_id) VALUES (4126, 'TSoyNE', 'Цой', 'Наталья', 'Эфриковна', null, null, null, null, null, null, null, null);
INSERT INTO esrd.users (id, name, lastname, firstname, patronym, position, short_position, full_position, dative_fullname, dative_position, email, phone, department_id) VALUES (4127, 'MGluhova', 'Глухова', 'Мария', 'Валерьевна', 'Зам. начальника Управления', null, null, null, null, 'GluhovaMV@mos.ru', '18957', 570);
INSERT INTO esrd.users (id, name, lastname, firstname, patronym, position, short_position, full_position, dative_fullname, dative_position, email, phone, department_id) VALUES (4128, 'KErshov', 'Ершов', 'Кирилл', 'Игоревич', 'Зам. начальника Управления', null, null, null, null, 'ErshovKI@mos.ru', '14893', 565);
INSERT INTO esrd.users (id, name, lastname, firstname, patronym, position, short_position, full_position, dative_fullname, dative_position, email, phone, department_id) VALUES (4129, 'DZykov', 'Зыков', 'Дмитрий', 'Николаевич', 'Гл. специалист', null, null, null, null, 'ZykovDN@mos.ru', '15027', 570);
INSERT INTO esrd.users (id, name, lastname, firstname, patronym, position, short_position, full_position, dative_fullname, dative_position, email, phone, department_id) VALUES (4130, 'SpesivtsevaEY', 'Спесивцева', 'Елена', 'Юрьевна', 'Начальник Управления', null, null, null, null, 'SpesivtsevaEY@mos.ru', '19417', 561);
INSERT INTO esrd.users (id, name, lastname, firstname, patronym, position, short_position, full_position, dative_fullname, dative_position, email, phone, department_id) VALUES (4131, 'SukharevaAN', 'Сухарева', 'Аниса', 'Николаевна', 'Начальник отдела', null, null, null, null, 'SukharevaAN@mos.ru', '14840', 532);
INSERT INTO esrd.users (id, name, lastname, firstname, patronym, position, short_position, full_position, dative_fullname, dative_position, email, phone, department_id) VALUES (4132, 'LLepushenko', 'Лепушенко', 'Людмила', 'Валентиновна', 'Консультант', null, null, null, null, 'LepushenkoLV@mos.ru', '17480', 544);
INSERT INTO esrd.users (id, name, lastname, firstname, patronym, position, short_position, full_position, dative_fullname, dative_position, email, phone, department_id) VALUES (4133, 'NovohatskayaED', 'Новохатская', 'Екатерина', 'Дмитриевна', 'Ведущий специалист', null, null, null, null, 'NovokhatskayaED@mos.ru', '19431', 542);
INSERT INTO esrd.users (id, name, lastname, firstname, patronym, position, short_position, full_position, dative_fullname, dative_position, email, phone, department_id) VALUES (4134, 'FrolovaAV', 'Фролова', 'Александра', 'Вячеславовна', 'Зам. начальника отдела', null, null, null, null, 'FrolovaAVy@mos.ru', '14883', 543);
INSERT INTO esrd.users (id, name, lastname, firstname, patronym, position, short_position, full_position, dative_fullname, dative_position, email, phone, department_id) VALUES (4135, 'KostyukovaOV', 'Костюкова', 'Оксана', 'Владимировна', null, null, null, null, null, null, null, null);
INSERT INTO esrd.users (id, name, lastname, firstname, patronym, position, short_position, full_position, dative_fullname, dative_position, email, phone, department_id) VALUES (4136, 'RyzhovaVA', 'Рыжова', 'Валентина', 'Александровна', 'Начальник отдела', null, null, null, null, 'RyzhovaVA@mos.ru', '14885', 542);
INSERT INTO esrd.users (id, name, lastname, firstname, patronym, position, short_position, full_position, dative_fullname, dative_position, email, phone, department_id) VALUES (4137, 'BraunVV', 'Браун', 'Вера', 'Викторовна', 'Советник', null, null, null, null, 'BraunVV@mos.ru', '14884', 543);
INSERT INTO esrd.users (id, name, lastname, firstname, patronym, position, short_position, full_position, dative_fullname, dative_position, email, phone, department_id) VALUES (4138, 'CerkunovaOA', 'Церкунова', 'Ольга', 'Александровна', 'Консультант', null, null, null, null, 'TserkunovaOA@mos.ru', '14887', 542);
INSERT INTO esrd.users (id, name, lastname, firstname, patronym, position, short_position, full_position, dative_fullname, dative_position, email, phone, department_id) VALUES (4139, 'MarkinaAV', 'Маркина', 'Анастасия', 'Владимировна', 'Зам. начальника Управления, Начальник отдела', null, null, null, null, 'MarkinaAV1@mos.ru', '17438', 544);
INSERT INTO esrd.users (id, name, lastname, firstname, patronym, position, short_position, full_position, dative_fullname, dative_position, email, phone, department_id) VALUES (4140, 'ChugunovaMV', 'Чугунова', 'Марина', 'Викторовна', 'Ведущий специалист', null, null, null, null, 'ChugunovaMV1@mos.ru', '14892', 543);
INSERT INTO esrd.users (id, name, lastname, firstname, patronym, position, short_position, full_position, dative_fullname, dative_position, email, phone, department_id) VALUES (4141, 'ZharkovaIV', 'Жаркова', 'Ирина', 'Владимировна', 'ИО Начальника Управления', null, null, null, null, 'ZharkovaIV@mos.ru', '14858', 578);
INSERT INTO esrd.users (id, name, lastname, firstname, patronym, position, short_position, full_position, dative_fullname, dative_position, email, phone, department_id) VALUES (4142, 'VasilievaAV', 'Васильева', 'Анна', 'Владиславовна', 'Гл. специалист', null, null, null, null, 'VasilievaAV1@gaui.mos.ru', '18713', 500);
INSERT INTO esrd.users (id, name, lastname, firstname, patronym, position, short_position, full_position, dative_fullname, dative_position, email, phone, department_id) VALUES (4143, 'MinaevaOV', 'Минаева', 'Оксана', 'Владимировна', 'Начальник отдела', null, null, null, null, 'MinaevaOV@mos.ru', '17234', 500);
INSERT INTO esrd.users (id, name, lastname, firstname, patronym, position, short_position, full_position, dative_fullname, dative_position, email, phone, department_id) VALUES (4144, 'StasenkoMY', 'Стасенко', 'Михаил', 'Юрьевич', 'Зам. начальника Управления', null, null, null, null, 'StasenkoMY@mos.ru', '15038', 561);
INSERT INTO esrd.users (id, name, lastname, firstname, patronym, position, short_position, full_position, dative_fullname, dative_position, email, phone, department_id) VALUES (4145, 'KorolevaOG', 'Королева', 'Ольга', 'Григорьевна', 'Консультант', null, null, null, null, 'KorolevaOG@mos.ru', '19394', 500);
INSERT INTO esrd.users (id, name, lastname, firstname, patronym, position, short_position, full_position, dative_fullname, dative_position, email, phone, department_id) VALUES (4146, 'ZakrevskayaNA', 'Закревская', 'Наталия', 'Александровна', 'Гл. специалист', null, null, null, null, 'ZakrevskayaNA@gaui.mos.ru', '17259', 500);
INSERT INTO esrd.users (id, name, lastname, firstname, patronym, position, short_position, full_position, dative_fullname, dative_position, email, phone, department_id) VALUES (4147, 'TatarinovaTD', 'Татаринова', 'Татьяна', 'Дмитриевна', 'Зам.начальника отдела', null, null, null, null, 'TatarinovaTD@mos.ru', '15183', 502);
INSERT INTO esrd.users (id, name, lastname, firstname, patronym, position, short_position, full_position, dative_fullname, dative_position, email, phone, department_id) VALUES (4148, 'ProtsenkoVI', 'Проценко', 'Вера', 'Игоревна', null, null, null, null, null, null, null, null);
INSERT INTO esrd.users (id, name, lastname, firstname, patronym, position, short_position, full_position, dative_fullname, dative_position, email, phone, department_id) VALUES (4149, 'MBagreeva', 'Багреева', 'Мария', 'Андреевна', 'Первый зам. руководителя', null, null, null, null, 'BagreevaMA@mos.ru', '17264', 583);
INSERT INTO esrd.users (id, name, lastname, firstname, patronym, position, short_position, full_position, dative_fullname, dative_position, email, phone, department_id) VALUES (4150, 'SibrinAE', 'Сибрин', 'Александр', 'Эдуардович', 'Первый зам. руководителя', null, null, null, null, 'SibrinAE@mos.ru', '18959', 583);
INSERT INTO esrd.users (id, name, lastname, firstname, patronym, position, short_position, full_position, dative_fullname, dative_position, email, phone, department_id) VALUES (4151, 'KnyazevDV', 'Князев', 'Дмитрий', 'Владимирович', 'Начальник отдела', null, null, null, null, 'KnyazevDV@mos.ru', '14860', 555);
INSERT INTO esrd.users (id, name, lastname, firstname, patronym, position, short_position, full_position, dative_fullname, dative_position, email, phone, department_id) VALUES (4152, 'ChernihEI', 'Черных', 'Евгения', 'Игоревна', 'Зам. начальника отдела', null, null, null, null, 'ChernykhEI@mos.ru', '14861', 555);
INSERT INTO esrd.users (id, name, lastname, firstname, patronym, position, short_position, full_position, dative_fullname, dative_position, email, phone, department_id) VALUES (4153, 'VolkovaEV', 'Волкова', 'Екатерина', 'Валериевна', 'Советник', null, null, null, null, 'VolkovaEVa@mos.ru', '14867', 555);
INSERT INTO esrd.users (id, name, lastname, firstname, patronym, position, short_position, full_position, dative_fullname, dative_position, email, phone, department_id) VALUES (4154, 'ZaharovAS', 'Захаров', 'Антон', 'Станиславович', 'Советник', null, null, null, null, 'ZakharovAS1@mos.ru', '14862', 555);
INSERT INTO esrd.users (id, name, lastname, firstname, patronym, position, short_position, full_position, dative_fullname, dative_position, email, phone, department_id) VALUES (4155, 'VlasovYY', 'Власов', 'Юрий', 'Юрьевич', 'Ведущий специалист', null, null, null, null, 'VlasovYY@mos.ru', '14863', 555);
INSERT INTO esrd.users (id, name, lastname, firstname, patronym, position, short_position, full_position, dative_fullname, dative_position, email, phone, department_id) VALUES (4156, 'PetushkovaDS', 'Петушкова', 'Дарья', 'Сергеевна', 'Специалист 1-й категории', null, null, null, null, 'PetushkovaDS@mos.ru', '14864', 555);
INSERT INTO esrd.users (id, name, lastname, firstname, patronym, position, short_position, full_position, dative_fullname, dative_position, email, phone, department_id) VALUES (4157, 'TretyakovaAV', 'Третьякова', 'Анна', 'Викторовна', 'Специалист 1-й категории', null, null, null, null, 'TretyakovaAV@mos.ru', '14868', 555);
INSERT INTO esrd.users (id, name, lastname, firstname, patronym, position, short_position, full_position, dative_fullname, dative_position, email, phone, department_id) VALUES (4158, 'MorozovaIM', 'Морозова', 'Ирина', 'Михайловна', 'Начальник отдела', null, null, null, null, 'MorozovaIM@mos.ru', '14871', 556);
INSERT INTO esrd.users (id, name, lastname, firstname, patronym, position, short_position, full_position, dative_fullname, dative_position, email, phone, department_id) VALUES (4159, 'RomanovaOV', 'Романова', 'Ольга', 'Викторовна', 'Ведущий специалист', null, null, null, null, 'RomanovaOV4@mos.ru', '14875', 556);
INSERT INTO esrd.users (id, name, lastname, firstname, patronym, position, short_position, full_position, dative_fullname, dative_position, email, phone, department_id) VALUES (4160, 'KolosovaEN', 'Колосова', 'Екатерина', 'Николаевна', 'Специалист 1-й категории', null, null, null, null, 'KolosovaEN@mos.ru', '14874', 556);
INSERT INTO esrd.users (id, name, lastname, firstname, patronym, position, short_position, full_position, dative_fullname, dative_position, email, phone, department_id) VALUES (4161, 'SuslenkovDB', 'Сусленков', 'Дмитрий', 'Борисович', 'Зам. начальника Управления', null, null, null, null, 'SuslenkovDB@mos.ru', '14848', 582);
INSERT INTO esrd.users (id, name, lastname, firstname, patronym, position, short_position, full_position, dative_fullname, dative_position, email, phone, department_id) VALUES (4162, 'ShrabshteinAA', 'Шрабштейн', 'Анастасия', 'Анатольевна', null, null, null, null, null, null, null, null);
INSERT INTO esrd.users (id, name, lastname, firstname, patronym, position, short_position, full_position, dative_fullname, dative_position, email, phone, department_id) VALUES (4163, 'ElantsevAA', 'Еланцев', 'Андрей', 'Александрович', 'Зав. сектором', null, null, null, null, 'ElantsevAA@mos.ru', '14850', 553);
INSERT INTO esrd.users (id, name, lastname, firstname, patronym, position, short_position, full_position, dative_fullname, dative_position, email, phone, department_id) VALUES (4164, 'BarbashinaMV', 'Барбашина', 'Марина', 'Владимировна', 'Консультант', null, null, null, null, 'BarbashinaMV@mos.ru', '14851', 553);
INSERT INTO esrd.users (id, name, lastname, firstname, patronym, position, short_position, full_position, dative_fullname, dative_position, email, phone, department_id) VALUES (4165, 'BaranovaEV', 'Баранова', 'Елена', 'Викторовна', 'Гл. специалист', null, null, null, null, 'BaranovaEV3@mos.ru', '14852', 553);
INSERT INTO esrd.users (id, name, lastname, firstname, patronym, position, short_position, full_position, dative_fullname, dative_position, email, phone, department_id) VALUES (4166, 'ProkhorovaLV', 'Прохорова', 'Людмила', 'Васильевна', 'Гл. специалист', null, null, null, null, 'ProkhorovaLV2@mos.ru', '14853', 553);
INSERT INTO esrd.users (id, name, lastname, firstname, patronym, position, short_position, full_position, dative_fullname, dative_position, email, phone, department_id) VALUES (4167, 'SemenovAV', 'Семенов', 'Андрей', 'Вячеславович', null, null, null, null, null, null, null, null);
INSERT INTO esrd.users (id, name, lastname, firstname, patronym, position, short_position, full_position, dative_fullname, dative_position, email, phone, department_id) VALUES (4168, 'CHervyakovaIV', 'Червякова', 'Ирина', 'Валерьевна', 'Зам. начальника отдела', null, null, null, null, 'ChervyakovaIV@mos.ru', '14855', 554);
INSERT INTO esrd.users (id, name, lastname, firstname, patronym, position, short_position, full_position, dative_fullname, dative_position, email, phone, department_id) VALUES (4169, 'SerikovaEA', 'Серикова', 'Екатерина', 'Анатольевна', 'Советник', null, null, null, null, 'SerikovaEA@mos.ru', '14877', 554);
INSERT INTO esrd.users (id, name, lastname, firstname, patronym, position, short_position, full_position, dative_fullname, dative_position, email, phone, department_id) VALUES (4170, 'VolkovaIG', 'Волкова', 'Ирина', 'Геннадьевна', 'Консультант', null, null, null, null, 'VolkovaIG1@mos.ru', '14856', 554);
INSERT INTO esrd.users (id, name, lastname, firstname, patronym, position, short_position, full_position, dative_fullname, dative_position, email, phone, department_id) VALUES (4171, 'DanilinAV', 'Данилин', 'Андрей', 'Владимирович', 'Гл. специалист', null, null, null, null, 'DanilinAV1@mos.ru', '14870', 554);
INSERT INTO esrd.users (id, name, lastname, firstname, patronym, position, short_position, full_position, dative_fullname, dative_position, email, phone, department_id) VALUES (4172, 'TetushkinDN', 'Тётушкин', 'Дмитрий', 'Николаевич', 'Зам. руководителя', null, null, null, null, 'TetushkinDN@mos.ru', '10129', 583);
INSERT INTO esrd.users (id, name, lastname, firstname, patronym, position, short_position, full_position, dative_fullname, dative_position, email, phone, department_id) VALUES (4173, 'OMaslennikova', 'Масленникова', 'Оксана', 'Викторовна', 'Консультант', null, null, null, null, 'MaslennikovaOV@mos.ru', '19754', 513);
INSERT INTO esrd.users (id, name, lastname, firstname, patronym, position, short_position, full_position, dative_fullname, dative_position, email, phone, department_id) VALUES (4174, 'ShatilovAV', 'Шатилов', 'Андрей', 'Владимирович', 'Гл. специалист', null, null, null, null, 'ShatilovAV@mos.ru', '19458', 514);
INSERT INTO esrd.users (id, name, lastname, firstname, patronym, position, short_position, full_position, dative_fullname, dative_position, email, phone, department_id) VALUES (4175, 'GotsulovMV', 'Гоцулов', 'Максим', 'Витальевич', 'Зам. начальника Управления', null, null, null, null, 'GotsulovMV@mos.ru', '10126', 564);
INSERT INTO esrd.users (id, name, lastname, firstname, patronym, position, short_position, full_position, dative_fullname, dative_position, email, phone, department_id) VALUES (4176, 'BelovaAV', 'Белова', 'Алеся', 'Валерьевна', 'Заместитель начальника Управления, руководитель Контрактной службы', null, null, null, null, 'BelovaOV@mos.ru', '19729', 527);
INSERT INTO esrd.users (id, name, lastname, firstname, patronym, position, short_position, full_position, dative_fullname, dative_position, email, phone, department_id) VALUES (4177, 'SoldatovaEV', 'Солдатова', 'Екатерина', 'Викторовна', 'Советник', null, null, null, null, 'SoldatovaEV@mos.ru', '14899', 528);
INSERT INTO esrd.users (id, name, lastname, firstname, patronym, position, short_position, full_position, dative_fullname, dative_position, email, phone, department_id) VALUES (4178, 'ChernovaEV', 'Чернова', 'Екатерина', 'Викторовна', 'Начальник отдела', null, null, null, null, 'ChernovaEV@gaui.mos.ru', '14897', 528);
INSERT INTO esrd.users (id, name, lastname, firstname, patronym, position, short_position, full_position, dative_fullname, dative_position, email, phone, department_id) VALUES (4179, 'KirichkovaGE', 'Киричкова', 'Галина', 'Евгеньевна', 'Специалист I категории', null, null, null, null, 'KirichkovaGE@mos.ru', '14882', 533);
INSERT INTO esrd.users (id, name, lastname, firstname, patronym, position, short_position, full_position, dative_fullname, dative_position, email, phone, department_id) VALUES (4180, 'SyabitovaRV', 'Сябитова', 'Римма', 'Владиковна', 'Советник', null, null, null, null, 'SyabitovaRV1@mos.ru', '19727', 536);
INSERT INTO esrd.users (id, name, lastname, firstname, patronym, position, short_position, full_position, dative_fullname, dative_position, email, phone, department_id) VALUES (4181, 'GoryachevaNI', 'Горячева', 'Наталья', 'Ивановна', 'Гл. специалист', null, null, null, null, 'PaninaTV@gaui.mos.ru', '19725', 570);
INSERT INTO esrd.users (id, name, lastname, firstname, patronym, position, short_position, full_position, dative_fullname, dative_position, email, phone, department_id) VALUES (4182, 'NGoryacheva', 'Горячева', 'Наталия', 'Ивановна', 'Советник', null, null, null, null, 'GoryachevaNI@mos.ru', '17423', 570);
INSERT INTO esrd.users (id, name, lastname, firstname, patronym, position, short_position, full_position, dative_fullname, dative_position, email, phone, department_id) VALUES (4183, 'ShurovaTV', 'Шурова', 'Татьяна', 'Владимировна', 'Советник', null, null, null, null, 'ShurovaTV@mos.ru', '17424', 526);
INSERT INTO esrd.users (id, name, lastname, firstname, patronym, position, short_position, full_position, dative_fullname, dative_position, email, phone, department_id) VALUES (4184, 'EHalaburdina', 'Халабурдина', 'Елена', 'Игоревна', 'Начальник Управления', null, null, null, null, 'KhalaburdinaEI@mos.ru', '17418', 574);
INSERT INTO esrd.users (id, name, lastname, firstname, patronym, position, short_position, full_position, dative_fullname, dative_position, email, phone, department_id) VALUES (4185, 'NikitinaML', 'Никитина', 'Мария', 'Львовна', 'Зам. начальника Управления', null, null, null, null, 'NikitinaML@mos.ru', '19454', 574);
INSERT INTO esrd.users (id, name, lastname, firstname, patronym, position, short_position, full_position, dative_fullname, dative_position, email, phone, department_id) VALUES (4186, 'PetrenkoME', 'Петренко', 'Максим', 'Эдуардович', 'Начальник отдела', null, null, null, null, 'PetrenkoME@mos.ru', '19411', 536);
INSERT INTO esrd.users (id, name, lastname, firstname, patronym, position, short_position, full_position, dative_fullname, dative_position, email, phone, department_id) VALUES (4187, 'LovkovaEA', 'Ловкова', 'Елена', 'Анатольевна', 'Советник', null, null, null, null, 'LovkovaEA@mos.ru', '17436', 551);
INSERT INTO esrd.users (id, name, lastname, firstname, patronym, position, short_position, full_position, dative_fullname, dative_position, email, phone, department_id) VALUES (4188, 'ErmakovAG', 'Ермаков', 'Андрей', 'Геннадьевич', 'Зам. начальника Управления', null, null, null, null, 'ErmakovAG@mos.ru', '17419', 581);
INSERT INTO esrd.users (id, name, lastname, firstname, patronym, position, short_position, full_position, dative_fullname, dative_position, email, phone, department_id) VALUES (4189, 'KuznetsovaYP', 'Кузнецова', 'Юлия', 'Петровна', 'Зам. начальника отдела', null, null, null, null, 'KuznetsovaYP@mos.ru', '15002', 551);
INSERT INTO esrd.users (id, name, lastname, firstname, patronym, position, short_position, full_position, dative_fullname, dative_position, email, phone, department_id) VALUES (4190, 'BaronAA', 'Барон', 'Артем', 'Андреевич', 'Гл. специалист', null, null, null, null, 'BaronAA@mos.ru', '14838', 551);
INSERT INTO esrd.users (id, name, lastname, firstname, patronym, position, short_position, full_position, dative_fullname, dative_position, email, phone, department_id) VALUES (4191, 'RusskihIN', 'Русских', 'Ирина', 'Николаевна', 'Начальник отдела', null, null, null, null, 'RusskikhIN@mos.ru', '14834', null);
INSERT INTO esrd.users (id, name, lastname, firstname, patronym, position, short_position, full_position, dative_fullname, dative_position, email, phone, department_id) VALUES (4192, 'VolkovaON', 'Волкова', 'Ольга', 'Николаевна', 'Советник', null, null, null, null, 'VolkovaON2@mos.ru', '17233', 550);
INSERT INTO esrd.users (id, name, lastname, firstname, patronym, position, short_position, full_position, dative_fullname, dative_position, email, phone, department_id) VALUES (4193, 'LebedevaIA', 'Лебедева', 'Ирина', 'Александровна', 'Консультант', null, null, null, null, 'LebedevaIA1@mos.ru', '17479', 550);
INSERT INTO esrd.users (id, name, lastname, firstname, patronym, position, short_position, full_position, dative_fullname, dative_position, email, phone, department_id) VALUES (4194, 'HvastochenkoON', 'Хвасточенко', 'Оксана', 'Николаевна', 'Гл. специалист', null, null, null, null, 'KhvastochenkoON@mos.ru', '19722', 550);
INSERT INTO esrd.users (id, name, lastname, firstname, patronym, position, short_position, full_position, dative_fullname, dative_position, email, phone, department_id) VALUES (4195, 'MininVN', 'Минин', 'Валерий', 'Николаевич', 'Зам. начальника Управления', null, null, null, null, 'MininVN@mos.ru', '14832', 581);
INSERT INTO esrd.users (id, name, lastname, firstname, patronym, position, short_position, full_position, dative_fullname, dative_position, email, phone, department_id) VALUES (4196, 'PlekhanovaEN', 'Плеханова', 'Екатерина', 'Николаевна', 'Консультант', null, null, null, null, 'PlekhanovaEN@mos.ru', '17439', 551);
INSERT INTO esrd.users (id, name, lastname, firstname, patronym, position, short_position, full_position, dative_fullname, dative_position, email, phone, department_id) VALUES (4197, 'KulikovaES', 'Куликова', 'Елена', 'Сергеевна', 'Зам. начальника Управления, начальник отдела', null, null, null, null, 'KrutovaES@mos.ru', '19740', 505);
INSERT INTO esrd.users (id, name, lastname, firstname, patronym, position, short_position, full_position, dative_fullname, dative_position, email, phone, department_id) VALUES (4198, 'GavdifattovaSN', 'Гавдифаттова', 'Софья', 'Николаевна', null, null, null, null, null, 'GavdifattovaSN@develop.mos.ru', '17282', 505);
INSERT INTO esrd.users (id, name, lastname, firstname, patronym, position, short_position, full_position, dative_fullname, dative_position, email, phone, department_id) VALUES (4199, 'PeregodovaEY', 'Перегодова', 'Елена', 'Юрьевна', null, null, null, null, null, null, null, null);
INSERT INTO esrd.users (id, name, lastname, firstname, patronym, position, short_position, full_position, dative_fullname, dative_position, email, phone, department_id) VALUES (4200, 'ChurkinaAV', 'Чуркина', 'Анна', 'Владимировна', 'Начальник отдела', null, null, null, null, 'ChurkinaAV@mos.ru', '17461', 508);
INSERT INTO esrd.users (id, name, lastname, firstname, patronym, position, short_position, full_position, dative_fullname, dative_position, email, phone, department_id) VALUES (4201, 'OreshkinGA', 'Орешкин', 'Григорий', 'Андреевич', null, null, null, null, null, 'OreshkinGA@develop.mos.ru', '19095', 505);
INSERT INTO esrd.users (id, name, lastname, firstname, patronym, position, short_position, full_position, dative_fullname, dative_position, email, phone, department_id) VALUES (4202, 'SHCHerbakovaNV', 'Щербакова', 'Наталья', 'Владимировна', null, null, null, null, null, 'ScherbakovaNV2@tax.mos.ru', '14896', 505);
INSERT INTO esrd.users (id, name, lastname, firstname, patronym, position, short_position, full_position, dative_fullname, dative_position, email, phone, department_id) VALUES (4203, 'DudinaLS', 'Дудина', 'Лариса', 'Сергеевна', 'Гл. специалист', null, null, null, null, 'DudinaLS@mos.ru', '17251', 505);
INSERT INTO esrd.users (id, name, lastname, firstname, patronym, position, short_position, full_position, dative_fullname, dative_position, email, phone, department_id) VALUES (4204, 'SporyshevaVV', 'Спорышева', 'Валентина', 'Валерьевна', 'Советник', null, null, null, null, 'SporyshevaVV@mos.ru', '17495', 505);
INSERT INTO esrd.users (id, name, lastname, firstname, patronym, position, short_position, full_position, dative_fullname, dative_position, email, phone, department_id) VALUES (4205, 'VasilievVV', 'Васильев', 'Виктор', 'Вячеславович', 'Начальник Управления', null, null, null, null, 'VasilievVV6@mos.ru', '14847', 582);
INSERT INTO esrd.users (id, name, lastname, firstname, patronym, position, short_position, full_position, dative_fullname, dative_position, email, phone, department_id) VALUES (4206, 'VolkovaNY', 'Волкова', 'Надежда', 'Юрьевна', null, null, null, null, null, null, null, null);
INSERT INTO esrd.users (id, name, lastname, firstname, patronym, position, short_position, full_position, dative_fullname, dative_position, email, phone, department_id) VALUES (4207, 'GlushkovaDA', 'Глушкова', 'Дарья', 'Анатольевна', null, null, null, null, null, null, null, null);
INSERT INTO esrd.users (id, name, lastname, firstname, patronym, position, short_position, full_position, dative_fullname, dative_position, email, phone, department_id) VALUES (4208, 'TyutyuginaIA', 'Тютюгина', 'Ирина', 'Александровна', 'Советник', null, null, null, null, 'TyutyuginaIA@mos.ru', '14873', 556);
INSERT INTO esrd.users (id, name, lastname, firstname, patronym, position, short_position, full_position, dative_fullname, dative_position, email, phone, department_id) VALUES (4209, 'VolchkovaEI', 'Волчкова', 'Елена', 'Иосифовна', 'Зам начальника Управления, начальник отдела', null, null, null, null, 'VolchkovaEI@gaui.mos.ru', '17230', 547);
INSERT INTO esrd.users (id, name, lastname, firstname, patronym, position, short_position, full_position, dative_fullname, dative_position, email, phone, department_id) VALUES (4210, 'SmirnovaMS', 'Смирнова', 'Маргарита', 'Сергеевна', 'Советник', null, null, null, null, 'SmirnovaMS1@mos.ru', '17242', 548);
INSERT INTO esrd.users (id, name, lastname, firstname, patronym, position, short_position, full_position, dative_fullname, dative_position, email, phone, department_id) VALUES (4211, 'krutovVV', 'Крутов', 'Владимир', 'Валерьевич', 'Начальник отдела', null, null, null, null, 'KrutovVV2@mos.ru', '17208', 548);
INSERT INTO esrd.users (id, name, lastname, firstname, patronym, position, short_position, full_position, dative_fullname, dative_position, email, phone, department_id) VALUES (4212, 'SHakhbazianSL', 'Шахбазян', 'Сюзанна', 'Левановна', null, null, null, null, null, null, null, null);
INSERT INTO esrd.users (id, name, lastname, firstname, patronym, position, short_position, full_position, dative_fullname, dative_position, email, phone, department_id) VALUES (4213, 'RyzhkovaOA', 'Рыжкова', 'Ольга', 'Алексеевна', 'Советник', null, null, null, null, 'RyzhkovaOA@mos.ru', '17453', 547);
INSERT INTO esrd.users (id, name, lastname, firstname, patronym, position, short_position, full_position, dative_fullname, dative_position, email, phone, department_id) VALUES (4214, 'BashkankovAP', 'Башканков', 'Александр', 'Павлович', null, null, null, null, null, null, null, null);
INSERT INTO esrd.users (id, name, lastname, firstname, patronym, position, short_position, full_position, dative_fullname, dative_position, email, phone, department_id) VALUES (4215, 'AkimovaEN', 'Акимова', 'Елена', 'Николаевна', 'Советник', null, null, null, null, 'AkimovaEN2@mos.ru', '17408', 547);
INSERT INTO esrd.users (id, name, lastname, firstname, patronym, position, short_position, full_position, dative_fullname, dative_position, email, phone, department_id) VALUES (4216, 'KHodenkovaNN', 'Ходенкова', 'Наталья', 'Николаевна', 'Консультант', null, null, null, null, 'HodenkovaNN@mos.ru', '17180', 547);
INSERT INTO esrd.users (id, name, lastname, firstname, patronym, position, short_position, full_position, dative_fullname, dative_position, email, phone, department_id) VALUES (4217, 'MorevaMO', 'Морева', 'Мария', 'Олеговна', null, null, null, null, null, null, null, 547);
INSERT INTO esrd.users (id, name, lastname, firstname, patronym, position, short_position, full_position, dative_fullname, dative_position, email, phone, department_id) VALUES (4218, 'ErmakovaVN', 'Ермакова', 'Вера', 'Николаевна', 'Консультант', null, null, null, null, 'ErmakovaVN@mos.ru', '17464', 547);
INSERT INTO esrd.users (id, name, lastname, firstname, patronym, position, short_position, full_position, dative_fullname, dative_position, email, phone, department_id) VALUES (4219, 'OleynikNA', 'Олейник', 'Наталья', 'Александровна', 'Специалист 1-й категории', null, null, null, null, 'OleynikNA@mos.ru', '17426', 548);
INSERT INTO esrd.users (id, name, lastname, firstname, patronym, position, short_position, full_position, dative_fullname, dative_position, email, phone, department_id) VALUES (4220, 'DavidovaII', 'Давыдова', 'Ирина', 'Игоревна', 'Советник', null, null, null, null, 'DavydovaII@mos.ru', '19719', 525);
INSERT INTO esrd.users (id, name, lastname, firstname, patronym, position, short_position, full_position, dative_fullname, dative_position, email, phone, department_id) VALUES (4221, 'PuzirevaEO', 'Пузырева', 'Елена', 'Олеговна', 'Специалист I категории', null, null, null, null, 'PuzirevaEO@mos.ru', '17430', 536);
INSERT INTO esrd.users (id, name, lastname, firstname, patronym, position, short_position, full_position, dative_fullname, dative_position, email, phone, department_id) VALUES (4222, 'mr430', 'Meeting', 'Room', '430', null, null, null, null, null, null, null, null);
INSERT INTO esrd.users (id, name, lastname, firstname, patronym, position, short_position, full_position, dative_fullname, dative_position, email, phone, department_id) VALUES (4223, 'EMaksimova', 'Максимова', 'Елена', 'Александровна', 'Советник', null, null, null, null, 'MaksimovaEA@mos.ru', '17288', 534);
INSERT INTO esrd.users (id, name, lastname, firstname, patronym, position, short_position, full_position, dative_fullname, dative_position, email, phone, department_id) VALUES (4224, 'NPotrivaeva', 'Потриваева', 'Наталья', 'Анатольевна', 'Советник', null, null, null, null, 'PotrivaevaNA@mos.ru', '19732', 534);
INSERT INTO esrd.users (id, name, lastname, firstname, patronym, position, short_position, full_position, dative_fullname, dative_position, email, phone, department_id) VALUES (4225, 'OKoposova', 'Копосова', 'Ольга', 'Рафаэлевна', 'Начальник отдела', null, null, null, null, 'KoposovaOR@mos.ru', '19736', 535);
INSERT INTO esrd.users (id, name, lastname, firstname, patronym, position, short_position, full_position, dative_fullname, dative_position, email, phone, department_id) VALUES (4226, 'APopkova', 'Попкова', 'Алина', 'Михайловна', 'Начальник отдела', null, null, null, null, 'PopkovaAM@mos.ru', '17280', 534);
INSERT INTO esrd.users (id, name, lastname, firstname, patronym, position, short_position, full_position, dative_fullname, dative_position, email, phone, department_id) VALUES (4227, 'IKatarzhuk', 'Катаржук', 'Ирина', 'Александровна', 'Зам. начальника Управления', null, null, null, null, 'KatarzhukIA@mos.ru', '18780', 573);
INSERT INTO esrd.users (id, name, lastname, firstname, patronym, position, short_position, full_position, dative_fullname, dative_position, email, phone, department_id) VALUES (4228, 'ZakharovPV', 'Захаров', 'Павел', 'Вячеславович', 'Зам. начальника отдела', null, null, null, null, 'ZakharovPV@mos.ru', '19444', 535);
INSERT INTO esrd.users (id, name, lastname, firstname, patronym, position, short_position, full_position, dative_fullname, dative_position, email, phone, department_id) VALUES (4229, 'LeskinAN', 'Лескин', 'Александр', 'Николаевич', 'Помощник руководителя', null, null, null, null, 'LeskinAN@mos.ru', '17276', 500);
INSERT INTO esrd.users (id, name, lastname, firstname, patronym, position, short_position, full_position, dative_fullname, dative_position, email, phone, department_id) VALUES (4230, 'LutovinovDA', 'Лутовинов', 'Дмитрий', 'Александрович', 'Гл. специалист', null, null, null, null, 'LutovinovDA@gaui.mos.ru', '19465', 500);
INSERT INTO esrd.users (id, name, lastname, firstname, patronym, position, short_position, full_position, dative_fullname, dative_position, email, phone, department_id) VALUES (4231, 'MedvedevAN', 'Медведев', 'Андрей', 'Николаевич', null, null, null, null, null, null, null, null);
INSERT INTO esrd.users (id, name, lastname, firstname, patronym, position, short_position, full_position, dative_fullname, dative_position, email, phone, department_id) VALUES (4232, 'GlukhikhOV', 'Глухих', 'Ольга', 'Владимировна', 'специалист', null, null, null, null, 'GlukhikhOV@mos.ru', '15187', 501);
INSERT INTO esrd.users (id, name, lastname, firstname, patronym, position, short_position, full_position, dative_fullname, dative_position, email, phone, department_id) VALUES (4233, 'NaperovaLI', 'Наперова', 'Людмила', 'Ивановна', 'Начальник Управления', null, null, null, null, 'NaperovaLI@mos.ru', '17429', 579);
INSERT INTO esrd.users (id, name, lastname, firstname, patronym, position, short_position, full_position, dative_fullname, dative_position, email, phone, department_id) VALUES (4234, 'StarostinVA', 'Старостин', 'Владислав', 'Анатольевич', 'Зам. начальника Управления', null, null, null, null, 'StarostinVA1@mos.ru', '19755', 579);
INSERT INTO esrd.users (id, name, lastname, firstname, patronym, position, short_position, full_position, dative_fullname, dative_position, email, phone, department_id) VALUES (4235, 'SolomonovaSI', 'Соломонова', 'Светлана', 'Ивановна', 'Начальник отдела', null, null, null, null, 'SolomonovaSI@mos.ru', '17410', 545);
INSERT INTO esrd.users (id, name, lastname, firstname, patronym, position, short_position, full_position, dative_fullname, dative_position, email, phone, department_id) VALUES (4236, 'KononihinaMS', 'Кононыхина', 'Марина', 'Сергеевна', 'Гл. специалист', null, null, null, null, 'KononykhinaMS@mos.ru', '17470', 545);
INSERT INTO esrd.users (id, name, lastname, firstname, patronym, position, short_position, full_position, dative_fullname, dative_position, email, phone, department_id) VALUES (4237, 'ZhelezanovaOV', 'Железанова', 'Ольга', 'Валентиновна', 'Советник', null, null, null, null, 'ZhelezanovaOV@mos.ru', '17415', 545);
INSERT INTO esrd.users (id, name, lastname, firstname, patronym, position, short_position, full_position, dative_fullname, dative_position, email, phone, department_id) VALUES (4238, 'MalcevaLE', 'Мальцева', 'Луиза', 'Эльнаровна', 'Гл. специалист', null, null, null, null, 'MaltsevaLE@gaui.mos.ru', '17460', 545);
INSERT INTO esrd.users (id, name, lastname, firstname, patronym, position, short_position, full_position, dative_fullname, dative_position, email, phone, department_id) VALUES (4239, 'MilshinaIN', 'Мильшина', 'Ирина', 'Николаевна', 'Советник', null, null, null, null, 'MilshinaIN@mos.ru', '18952', 546);
INSERT INTO esrd.users (id, name, lastname, firstname, patronym, position, short_position, full_position, dative_fullname, dative_position, email, phone, department_id) VALUES (4240, 'VostroilovaMV', 'Востроилова', 'Марина', 'Венальевна', 'Гл. специалист', null, null, null, null, 'VostroilovaMV@mos.ru', '19412', 546);
INSERT INTO esrd.users (id, name, lastname, firstname, patronym, position, short_position, full_position, dative_fullname, dative_position, email, phone, department_id) VALUES (4241, 'HolstininaYN', 'Холстинина', 'Юлия', 'Ивановна', 'Консультант', null, null, null, null, 'KholstininaYI@mos.ru', '17442', 545);
INSERT INTO esrd.users (id, name, lastname, firstname, patronym, position, short_position, full_position, dative_fullname, dative_position, email, phone, department_id) VALUES (4242, 'GalushkoAA', 'Галушко', 'Андрей', 'Александрович', 'Советник', null, null, null, null, 'GalushkoAA@mos.ru', '19738', 546);
INSERT INTO esrd.users (id, name, lastname, firstname, patronym, position, short_position, full_position, dative_fullname, dative_position, email, phone, department_id) VALUES (4243, 'RedinaEA', 'Редина', 'Елена', 'Александровна', 'Консультант', null, null, null, null, 'RedinaEA@mos.ru', '18963', 546);
INSERT INTO esrd.users (id, name, lastname, firstname, patronym, position, short_position, full_position, dative_fullname, dative_position, email, phone, department_id) VALUES (4244, 'TikhonovDV', 'Тихонов', 'Денис', 'Владимирович', 'Министр Правительства Москвы, руководитель Департамента ', null, null, null, null, 'PR_TikhonovDV@mos.ru', null, 583);
INSERT INTO esrd.users (id, name, lastname, firstname, patronym, position, short_position, full_position, dative_fullname, dative_position, email, phone, department_id) VALUES (4245, 'PR-Tikhonova', 'Приемная', 'Тихонова', 'Д.В.', null, null, null, null, null, null, '19070', 583);
INSERT INTO esrd.users (id, name, lastname, firstname, patronym, position, short_position, full_position, dative_fullname, dative_position, email, phone, department_id) VALUES (4246, 'MayseenkoEV', 'Майсеенко', 'Екатерина', 'Владимировна', 'Помощник руководителя', null, null, null, null, 'MayseenkoEV@mos.ru', '19072', 583);
INSERT INTO esrd.users (id, name, lastname, firstname, patronym, position, short_position, full_position, dative_fullname, dative_position, email, phone, department_id) VALUES (4247, 'DozhaVV', 'Дожа', 'Вадим', 'Вадимович', 'Помощник руководителя', null, null, null, null, 'DozhaVV@mos.ru', '19737', 583);
INSERT INTO esrd.users (id, name, lastname, firstname, patronym, position, short_position, full_position, dative_fullname, dative_position, email, phone, department_id) VALUES (4248, 'KryuchkovaPV', 'Крючкова', 'Полина', 'Викторовна', 'Зам. руководителя', null, null, null, null, 'KryuchkovaPV@mos.ru', '15001', 583);
INSERT INTO esrd.users (id, name, lastname, firstname, patronym, position, short_position, full_position, dative_fullname, dative_position, email, phone, department_id) VALUES (4249, 'KnyazevaOA', 'Князева', 'Оксана', 'Алексеевна', 'Приемная', null, null, null, null, 'PR_TetushkinDN@mos.ru', '18951', 583);
INSERT INTO esrd.users (id, name, lastname, firstname, patronym, position, short_position, full_position, dative_fullname, dative_position, email, phone, department_id) VALUES (4250, 'SorokoletovaSN', 'Сороколетова', 'Светлана', 'Николаевна', null, null, null, null, null, null, null, null);
INSERT INTO esrd.users (id, name, lastname, firstname, patronym, position, short_position, full_position, dative_fullname, dative_position, email, phone, department_id) VALUES (4251, 'PutinDV', 'Путин', 'Дмитрий', 'Валерьевич', 'Зам. руководителя', null, null, null, null, 'PutinDV@mos.ru', '17458', 583);
INSERT INTO esrd.users (id, name, lastname, firstname, patronym, position, short_position, full_position, dative_fullname, dative_position, email, phone, department_id) VALUES (4252, 'EZoboleva', 'Зоболева', 'Елена', 'Николаевна', 'Начальник Управления', null, null, null, null, 'ZobolevaEN@mos.ru', '15099', 568);
INSERT INTO esrd.users (id, name, lastname, firstname, patronym, position, short_position, full_position, dative_fullname, dative_position, email, phone, department_id) VALUES (4253, 'OFedulkina', 'Федулкина', 'Ольга', 'Владимировна', 'Зам. начальника Управления', null, null, null, null, 'FedulkinaOV@mos.ru', '15042', 568);
INSERT INTO esrd.users (id, name, lastname, firstname, patronym, position, short_position, full_position, dative_fullname, dative_position, email, phone, department_id) VALUES (4254, 'TSadovnikova', 'Садовникова', 'Татьяна', 'Владимировна', 'Зав. сектором', null, null, null, null, 'SadovnikovaTV@mos.ru', '19667', 522);
INSERT INTO esrd.users (id, name, lastname, firstname, patronym, position, short_position, full_position, dative_fullname, dative_position, email, phone, department_id) VALUES (4255, 'ENadelyaeva', 'Наделяева', 'Елена', 'Ивановна', 'Советник', null, null, null, null, 'NadelyaevaEI@mos.ru', '19665', 523);
INSERT INTO esrd.users (id, name, lastname, firstname, patronym, position, short_position, full_position, dative_fullname, dative_position, email, phone, department_id) VALUES (4256, 'NChubareva', 'Чубарева', 'Наталья', 'Николаевна', 'Советник', null, null, null, null, 'ChubarevaNN@mos.ru', '19671', 523);
INSERT INTO esrd.users (id, name, lastname, firstname, patronym, position, short_position, full_position, dative_fullname, dative_position, email, phone, department_id) VALUES (4257, 'MalinovskayaMM', 'Малиновская', 'Мария', 'Михайловна', 'Советник', null, null, null, null, 'MalinovskayaMM@mos.ru', '17262', null);
INSERT INTO esrd.users (id, name, lastname, firstname, patronym, position, short_position, full_position, dative_fullname, dative_position, email, phone, department_id) VALUES (4258, 'SAnikeeva', 'Аникеева', 'Светлана', 'Юрьевна', 'Консультант', null, null, null, null, 'AnikeevaSY@mos.ru', '19668', null);
INSERT INTO esrd.users (id, name, lastname, firstname, patronym, position, short_position, full_position, dative_fullname, dative_position, email, phone, department_id) VALUES (4259, 'MosienkovaAM', 'Мосиенкова', 'Анжела', 'Михайловна', 'Советник', null, null, null, null, 'MosienkovaAM@mos.ru', '17187', 587);
INSERT INTO esrd.users (id, name, lastname, firstname, patronym, position, short_position, full_position, dative_fullname, dative_position, email, phone, department_id) VALUES (4260, 'TopolevskayaED', 'Тополевская', 'Елена', 'Дмитриевна', 'Гл. специалист', null, null, null, null, 'TopolevskayaED@mos.ru', '15074', 587);
INSERT INTO esrd.users (id, name, lastname, firstname, patronym, position, short_position, full_position, dative_fullname, dative_position, email, phone, department_id) VALUES (4261, 'KravchenkoEN', 'Кравченко', 'Елена', 'Нурмухаматовна', null, null, null, null, null, null, null, null);
INSERT INTO esrd.users (id, name, lastname, firstname, patronym, position, short_position, full_position, dative_fullname, dative_position, email, phone, department_id) VALUES (4262, 'KlimovaTV', 'Климова', 'Татьяна', 'Владимировна', null, null, null, null, null, 'KlimovaTV@tax.mos.ru', '14841', 522);
INSERT INTO esrd.users (id, name, lastname, firstname, patronym, position, short_position, full_position, dative_fullname, dative_position, email, phone, department_id) VALUES (4263, 'OrlovaIV', 'Орлова', 'Ирина', 'Викторовна', 'Советник', null, null, null, null, 'OrlovaIV@mos.ru', '17246', 521);
INSERT INTO esrd.users (id, name, lastname, firstname, patronym, position, short_position, full_position, dative_fullname, dative_position, email, phone, department_id) VALUES (4264, 'SDanilin', 'Данилина', 'Светлана', 'Викторовна', 'Советник', null, null, null, null, 'DanilinaSV@mos.ru', '17235', 509);
INSERT INTO esrd.users (id, name, lastname, firstname, patronym, position, short_position, full_position, dative_fullname, dative_position, email, phone, department_id) VALUES (4265, 'ASokolova', 'Соколова', 'Алла', 'Николаевна', 'Консультант', null, null, null, null, 'SokolovaAN@mos.ru', '17443', 510);
INSERT INTO esrd.users (id, name, lastname, firstname, patronym, position, short_position, full_position, dative_fullname, dative_position, email, phone, department_id) VALUES (4266, 'VVolodin', 'Володин', 'Владимир', 'Владимирович', 'Начальник отдела', null, null, null, null, 'VolodinVV@mos.ru', '17272', 511);
INSERT INTO esrd.users (id, name, lastname, firstname, patronym, position, short_position, full_position, dative_fullname, dative_position, email, phone, department_id) VALUES (4267, 'EkubovaMA', 'Ёкубова', 'Манзура', 'Аюбовна', 'Зам. начальника Управления, начальник отдела', null, null, null, null, 'EkubovaMA@mos.ru', '17243', 510);
INSERT INTO esrd.users (id, name, lastname, firstname, patronym, position, short_position, full_position, dative_fullname, dative_position, email, phone, department_id) VALUES (4268, 'SolovievAA3', 'Соловьев', 'Александр', 'Анатольевич', 'Зам. начальника Управления', null, null, null, null, 'SolovievAA3@develop.mos.ru', '17183', 563);
INSERT INTO esrd.users (id, name, lastname, firstname, patronym, position, short_position, full_position, dative_fullname, dative_position, email, phone, department_id) VALUES (4269, 'LidzhievaAD', 'Лиджиева', 'Алиса', 'Дмитриевна', 'Зам. начальника отдела', null, null, null, null, 'LidzhievaAD@mos.ru', '17427', 509);
INSERT INTO esrd.users (id, name, lastname, firstname, patronym, position, short_position, full_position, dative_fullname, dative_position, email, phone, department_id) VALUES (4270, 'ProvkovKS', 'Провков', 'Константин', 'Сергеевич', 'Советник', null, null, null, null, 'ProvkovKS@develop.mos.ru', '17466', 510);
INSERT INTO esrd.users (id, name, lastname, firstname, patronym, position, short_position, full_position, dative_fullname, dative_position, email, phone, department_id) VALUES (4271, 'MorozovaIV2', 'Морозова', 'Ирина', 'Владимировна', 'Консультант', null, null, null, null, 'MorozovaIV2@mos.ru', '17222', 537);
INSERT INTO esrd.users (id, name, lastname, firstname, patronym, position, short_position, full_position, dative_fullname, dative_position, email, phone, department_id) VALUES (4272, 'RyzhkovaSV', 'Рыжкова', 'Светлана', 'Викторовна', 'Консультант', null, null, null, null, 'RyzhkovaSV@mos.ru', '17482', 511);
INSERT INTO esrd.users (id, name, lastname, firstname, patronym, position, short_position, full_position, dative_fullname, dative_position, email, phone, department_id) VALUES (4273, 'VasilievaAA', 'Васильева', 'Анастастия', 'Андреевна', 'Советник', null, null, null, null, 'VasilievaAA4@mos.ru', '17274', 511);
INSERT INTO esrd.users (id, name, lastname, firstname, patronym, position, short_position, full_position, dative_fullname, dative_position, email, phone, department_id) VALUES (4274, 'EIonova', 'Ионова', 'Елена', 'Анатольевна', 'Зам. начальника Управления', null, null, null, null, 'IonovaEA@mos.ru', '17463', 562);
INSERT INTO esrd.users (id, name, lastname, firstname, patronym, position, short_position, full_position, dative_fullname, dative_position, email, phone, department_id) VALUES (4275, 'LVolodikhina', 'Володихина', 'Лилия', 'Николаевна', 'Зам. начальника отдела', null, null, null, null, 'VolodikhinaLN@mos.ru', '15030', 530);
INSERT INTO esrd.users (id, name, lastname, firstname, patronym, position, short_position, full_position, dative_fullname, dative_position, email, phone, department_id) VALUES (4276, 'MarininVN', 'Маринин', 'Владимир', 'Николаевич', 'Зам. начальника Управления', null, null, null, null, 'MarininVN@mos.ru', '15573', 565);
INSERT INTO esrd.users (id, name, lastname, firstname, patronym, position, short_position, full_position, dative_fullname, dative_position, email, phone, department_id) VALUES (4277, 'MokievskayaEV', 'Мокиевская', 'Елена', 'Владимировна', null, null, null, null, null, null, null, null);
INSERT INTO esrd.users (id, name, lastname, firstname, patronym, position, short_position, full_position, dative_fullname, dative_position, email, phone, department_id) VALUES (4278, 'LeskinaNV', 'Лескина', 'Нина', 'Васильевна', 'Консультант', null, null, null, null, 'LeskinaNV@mos.ru', '19066', 531);
INSERT INTO esrd.users (id, name, lastname, firstname, patronym, position, short_position, full_position, dative_fullname, dative_position, email, phone, department_id) VALUES (4279, 'PechurchikVV', 'Печурчик', 'Владимир', 'Владимирович', 'Начальник Управления', null, null, null, null, 'PechurchikVV@mos.ru', '14830', 571);
INSERT INTO esrd.users (id, name, lastname, firstname, patronym, position, short_position, full_position, dative_fullname, dative_position, email, phone, department_id) VALUES (4280, 'ESiyutkina', 'Сиюткина', 'Елена', 'Федоровна', 'Советник', null, null, null, null, 'SiyutkinaEF@mos.ru', '17265', 516);
INSERT INTO esrd.users (id, name, lastname, firstname, patronym, position, short_position, full_position, dative_fullname, dative_position, email, phone, department_id) VALUES (4281, 'AMitrofanov', 'Митрофанов', 'Алексей', 'Михайлович', 'Зам. начальника отдела', null, null, null, null, 'MitrofanovAM@mos.ru', '19741', 517);
INSERT INTO esrd.users (id, name, lastname, firstname, patronym, position, short_position, full_position, dative_fullname, dative_position, email, phone, department_id) VALUES (4282, 'FrolovaNA', 'Фролова', 'Наталья', 'Александровна', 'Зам. начальника отдела', null, null, null, null, 'FrolovaNA@mos.ru', '17297', 515);
INSERT INTO esrd.users (id, name, lastname, firstname, patronym, position, short_position, full_position, dative_fullname, dative_position, email, phone, department_id) VALUES (4283, 'ChuvatkinaEV', 'Чуваткина', 'Евгения', 'Викторовна', 'Советник', null, null, null, null, 'ChuvatkinaEV@mos.ru', '17488', 515);
INSERT INTO esrd.users (id, name, lastname, firstname, patronym, position, short_position, full_position, dative_fullname, dative_position, email, phone, department_id) VALUES (4284, 'IvantsovaIV', 'Иванцова', 'Ирина', 'Владимировна', 'Ведущий специалист', null, null, null, null, 'IvantsovaIV@mos.ru', '17459', 517);
INSERT INTO esrd.users (id, name, lastname, firstname, patronym, position, short_position, full_position, dative_fullname, dative_position, email, phone, department_id) VALUES (4285, 'PavlovYN', 'Павлов', 'Ян', 'Николаевич', 'Специалист референтуры ', null, null, null, null, 'mosdaos@mail.ru', '17473', 586);
INSERT INTO esrd.users (id, name, lastname, firstname, patronym, position, short_position, full_position, dative_fullname, dative_position, email, phone, department_id) VALUES (4286, 'KorshikovaOE', 'Коршикова', 'Ольга', 'Евгеньевна', 'Советник', null, null, null, null, 'KorshikovaOE@develop.mos.ru', '19396', 502);
INSERT INTO esrd.users (id, name, lastname, firstname, patronym, position, short_position, full_position, dative_fullname, dative_position, email, phone, department_id) VALUES (4287, 'MartsevRV', 'Марцев', 'Руслан', 'Владимирович', 'специалист', null, null, null, null, 'MartsevRV@mos.ru', '10682', 500);
INSERT INTO esrd.users (id, name, lastname, firstname, patronym, position, short_position, full_position, dative_fullname, dative_position, email, phone, department_id) VALUES (4288, 'PR-Spesivtseva', 'Приемная', 'Спесивцевой', 'Е.Ю.', null, null, null, null, null, null, null, null);
INSERT INTO esrd.users (id, name, lastname, firstname, patronym, position, short_position, full_position, dative_fullname, dative_position, email, phone, department_id) VALUES (4289, 'MeshkorudnayaGV', 'Мешкорудная', 'Галина', 'Васильевна', 'Начальник отдела', null, null, null, null, 'MeshkorudnayaGV@mos.ru', '14898', 552);
INSERT INTO esrd.users (id, name, lastname, firstname, patronym, position, short_position, full_position, dative_fullname, dative_position, email, phone, department_id) VALUES (4290, 'SviridovaKS', 'Свиридова', 'Кристина', 'Сергеевна', null, null, null, null, null, null, null, null);
INSERT INTO esrd.users (id, name, lastname, firstname, patronym, position, short_position, full_position, dative_fullname, dative_position, email, phone, department_id) VALUES (4291, 'MamonovAA', 'Мамонов', 'Андрей', 'Андреевич', 'Консультант', null, null, null, null, 'MamonovAA@mos.ru', '17291', 552);
INSERT INTO esrd.users (id, name, lastname, firstname, patronym, position, short_position, full_position, dative_fullname, dative_position, email, phone, department_id) VALUES (4292, 'RoslavickayaKA', 'Рославицкая', 'Кристина', 'Андреевна', null, null, null, null, null, null, null, null);
INSERT INTO esrd.users (id, name, lastname, firstname, patronym, position, short_position, full_position, dative_fullname, dative_position, email, phone, department_id) VALUES (4293, 'SolomatinaIV', 'Соломатина', 'Ирина', 'Владимировна', 'Консультант', null, null, null, null, 'SolomatinaIV@mos.ru', '19440', 552);
INSERT INTO esrd.users (id, name, lastname, firstname, patronym, position, short_position, full_position, dative_fullname, dative_position, email, phone, department_id) VALUES (4294, 'YakovlevVA', 'Яковлев', 'Валентин', 'Алексеевич', 'Гл. специалист', null, null, null, null, 'YakovlevVA1@mos.ru', '17435', 552);
INSERT INTO esrd.users (id, name, lastname, firstname, patronym, position, short_position, full_position, dative_fullname, dative_position, email, phone, department_id) VALUES (4295, 'AkentievaOA', 'Акентьева', 'Олеся', 'Анатольевна', 'Гл. специалист', null, null, null, null, 'AkentievaOA@mos.ru', '17214', 539);
INSERT INTO esrd.users (id, name, lastname, firstname, patronym, position, short_position, full_position, dative_fullname, dative_position, email, phone, department_id) VALUES (4296, 'IvanovAE', 'Иванов', 'Андрей', 'Евгеньевич', null, null, null, null, null, null, null, null);
INSERT INTO esrd.users (id, name, lastname, firstname, patronym, position, short_position, full_position, dative_fullname, dative_position, email, phone, department_id) VALUES (4297, 'ZhiruhinaTS', 'Жирухина', 'Татьяна', 'Сергеевна', 'Консультант', null, null, null, null, 'ZhirukhinaTS@mos.ru', '17469', 541);
INSERT INTO esrd.users (id, name, lastname, firstname, patronym, position, short_position, full_position, dative_fullname, dative_position, email, phone, department_id) VALUES (4298, 'ChirkovaEA', 'Чиркова', 'Елизавета', 'Андреевна', null, null, null, null, null, null, null, null);
INSERT INTO esrd.users (id, name, lastname, firstname, patronym, position, short_position, full_position, dative_fullname, dative_position, email, phone, department_id) VALUES (4299, 'MayorovaMY', 'Майорова', 'Мария', 'Юрьевна', 'Гл. специалист', null, null, null, null, 'MayorovaMY@mos.ru', '17409', 539);
INSERT INTO esrd.users (id, name, lastname, firstname, patronym, position, short_position, full_position, dative_fullname, dative_position, email, phone, department_id) VALUES (4300, 'GezeyEA', 'Гезей', 'Елена', 'Андреевна', null, null, null, null, null, 'GezeyEA@gaui.mos.ru', '19432', 571);
INSERT INTO esrd.users (id, name, lastname, firstname, patronym, position, short_position, full_position, dative_fullname, dative_position, email, phone, department_id) VALUES (4301, 'AkhapkinaEV', 'Ахапкина', 'Екатерина', 'Владимировна', null, null, null, null, null, 'AkhapkinaEV1@tax.mos.ru', '17286', 571);
INSERT INTO esrd.users (id, name, lastname, firstname, patronym, position, short_position, full_position, dative_fullname, dative_position, email, phone, department_id) VALUES (4302, 'MaturinaYR', 'Матурина', 'Юлия', 'Равильевна', ' ', null, null, null, null, 'MaturinaYR@gaui.mos.ru', '18644', 571);
INSERT INTO esrd.users (id, name, lastname, firstname, patronym, position, short_position, full_position, dative_fullname, dative_position, email, phone, department_id) VALUES (4303, 'KyukeevNG', 'Кюкеев', 'Наран', 'Геннадьевич', null, null, null, null, null, null, null, null);
INSERT INTO esrd.users (id, name, lastname, firstname, patronym, position, short_position, full_position, dative_fullname, dative_position, email, phone, department_id) VALUES (4304, 'StarinkovRA', 'Старинков', 'Роман', 'Альбертович', 'Гл. специалист', null, null, null, null, 'StarinkovRA@develop.mos.ru', '18954', 530);
INSERT INTO esrd.users (id, name, lastname, firstname, patronym, position, short_position, full_position, dative_fullname, dative_position, email, phone, department_id) VALUES (4305, 'DorovskayaAA', 'Доровская', 'Анастасия', 'Александровна', 'Советник', null, null, null, null, 'DorovskayaAA@mos.ru', '14894', 530);
INSERT INTO esrd.users (id, name, lastname, firstname, patronym, position, short_position, full_position, dative_fullname, dative_position, email, phone, department_id) VALUES (4306, 'ZakharovAA', 'Захаров', 'Александр', 'Александрович', null, null, null, null, null, null, null, null);
INSERT INTO esrd.users (id, name, lastname, firstname, patronym, position, short_position, full_position, dative_fullname, dative_position, email, phone, department_id) VALUES (4307, 'ELeonova', 'Леонова', 'Елена', 'Владимировна', null, null, null, null, null, null, null, null);
INSERT INTO esrd.users (id, name, lastname, firstname, patronym, position, short_position, full_position, dative_fullname, dative_position, email, phone, department_id) VALUES (4308, 'KorochkinaOB', 'Корочкина', 'Ольга', 'Борисовна', null, null, null, null, null, null, null, null);
INSERT INTO esrd.users (id, name, lastname, firstname, patronym, position, short_position, full_position, dative_fullname, dative_position, email, phone, department_id) VALUES (4309, 'ZablodskyGV', 'Заблодский', 'Герман', 'Викторович', 'Помощник руководителя', null, null, null, null, 'ZablodskyGV@develop.mos.ru', '15344', 583);
INSERT INTO esrd.users (id, name, lastname, firstname, patronym, position, short_position, full_position, dative_fullname, dative_position, email, phone, department_id) VALUES (4310, 'AndreevaLN2', 'Андреева', 'Людмила', 'Николаевна', null, null, null, null, null, null, null, null);
INSERT INTO esrd.users (id, name, lastname, firstname, patronym, position, short_position, full_position, dative_fullname, dative_position, email, phone, department_id) VALUES (4311, 'VdovinaEE', 'Вдовина', 'Елена', 'Евгеньевна', 'Начальник Управления', null, null, null, null, 'VdovinaEE@mos.ru', '17491', 585);
INSERT INTO esrd.users (id, name, lastname, firstname, patronym, position, short_position, full_position, dative_fullname, dative_position, email, phone, department_id) VALUES (4312, 'MiklushSA', 'Миклуш', 'Сергей', 'Анатольевич', 'Начальник отдела', null, null, null, null, 'MiklushSA@mos.ru', '19730', 533);
INSERT INTO esrd.users (id, name, lastname, firstname, patronym, position, short_position, full_position, dative_fullname, dative_position, email, phone, department_id) VALUES (4313, 'SmirnovAV', 'Смирнов', 'Алексей', 'Валерьевич', 'Гл. эксперт', null, null, null, null, 'SmirnovAV6@gaui.mos.ru', '17421', 533);
INSERT INTO esrd.users (id, name, lastname, firstname, patronym, position, short_position, full_position, dative_fullname, dative_position, email, phone, department_id) VALUES (4314, 'DevakhinaYA', 'Девахина', 'Юлия', 'Александровна', 'Гл. специалист', null, null, null, null, 'PetrovaNI@mos.ru', '14881', 504);
INSERT INTO esrd.users (id, name, lastname, firstname, patronym, position, short_position, full_position, dative_fullname, dative_position, email, phone, department_id) VALUES (4315, 'ChervyatkinaSA', 'Червяткина', 'Светлана', 'Алексеевна', 'Начальник отдела', null, null, null, null, 'ChervyatkinaSA@tax.mos.ru', '15067', 504);
INSERT INTO esrd.users (id, name, lastname, firstname, patronym, position, short_position, full_position, dative_fullname, dative_position, email, phone, department_id) VALUES (4316, 'KainovaYS', 'Кайнова', 'Юлия', 'Сергеевна', 'Советник', null, null, null, null, 'KaynovaYS@mos.ru', '17449', 506);
INSERT INTO esrd.users (id, name, lastname, firstname, patronym, position, short_position, full_position, dative_fullname, dative_position, email, phone, department_id) VALUES (4317, 'BashirovIR', 'Баширов', 'Имран', 'Расимович', 'Гл. специалист', null, null, null, null, 'BashirovIR@mos.ru', '17450', 504);
INSERT INTO esrd.users (id, name, lastname, firstname, patronym, position, short_position, full_position, dative_fullname, dative_position, email, phone, department_id) VALUES (4318, 'ChecherinaTY', 'Чечерина', 'Татьяна', 'Юрьевна', null, null, null, null, null, null, null, null);
INSERT INTO esrd.users (id, name, lastname, firstname, patronym, position, short_position, full_position, dative_fullname, dative_position, email, phone, department_id) VALUES (4319, 'ZaytsevaNP', 'Зайцева', 'Наталия', 'Павловна', 'Гл. специалист', null, null, null, null, 'ZaytsevaNP1@tax.mos.ru', '17253', 504);
INSERT INTO esrd.users (id, name, lastname, firstname, patronym, position, short_position, full_position, dative_fullname, dative_position, email, phone, department_id) VALUES (4320, 'ShchegolevaYI', 'Щеголева', 'Юлия', 'Ивановна', 'Зам.начальника отдела', null, null, null, null, 'SchegolevaYI@tax.mos.ru', '17406', 507);
INSERT INTO esrd.users (id, name, lastname, firstname, patronym, position, short_position, full_position, dative_fullname, dative_position, email, phone, department_id) VALUES (4321, 'SedovaMV', 'Седова', 'Марина', 'Вячеславовна', 'Начальник отдела', null, null, null, null, 'SedovaMV@mos.ru', '15008', 507);
INSERT INTO esrd.users (id, name, lastname, firstname, patronym, position, short_position, full_position, dative_fullname, dative_position, email, phone, department_id) VALUES (4322, 'GlebovaNS', 'Глебова', 'Наталья', 'Сергеевна', 'Специалист', null, null, null, null, 'GlebovaNS1@tax.mos.ru', '17269', 507);
INSERT INTO esrd.users (id, name, lastname, firstname, patronym, position, short_position, full_position, dative_fullname, dative_position, email, phone, department_id) VALUES (4323, 'NDenisova', 'Денисова', 'Наталья', 'Валериевна', 'Гл. специалист', null, null, null, null, 'DenisovaNV1@gaui.mos.ru', '18950', 530);
INSERT INTO esrd.users (id, name, lastname, firstname, patronym, position, short_position, full_position, dative_fullname, dative_position, email, phone, department_id) VALUES (4324, 'DenisovaAS', 'Денисова', 'Александра', 'Сергеевна', 'Гл. специалист', null, null, null, null, 'DenisovaAS@mos.ru', '15032', 530);
INSERT INTO esrd.users (id, name, lastname, firstname, patronym, position, short_position, full_position, dative_fullname, dative_position, email, phone, department_id) VALUES (4325, 'ShatilovaMA', 'Шатилова', 'Марина', 'Анатольевна', 'Гл. специалист', null, null, null, null, 'KurkovaMA@mos.ru', '18956', 530);
INSERT INTO esrd.users (id, name, lastname, firstname, patronym, position, short_position, full_position, dative_fullname, dative_position, email, phone, department_id) VALUES (4326, 'KashmachkovaTN', 'Кашмачкова', 'Татьяна', 'Николаевна', 'Гл. специалист', null, null, null, null, 'KashmachkovaTN@mos.ru', '17275', 530);
INSERT INTO esrd.users (id, name, lastname, firstname, patronym, position, short_position, full_position, dative_fullname, dative_position, email, phone, department_id) VALUES (4327, 'KraevaLE', 'Краева', 'Лилия', 'Евгеньевна', 'Консультант', null, null, null, null, 'KraevaLE@mos.ru', '17281', 548);
INSERT INTO esrd.users (id, name, lastname, firstname, patronym, position, short_position, full_position, dative_fullname, dative_position, email, phone, department_id) VALUES (4328, 'MityushovaAY', 'Митюшова', 'Анна', 'Юрьевна', 'Гл. специалист', null, null, null, null, 'MityushovaAY@mos.ru', '19084', 530);
INSERT INTO esrd.users (id, name, lastname, firstname, patronym, position, short_position, full_position, dative_fullname, dative_position, email, phone, department_id) VALUES (4329, 'GladkikhMV', 'Гладких', 'Михаил', 'Викторович', 'Начальник Управления', 'Начальник управления ценообразования и теплоснабжения в коммунальной сфере', 'Начальник управления ценообразования и теплоснабжения в коммунальной сфере Департамента экономической политики и развития города Москвы', 'Гладких Михаилу Викторовичу', 'Начальнику управления ценообразования и теплоснабжения в коммунальной сфере', 'GladkikhMV@mos.ru', '14833', 549);
INSERT INTO esrd.users (id, name, lastname, firstname, patronym, position, short_position, full_position, dative_fullname, dative_position, email, phone, department_id) VALUES (4330, 'SkripitsynaTA', 'Скрипицына', 'Татьяна', 'Александровна', 'Зам. начальника отдела', null, null, null, null, 'SkripitsynaTA@mos.ru', '14836', 549);
INSERT INTO esrd.users (id, name, lastname, firstname, patronym, position, short_position, full_position, dative_fullname, dative_position, email, phone, department_id) VALUES (4331, 'ParvanEV', 'Парван', 'Елена', 'Владимировна', 'Советник', null, null, null, null, 'ParvanEV@mos.ru', '17295', 549);
INSERT INTO esrd.users (id, name, lastname, firstname, patronym, position, short_position, full_position, dative_fullname, dative_position, email, phone, department_id) VALUES (4332, 'VlaskinaII', 'Власкина', 'Ирина', 'Игоревна', 'Консультант', null, null, null, null, 'VlaskinaII@mos.ru', '17216', 549);
INSERT INTO esrd.users (id, name, lastname, firstname, patronym, position, short_position, full_position, dative_fullname, dative_position, email, phone, department_id) VALUES (4333, 'ZarinaAN', 'Зарина', 'Анастасия', 'Николаевна', null, null, null, null, null, null, null, null);
INSERT INTO esrd.users (id, name, lastname, firstname, patronym, position, short_position, full_position, dative_fullname, dative_position, email, phone, department_id) VALUES (4334, 'ZhirovaLV', 'Жирова', 'Лариса', 'Викторовна', 'Консультант', null, null, null, null, 'ZhirovaLV@mos.ru', '17220', 549);
INSERT INTO esrd.users (id, name, lastname, firstname, patronym, position, short_position, full_position, dative_fullname, dative_position, email, phone, department_id) VALUES (4335, 'KozhevnikovaVV', 'Кожевникова', 'Виктория', 'Васильевна', 'Консультант', null, null, null, null, 'KozhevnikovaVV@mos.ru', '19430', 549);
INSERT INTO esrd.users (id, name, lastname, firstname, patronym, position, short_position, full_position, dative_fullname, dative_position, email, phone, department_id) VALUES (4336, 'NosikMV', 'Носик', 'Марина', 'Васильевна', 'Зам. начальника Управления', null, null, null, null, 'NosikMV@mos.ru', '14831', 581);
INSERT INTO esrd.users (id, name, lastname, firstname, patronym, position, short_position, full_position, dative_fullname, dative_position, email, phone, department_id) VALUES (4337, 'ZernaevaAV', 'Зернаева', 'Анастасия', 'Владимировна', 'Консультант', null, null, null, null, 'ZernaevaAV@mos.ru', '19728', 549);
INSERT INTO esrd.users (id, name, lastname, firstname, patronym, position, short_position, full_position, dative_fullname, dative_position, email, phone, department_id) VALUES (4338, 'UshakovaMV', 'Ушакова', 'Марина', 'Владимировна', null, null, null, null, null, null, null, null);
INSERT INTO esrd.users (id, name, lastname, firstname, patronym, position, short_position, full_position, dative_fullname, dative_position, email, phone, department_id) VALUES (4339, 'VKhmelnitsky', 'Хмельницкий', 'Виктор', 'Эдуардович', 'Начальник отдела', null, null, null, null, 'KhmelnitskyVE@mos.ru', '19455', 577);
INSERT INTO esrd.users (id, name, lastname, firstname, patronym, position, short_position, full_position, dative_fullname, dative_position, email, phone, department_id) VALUES (4340, 'DzhiadzeDZ', 'Джиадзе', 'Давид', 'Зурабович', 'Гл. специалист', null, null, null, null, 'DzhiadzeDZ@mos.ru', '19694', 506);
INSERT INTO esrd.users (id, name, lastname, firstname, patronym, position, short_position, full_position, dative_fullname, dative_position, email, phone, department_id) VALUES (4341, 'KolpakovTA', 'Колпаков', 'Тимофей', 'Алексеевич', 'Специалист I категории', null, null, null, null, 'KolpakovTA@mos.ru', '17285', 506);
INSERT INTO esrd.users (id, name, lastname, firstname, patronym, position, short_position, full_position, dative_fullname, dative_position, email, phone, department_id) VALUES (4342, 'KondratskayaKS', 'Кондрацкая', 'Ксения', 'Сергеевна', 'Советник', null, null, null, null, 'KondratskayaKS@mos.ru', '17490', 505);
INSERT INTO esrd.users (id, name, lastname, firstname, patronym, position, short_position, full_position, dative_fullname, dative_position, email, phone, department_id) VALUES (4343, 'AntoshkinSA', 'Антошкин', 'Сергей', 'Александрович', '', null, null, null, null, 'AntoshkinSA@tax.mos.ru', '18968', 562);
INSERT INTO esrd.users (id, name, lastname, firstname, patronym, position, short_position, full_position, dative_fullname, dative_position, email, phone, department_id) VALUES (4344, 'BatunovaAV', 'Батунова', 'Анастасия', 'Владимировна', '', null, null, null, null, 'BatunovaAV@tax.mos.ru', '19443', 505);
INSERT INTO esrd.users (id, name, lastname, firstname, patronym, position, short_position, full_position, dative_fullname, dative_position, email, phone, department_id) VALUES (4345, 'Ter-StepanovVV', 'Тер-Степанов', 'Валентин', 'Валентинович', null, null, null, null, null, null, null, null);
INSERT INTO esrd.users (id, name, lastname, firstname, patronym, position, short_position, full_position, dative_fullname, dative_position, email, phone, department_id) VALUES (4346, 'SolovyovAA', 'Соловьев', 'Андрей', 'Александрович', null, null, null, null, null, 'SolovievAA5@tax.mos.ru', '10124', 505);
INSERT INTO esrd.users (id, name, lastname, firstname, patronym, position, short_position, full_position, dative_fullname, dative_position, email, phone, department_id) VALUES (4347, 'AvdeevaEA', 'Авдеева', 'Елена', 'Анатольевна', null, null, null, null, null, 'AvdeevaEA4@tax.mos.ru', '19433', 505);
INSERT INTO esrd.users (id, name, lastname, firstname, patronym, position, short_position, full_position, dative_fullname, dative_position, email, phone, department_id) VALUES (4348, 'NarhovMY', 'Нархов', 'Михаил', 'Юрьевич', null, null, null, null, null, null, null, null);
INSERT INTO esrd.users (id, name, lastname, firstname, patronym, position, short_position, full_position, dative_fullname, dative_position, email, phone, department_id) VALUES (4349, 'DerevyankinaAV', 'Деревянкина', 'Анастасия', 'Викторовна', null, null, null, null, null, 'DerevyankinaAV@tax.mos.ru', '18953', 505);
INSERT INTO esrd.users (id, name, lastname, firstname, patronym, position, short_position, full_position, dative_fullname, dative_position, email, phone, department_id) VALUES (4350, 'VarlashinaTA', 'Варлашина', 'Татьяна', 'Андреевна', 'Гл. специалист', null, null, null, null, 'VarlashinaTA@mos.ru', '19759', 506);
INSERT INTO esrd.users (id, name, lastname, firstname, patronym, position, short_position, full_position, dative_fullname, dative_position, email, phone, department_id) VALUES (4351, 'ChumakovaIV', 'Чумакова', 'Ирина', 'Вадимовна', 'Специалист референтуры', null, null, null, null, 'ChumakovaIV@develop.mos.ru', '19674', 586);
INSERT INTO esrd.users (id, name, lastname, firstname, patronym, position, short_position, full_position, dative_fullname, dative_position, email, phone, department_id) VALUES (4352, 'DubrovskiMV', 'Дубровский', 'Михаил', 'Витальевич', 'Специалист пресс-службы (СЭР). Информационное сопровождение', null, null, null, null, 'DubrovskyMV@develop.mos.ru', '14895', 586);
INSERT INTO esrd.users (id, name, lastname, firstname, patronym, position, short_position, full_position, dative_fullname, dative_position, email, phone, department_id) VALUES (4353, 'PonomarevaSA', 'Пономарева', 'Светлана', 'Александровна', 'Координатор проектов пресс-службы', null, null, null, null, 'PonomarevaSA1@mos.ru', '17263', 586);
INSERT INTO esrd.users (id, name, lastname, firstname, patronym, position, short_position, full_position, dative_fullname, dative_position, email, phone, department_id) VALUES (4354, 'YudinaPA', 'Юдина', 'Полина', 'Александровна', 'Специалист по внутренним коммуникациям и работе с сайтом ', null, null, null, null, 'YudinaPA@mos.ru', '19726', 586);
INSERT INTO esrd.users (id, name, lastname, firstname, patronym, position, short_position, full_position, dative_fullname, dative_position, email, phone, department_id) VALUES (4355, 'GovorovaNV', 'Говорова', 'Наталья', 'Викторовна', 'Руководитель службы протокола', null, null, null, null, 'GovorovaNV@develop.mos.ru', '14880', 503);
INSERT INTO esrd.users (id, name, lastname, firstname, patronym, position, short_position, full_position, dative_fullname, dative_position, email, phone, department_id) VALUES (4356, 'RybakSO', 'Рыбак', 'Сергей', 'Олегович', 'Руководитель пресс-службы Комплекса, пресс-секретарь руководителя', null, null, null, null, 'RybakSO@mos.ru ', '19750', 503);
INSERT INTO esrd.users (id, name, lastname, firstname, patronym, position, short_position, full_position, dative_fullname, dative_position, email, phone, department_id) VALUES (4357, 'GorbunovaIO', 'Горбунова', 'Ирина', 'Олеговна', 'специалист', null, null, null, null, 'GorbunovaIO@mos.ru', '17398', 503);
INSERT INTO esrd.users (id, name, lastname, firstname, patronym, position, short_position, full_position, dative_fullname, dative_position, email, phone, department_id) VALUES (4358, 'YSharychenko', 'Шарыченко', 'Юлия', 'Юрьевна', 'Гл. специалист', null, null, null, null, 'SharychenkoYY@gaui.mos.ru', '10128', 531);
INSERT INTO esrd.users (id, name, lastname, firstname, patronym, position, short_position, full_position, dative_fullname, dative_position, email, phone, department_id) VALUES (4359, 'RuseevaLM', 'Русеева', 'Лариса', 'Михайловна', 'Корректор', null, null, null, null, 'RuseevaLM@develop.mos.ru', '17202', 561);
INSERT INTO esrd.users (id, name, lastname, firstname, patronym, position, short_position, full_position, dative_fullname, dative_position, email, phone, department_id) VALUES (4360, 'StepanovaTS', 'Степанова', 'Татьяна', 'Сергеевна', 'Консультант', null, null, null, null, 'StepanovaTS@mos.ru', '17221', 531);
INSERT INTO esrd.users (id, name, lastname, firstname, patronym, position, short_position, full_position, dative_fullname, dative_position, email, phone, department_id) VALUES (4361, 'SkvorchevskayaNY', 'Скворчевская', 'Надежда', 'Юрьевна', 'Советник', null, null, null, null, 'SkvorchevskayaNY@mos.ru', '18664', null);
INSERT INTO esrd.users (id, name, lastname, firstname, patronym, position, short_position, full_position, dative_fullname, dative_position, email, phone, department_id) VALUES (4362, 'SivkovaMA', 'Сивкова', 'Марина', 'Анатольевна', 'Корректор', null, null, null, null, 'SivkovaMA@tax.mos.ru', '15004', 571);
INSERT INTO esrd.users (id, name, lastname, firstname, patronym, position, short_position, full_position, dative_fullname, dative_position, email, phone, department_id) VALUES (4363, 'LoshkarevaEB', 'Лошкарева', 'Елена', 'Борисовна', 'Советник', null, null, null, null, 'LoshkarevaEB@mos.ru', '17249', 517);
INSERT INTO esrd.users (id, name, lastname, firstname, patronym, position, short_position, full_position, dative_fullname, dative_position, email, phone, department_id) VALUES (4364, 'AJastrebov', 'Ястребов', 'Александр', 'Александрович', 'Начальник отдела', null, null, null, null, 'YastrebovAA@mos.ru', '19713', 576);
INSERT INTO esrd.users (id, name, lastname, firstname, patronym, position, short_position, full_position, dative_fullname, dative_position, email, phone, department_id) VALUES (4365, 'ChernovolOV', 'Черновол', 'Ольга', 'Владимировна', null, null, null, null, null, null, null, null);
INSERT INTO esrd.users (id, name, lastname, firstname, patronym, position, short_position, full_position, dative_fullname, dative_position, email, phone, department_id) VALUES (4366, 'MiheevaLV', 'Михеева', 'Людмила', 'Васильевна', 'Главный эксперт', null, null, null, null, 'MikheevaLV@gaui.mos.ru', '17431', 535);
INSERT INTO esrd.users (id, name, lastname, firstname, patronym, position, short_position, full_position, dative_fullname, dative_position, email, phone, department_id) VALUES (4367, 'AbdyukovaAR', 'Абдюкова', 'Анжела', 'Рафаэлевна', null, null, null, null, null, null, null, null);
INSERT INTO esrd.users (id, name, lastname, firstname, patronym, position, short_position, full_position, dative_fullname, dative_position, email, phone, department_id) VALUES (4368, 'GurievaII', 'Гурьева', 'Инна', 'Игоревна', 'Гл. специалист', null, null, null, null, 'GurievaII@mos.ru', '17284', 517);
INSERT INTO esrd.users (id, name, lastname, firstname, patronym, position, short_position, full_position, dative_fullname, dative_position, email, phone, department_id) VALUES (4369, 'RoslyaevaVV', 'Росляева', 'Валерия', 'Владимировна', 'Гл.специалист', null, null, null, null, 'RoslyaevaVV@develop.mos.ru', '19731', 502);
INSERT INTO esrd.users (id, name, lastname, firstname, patronym, position, short_position, full_position, dative_fullname, dative_position, email, phone, department_id) VALUES (4370, 'RasskazovMA', 'Рассказов', 'Максим', 'Александрович', null, null, null, null, null, null, null, null);
INSERT INTO esrd.users (id, name, lastname, firstname, patronym, position, short_position, full_position, dative_fullname, dative_position, email, phone, department_id) VALUES (4371, 'KarkotskayaAY', 'Каркоцкая', 'Анастасия', 'Юрьевна', null, null, null, null, null, null, null, null);
INSERT INTO esrd.users (id, name, lastname, firstname, patronym, position, short_position, full_position, dative_fullname, dative_position, email, phone, department_id) VALUES (4372, 'SaltykovaAV', 'Салтыкова', 'Анна', 'Валентиновна', 'Консультант', null, null, null, null, 'SaltykovaAV@mos.ru', '14839', 531);
INSERT INTO esrd.users (id, name, lastname, firstname, patronym, position, short_position, full_position, dative_fullname, dative_position, email, phone, department_id) VALUES (4373, 'SaprykinaAA', 'Сапрыкина', 'Анна', 'Андреевна', 'Заведующий сектором', 'Секретарь Правления', 'Секретарь Правления', 'Сапрыкиной Анне Андреевне', 'Секретарю Правления', 'SaprykinaAA@mos.ru', '17227', 541);
INSERT INTO esrd.users (id, name, lastname, firstname, patronym, position, short_position, full_position, dative_fullname, dative_position, email, phone, department_id) VALUES (4374, 'MakhrovSS', 'Махров', 'Станислав', 'Станиславович', 'Начальник отдела', null, null, null, null, 'MakhrovSS1@mos.ru', '15451', null);

INSERT INTO esrd.role (id, name) VALUES (3000, 'ADMIN');
INSERT INTO esrd.role (id, name) VALUES (3001, 'USER');
INSERT INTO esrd.role (id, name) VALUES (3002, 'Отраслевое управление');
INSERT INTO esrd.role (id, name) VALUES (3003, 'Руководство отраслевого управления');
INSERT INTO esrd.role (id, name) VALUES (3004, 'Руководство юридического управления');
INSERT INTO esrd.role (id, name) VALUES (3005, 'Секретарь Правления');
INSERT INTO esrd.role (id, name) VALUES (3006, 'Дата повестки');

INSERT INTO esrd.role_child_role (role_id, child_role_id) VALUES  (3002, 3006);
INSERT INTO esrd.role_child_role (role_id, child_role_id) VALUES  (3005, 3006);

INSERT INTO esrd.user_roles (user_id, role_id) VALUES (4000, 3000); -- Право ADMIN для admin
INSERT INTO esrd.user_roles (user_id, role_id) VALUES (4001, 3002); -- Право Отраслевое управление для user1
INSERT INTO esrd.user_roles (user_id, role_id) VALUES (4001, 3001); -- Право USER для user1
INSERT INTO esrd.user_roles (user_id, role_id) VALUES (4002, 3002); -- Право Отраслевое управление user2
INSERT INTO esrd.user_roles (user_id, role_id) VALUES (4002, 3001); -- Право USER для Волковой user2

INSERT INTO esrd.user_roles (user_id, role_id) VALUES (4374, 3000); -- Право ADMIN для Махрова
INSERT INTO esrd.user_roles (user_id, role_id) VALUES (4194, 3002); -- Право Отраслевое управление для Хвасточенко О.Н.
INSERT INTO esrd.user_roles (user_id, role_id) VALUES (4194, 3001); -- Право USER для Хвасточенко О.Н.
INSERT INTO esrd.user_roles (user_id, role_id) VALUES (4192, 3002); -- Право Отраслевое управление для Волковой О.Н.
INSERT INTO esrd.user_roles (user_id, role_id) VALUES (4192, 3001); -- Право USER для Волковой О.Н.
INSERT INTO esrd.user_roles (user_id, role_id) VALUES (4096, 3002); -- Право Отраслевое управление для Жегалиной Л.И.
INSERT INTO esrd.user_roles (user_id, role_id) VALUES (4096, 3001); -- Право USER для Жегалиной Л.И.
INSERT INTO esrd.user_roles (user_id, role_id) VALUES (4193, 3002); -- Право Отраслевое управление для Лебедевой И.А.
INSERT INTO esrd.user_roles (user_id, role_id) VALUES (4193, 3001); -- Право USER для Лебедевой И.А.
INSERT INTO esrd.user_roles (user_id, role_id) VALUES (4336, 3003); -- Право Руководство отраслевого управления для Носик М.В.
INSERT INTO esrd.user_roles (user_id, role_id) VALUES (4336, 3001); -- Право USER для Носик М.В.
INSERT INTO esrd.user_roles (user_id, role_id) VALUES (4329, 3003); -- Право Руководство отраслевого управления для Гладких М.В.
INSERT INTO esrd.user_roles (user_id, role_id) VALUES (4329, 3001); -- Право USER для Гладких М.В.
INSERT INTO esrd.user_roles (user_id, role_id) VALUES (4084, 3004); -- Право Руководство юридического управления для Широковой Е.Ю.
INSERT INTO esrd.user_roles (user_id, role_id) VALUES (4084, 3001); -- Право USER для Широковой Е.Ю.
INSERT INTO esrd.user_roles (user_id, role_id) VALUES (4373, 3005); -- Право Секретарь Правления для Сапрыкиной
INSERT INTO esrd.user_roles (user_id, role_id) VALUES (4373, 3001); -- Право USER для Сапрыкиной

INSERT INTO esrd.doc_number_prefixes (id, name) VALUES (23, 'ДПР');
INSERT INTO esrd.doc_number_prefixes (id, name) VALUES (24, 'ДПР-П');
INSERT INTO esrd.doc_number_prefixes (id, name) VALUES (25, 'ДПР-ПPО');

INSERT INTO esrd.catalog (id, parent_catalog_id, name, catalogtype_id) VALUES (1001, null, 'Предмет вопроса', 0);
INSERT INTO esrd.catalog (id, parent_catalog_id, name, catalogtype_id) VALUES (1002, 1001, 'Вопрос', 0);
INSERT INTO esrd.catalog (id, parent_catalog_id, name, catalogtype_id) VALUES (1003, 1001, 'Сфера деятельности', 0);
INSERT INTO esrd.catalog (id, parent_catalog_id, name, catalogtype_id) VALUES (1004, 1003, 'Вид тариф', 0);
INSERT INTO esrd.catalog (id, parent_catalog_id, name, catalogtype_id) VALUES (1005, 1004, 'Подключаемая система при технологическом присоединении', 0);
INSERT INTO esrd.catalog (id, parent_catalog_id, name, catalogtype_id) VALUES (1006, null, 'Организация', 0);
INSERT INTO esrd.catalog (id, parent_catalog_id, name, catalogtype_id) VALUES (1007, null, 'Ответственный', 0);
INSERT INTO esrd.catalog (id, parent_catalog_id, name, catalogtype_id) VALUES (1008, 1001, 'Номер приказа', 0);

INSERT INTO esrd.catalogelem (id, value_int, value_str, catalog_id, parent_catalogelem_id) VALUES (2007, null, 'Регулирование цен (тарифов)', 1001, null);
INSERT INTO esrd.catalogelem (id, value_int, value_str, catalog_id, parent_catalogelem_id) VALUES (2008, null, 'Изменение, отменена правовых актов', 1001, null);
INSERT INTO esrd.catalogelem (id, value_int, value_str, catalog_id, parent_catalogelem_id) VALUES (2009, null, 'Утверждение инвестиционных программ', 1001, null);
INSERT INTO esrd.catalogelem (id, value_int, value_str, catalog_id, parent_catalogelem_id) VALUES (2010, null, 'Иные вопросы', 1001, null);
INSERT INTO esrd.catalogelem (id, value_int, value_str, catalog_id, parent_catalogelem_id) VALUES (2011, null, 'Об установлении', 1002, 2007);
INSERT INTO esrd.catalogelem (id, value_int, value_str, catalog_id, parent_catalogelem_id) VALUES (2012, null, 'Об установлении долгосрочных', 1002, 2007);
INSERT INTO esrd.catalogelem (id, value_int, value_str, catalog_id, parent_catalogelem_id) VALUES (2013, null, 'Об утверждении', 1002, 2007);
INSERT INTO esrd.catalogelem (id, value_int, value_str, catalog_id, parent_catalogelem_id) VALUES (2014, null, 'О корректировке', 1002, 2007);
INSERT INTO esrd.catalogelem (id, value_int, value_str, catalog_id, parent_catalogelem_id) VALUES (2015, null, 'О корректировке установленных долгосрочных', 1002, 2007);
INSERT INTO esrd.catalogelem (id, value_int, value_str, catalog_id, parent_catalogelem_id) VALUES (2016, null, 'Об отсутствии оснований для установления', 1002, 2007);
INSERT INTO esrd.catalogelem (id, value_int, value_str, catalog_id, parent_catalogelem_id) VALUES (2017, null, 'Об отсутствии оснований для установления долгосрочных', 1002, 2007);
INSERT INTO esrd.catalogelem (id, value_int, value_str, catalog_id, parent_catalogelem_id) VALUES (2018, null, 'Об отсутствии оснований для корректировки', 1002, 2007);
INSERT INTO esrd.catalogelem (id, value_int, value_str, catalog_id, parent_catalogelem_id) VALUES (2019, null, 'Об отсутствии оснований для корректировки установленных долгосрочных', 1002, 2007);
INSERT INTO esrd.catalogelem (id, value_int, value_str, catalog_id, parent_catalogelem_id) VALUES (2020, null, 'О прекращении рассмотрения дела об установлении', 1002, 2007);
INSERT INTO esrd.catalogelem (id, value_int, value_str, catalog_id, parent_catalogelem_id) VALUES (2021, null, 'О прекращении рассмотрения дела об установлении долгосрочных', 1002, 2007);
INSERT INTO esrd.catalogelem (id, value_int, value_str, catalog_id, parent_catalogelem_id) VALUES (2022, null, 'О прекращении рассмотрения дела о корректировке', 1002, 2007);
INSERT INTO esrd.catalogelem (id, value_int, value_str, catalog_id, parent_catalogelem_id) VALUES (2023, null, 'О прекращении рассмотрения дела о корректировке установленных долгосрочных', 1002, 2007);
INSERT INTO esrd.catalogelem (id, value_int, value_str, catalog_id, parent_catalogelem_id) VALUES (2024, null, 'Об отсутствии оснований для утверждения', 1002, 2007);
INSERT INTO esrd.catalogelem (id, value_int, value_str, catalog_id, parent_catalogelem_id) VALUES (2025, null, 'О внесении изменений в приказ Департамента экономической политики и развития города Москвы', 1002, 2008);
INSERT INTO esrd.catalogelem (id, value_int, value_str, catalog_id, parent_catalogelem_id) VALUES (2026, null, 'О признании утратившим силу приказа Департамента экономической политики и развития города Москвы', 1002, 2008);
INSERT INTO esrd.catalogelem (id, value_int, value_str, catalog_id, parent_catalogelem_id) VALUES (2027, null, 'О признании утратившим силу правового акта', 1002, 2008);
INSERT INTO esrd.catalogelem (id, value_int, value_str, catalog_id, parent_catalogelem_id) VALUES (2028, null, 'О соответствии организаций критериям отнесения владельцев объектов электросетевого хозяйства к территориальным сетевым организациям', 1002, 2010);
INSERT INTO esrd.catalogelem (id, value_int, value_str, catalog_id, parent_catalogelem_id) VALUES (2029, null, 'Об утверждении', 1002, 2009);
INSERT INTO esrd.catalogelem (id, value_int, value_str, catalog_id, parent_catalogelem_id) VALUES (2030, null, 'Об отсутствии оснований для утверждения', 1002, 2009);
INSERT INTO esrd.catalogelem (id, value_int, value_str, catalog_id, parent_catalogelem_id) VALUES (2031, null, 'Электроэнергетика', 1003, 2007);
INSERT INTO esrd.catalogelem (id, value_int, value_str, catalog_id, parent_catalogelem_id) VALUES (2032, null, 'Теплоснабжение', 1003, 2007);
INSERT INTO esrd.catalogelem (id, value_int, value_str, catalog_id, parent_catalogelem_id) VALUES (2033, null, 'Холодное водоснабжение, водоотведение', 1003, 2007);
INSERT INTO esrd.catalogelem (id, value_int, value_str, catalog_id, parent_catalogelem_id) VALUES (2034, null, 'Горячее водоснабжение', 1003, 2007);
INSERT INTO esrd.catalogelem (id, value_int, value_str, catalog_id, parent_catalogelem_id) VALUES (2035, null, 'Газоснабжение, топливо', 1003, 2007);
INSERT INTO esrd.catalogelem (id, value_int, value_str, catalog_id, parent_catalogelem_id) VALUES (2036, null, 'ТКО', 1003, 2007);
INSERT INTO esrd.catalogelem (id, value_int, value_str, catalog_id, parent_catalogelem_id) VALUES (2037, null, 'Транспорт', 1003, 2007);
INSERT INTO esrd.catalogelem (id, value_int, value_str, catalog_id, parent_catalogelem_id) VALUES (2038, null, 'Инвестиционные программы', 1003, 2009);
INSERT INTO esrd.catalogelem (id, value_int, value_str, catalog_id, parent_catalogelem_id) VALUES (2039, null, 'Определение фактических значений показателей надежности и качества поставляемых товаров и оказываемых услуг для территориальных сетевых организаций города Москвы', 1002, 2010);
INSERT INTO esrd.catalogelem (id, value_int, value_str, catalog_id, parent_catalogelem_id) VALUES (2040, null, 'тарифов на питьевую воду (питьевое водоснабжение) и водоотведение', 1004, 2033);
INSERT INTO esrd.catalogelem (id, value_int, value_str, catalog_id, parent_catalogelem_id) VALUES (2041, null, 'тарифов на питьевую воду (питьевое водоснабжение)', 1004, 2033);
INSERT INTO esrd.catalogelem (id, value_int, value_str, catalog_id, parent_catalogelem_id) VALUES (2042, null, 'тарифов на водоотведение', 1004, 2033);
INSERT INTO esrd.catalogelem (id, value_int, value_str, catalog_id, parent_catalogelem_id) VALUES (2043, null, 'тарифов на транспортировку воды и транспортировку сточных вод', 1004, 2033);
INSERT INTO esrd.catalogelem (id, value_int, value_str, catalog_id, parent_catalogelem_id) VALUES (2044, null, 'тарифов на транспортировку воды', 1004, 2033);
INSERT INTO esrd.catalogelem (id, value_int, value_str, catalog_id, parent_catalogelem_id) VALUES (2045, null, 'тарифов на транспортировку сточных вод', 1004, 2033);
INSERT INTO esrd.catalogelem (id, value_int, value_str, catalog_id, parent_catalogelem_id) VALUES (2046, null, 'тарифов на питьевую воду (питьевое водоснабжение) и транспортировку сточных вод', 1004, 2033);
INSERT INTO esrd.catalogelem (id, value_int, value_str, catalog_id, parent_catalogelem_id) VALUES (2047, null, 'тарифов на водоотведение поверхностных сточных вод', 1004, 2033);
INSERT INTO esrd.catalogelem (id, value_int, value_str, catalog_id, parent_catalogelem_id) VALUES (2048, null, 'тарифов на водоотведение и транспортировку воды', 1004, 2033);
INSERT INTO esrd.catalogelem (id, value_int, value_str, catalog_id, parent_catalogelem_id) VALUES (2049, null, 'тарифов на подключение (технологическое присоединение) к централизованной системе холодного водоснабжения', 1004, 2033);
INSERT INTO esrd.catalogelem (id, value_int, value_str, catalog_id, parent_catalogelem_id) VALUES (2050, null, 'платы за подключение (технологическое присоединение) к централизованной системе холодного водоснабжения в индивидуальном порядке', 1004, 2033);
INSERT INTO esrd.catalogelem (id, value_int, value_str, catalog_id, parent_catalogelem_id) VALUES (2051, null, 'тарифов на подключение (технологическое присоединение) к централизованной системе водоотведения', 1004, 2033);
INSERT INTO esrd.catalogelem (id, value_int, value_str, catalog_id, parent_catalogelem_id) VALUES (2052, null, 'платы за подключение (технологическое присоединение) к централизованной системе водоотведения в индивидуальном порядке', 1004, 2033);
INSERT INTO esrd.catalogelem (id, value_int, value_str, catalog_id, parent_catalogelem_id) VALUES (2053, null, 'тарифов на тепловую энергию (мощность), производимую в режиме комбинированной выработки электрической и тепловой энергии источниками тепловой энергии с установленной генерирующей мощностью производства электрической энергии 25 МВт и более', 1004, 2032);
INSERT INTO esrd.catalogelem (id, value_int, value_str, catalog_id, parent_catalogelem_id) VALUES (2054, null, 'тарифов на тепловую энергию (мощность), поставляемую потребителям', 1004, 2032);
INSERT INTO esrd.catalogelem (id, value_int, value_str, catalog_id, parent_catalogelem_id) VALUES (2055, null, 'тарифов на тепловую энергию (мощность), поставляемую другим теплоснабжающим организациям', 1004, 2032);
INSERT INTO esrd.catalogelem (id, value_int, value_str, catalog_id, parent_catalogelem_id) VALUES (2056, null, 'тарифов на тепловую энергию (мощность), поставляемую единой теплоснабжающей организацией теплоснабжающим организациям, приобретающим тепловую энергию с целью компенсации потерь тепловой энергии', 1004, 2032);
INSERT INTO esrd.catalogelem (id, value_int, value_str, catalog_id, parent_catalogelem_id) VALUES (2057, null, 'тарифов на теплоноситель', 1004, 2032);
INSERT INTO esrd.catalogelem (id, value_int, value_str, catalog_id, parent_catalogelem_id) VALUES (2058, null, 'тарифов на услуги по передаче тепловой энергии', 1004, 2032);
INSERT INTO esrd.catalogelem (id, value_int, value_str, catalog_id, parent_catalogelem_id) VALUES (2059, null, 'тарифов на горячую воду в открытых системах теплоснабжения (горячего водоснабжения)', 1004, 2032);
INSERT INTO esrd.catalogelem (id, value_int, value_str, catalog_id, parent_catalogelem_id) VALUES (2060, null, 'тарифов за услуги по поддержанию резервной тепловой мощности при отсутствии потребления тепловой энергии для отдельных категорий (групп) социально значимых потребителей', 1004, 2032);
INSERT INTO esrd.catalogelem (id, value_int, value_str, catalog_id, parent_catalogelem_id) VALUES (2061, null, 'платы за подключение к системе теплоснабжения', 1004, 2032);
INSERT INTO esrd.catalogelem (id, value_int, value_str, catalog_id, parent_catalogelem_id) VALUES (2062, null, 'платы за подключение к системе теплоснабжения в индивидуальном порядке', 1004, 2032);
INSERT INTO esrd.catalogelem (id, value_int, value_str, catalog_id, parent_catalogelem_id) VALUES (2063, null, 'тарифов на горячую воду (горячее водоснабжение), поставляемую потребителям с использованием закрытой системы горячего водоснабжения', 1004, 2034);
INSERT INTO esrd.catalogelem (id, value_int, value_str, catalog_id, parent_catalogelem_id) VALUES (2064, null, 'тарифа на горячую воду (горячее водоснабжение), поставляемую потребителям с использованием закрытой системы горячего водоснабжения', 1004, 2034);
INSERT INTO esrd.catalogelem (id, value_int, value_str, catalog_id, parent_catalogelem_id) VALUES (2065, null, 'тарифов на транспортировку горячей воды', 1004, 2034);
INSERT INTO esrd.catalogelem (id, value_int, value_str, catalog_id, parent_catalogelem_id) VALUES (2066, null, 'тарифов на подключение (технологическое присоединение) к централизованной системе горячего водоснабжения', 1004, 2034);
INSERT INTO esrd.catalogelem (id, value_int, value_str, catalog_id, parent_catalogelem_id) VALUES (2067, null, 'экономически обоснованных цен на твердое топливо (уголь) для бытовых нужд населения города Москвы, проживающего в домах с печным отоплением', 1004, 2035);
INSERT INTO esrd.catalogelem (id, value_int, value_str, catalog_id, parent_catalogelem_id) VALUES (2068, null, 'платы за технологическое присоединение газоиспользующего оборудования к газораспределительным сетям по индивидуальному проекту', 1004, 2035);
INSERT INTO esrd.catalogelem (id, value_int, value_str, catalog_id, parent_catalogelem_id) VALUES (2069, null, 'стандартизированных тарифных ставок, определяющих величину платы за технологическое присоединение газоиспользующего оборудования к газораспределительным сетям', 1004, 2035);
INSERT INTO esrd.catalogelem (id, value_int, value_str, catalog_id, parent_catalogelem_id) VALUES (2070, null, 'размера специальной надбавки к тарифам на услуги по транспортировке газа по газораспределительным сетям, предназначенной для финансирования программ газификации', 1004, 2035);
INSERT INTO esrd.catalogelem (id, value_int, value_str, catalog_id, parent_catalogelem_id) VALUES (2071, null, 'розничных цен на природный газ, реализуемый населению', 1004, 2035);
INSERT INTO esrd.catalogelem (id, value_int, value_str, catalog_id, parent_catalogelem_id) VALUES (2072, null, 'цен (тарифов) на электрическую энергию (мощность), поставляемую населению и приравненным к нему категориям потребителей', 1004, 2031);
INSERT INTO esrd.catalogelem (id, value_int, value_str, catalog_id, parent_catalogelem_id) VALUES (2073, null, 'сбытовых надбавок гарантирующего поставщика электрической энергии', 1004, 2031);
INSERT INTO esrd.catalogelem (id, value_int, value_str, catalog_id, parent_catalogelem_id) VALUES (2074, null, 'индивидуальных тарифов на услуги по передаче электрической энергии для взаиморасчетов между двумя сетевыми организациями ', 1004, 2031);
INSERT INTO esrd.catalogelem (id, value_int, value_str, catalog_id, parent_catalogelem_id) VALUES (2075, null, 'единых (котловых) тарифов на услуги по передаче электрической энергии, поставляемой прочим потребителям', 1004, 2031);
INSERT INTO esrd.catalogelem (id, value_int, value_str, catalog_id, parent_catalogelem_id) VALUES (2076, null, 'платы за технологическое присоединение к электрическим сетям территориальных сетевых организаций для заявителей, подающих заявку на технологическое присоединение энергопринимающих устройств максимальной мощностью, не превышающей 15 кВт включительно (с учетом ранее присоединенных в данной точке присоединения энергопринимающих устройств)', 1004, 2031);
INSERT INTO esrd.catalogelem (id, value_int, value_str, catalog_id, parent_catalogelem_id) VALUES (2077, null, 'стандартизированных тарифных ставок, определяющих величину платы за технологическое присоединение к электрическим сетям территориальных сетевых организаций', 1004, 2031);
INSERT INTO esrd.catalogelem (id, value_int, value_str, catalog_id, parent_catalogelem_id) VALUES (2078, null, 'формулы платы за технологическое присоединение', 1004, 2031);
INSERT INTO esrd.catalogelem (id, value_int, value_str, catalog_id, parent_catalogelem_id) VALUES (2079, null, 'ставки за единицу максимальной мощности для определения платы за технологическое присоединение к электрическим сетям на уровне напряжения ниже 35 кВ и мощности менее 8900 кВт', 1004, 2031);
INSERT INTO esrd.catalogelem (id, value_int, value_str, catalog_id, parent_catalogelem_id) VALUES (2080, null, 'платы за технологическое присоединение к электрическим сетям по индивидуальному проекту', 1004, 2031);
INSERT INTO esrd.catalogelem (id, value_int, value_str, catalog_id, parent_catalogelem_id) VALUES (2081, null, 'единого тарифа на услугу регионального оператора по обращению с твердыми коммунальными отходами', 1004, 2036);
INSERT INTO esrd.catalogelem (id, value_int, value_str, catalog_id, parent_catalogelem_id) VALUES (2082, null, 'тарифа на обработку твердых коммунальных отходов', 1004, 2036);
INSERT INTO esrd.catalogelem (id, value_int, value_str, catalog_id, parent_catalogelem_id) VALUES (2083, null, 'тарифа на обезвреживание твердых коммунальных отходов', 1004, 2036);
INSERT INTO esrd.catalogelem (id, value_int, value_str, catalog_id, parent_catalogelem_id) VALUES (2084, null, 'тарифа на захоронение твердых коммунальных отходов', 1004, 2036);
INSERT INTO esrd.catalogelem (id, value_int, value_str, catalog_id, parent_catalogelem_id) VALUES (2085, null, 'тарифов на транспортные услуги, оказываемые на подъездных железнодорожных путях', 1004, 2037);
INSERT INTO esrd.catalogelem (id, value_int, value_str, catalog_id, parent_catalogelem_id) VALUES (2086, null, 'тарифов на транспортные услуги, оказываемые в аэропорту', 1004, 2037);
INSERT INTO esrd.catalogelem (id, value_int, value_str, catalog_id, parent_catalogelem_id) VALUES (2087, null, 'тарифа на услуги по предоставлению судам причалов', 1004, 2037);
INSERT INTO esrd.catalogelem (id, value_int, value_str, catalog_id, parent_catalogelem_id) VALUES (2088, null, 'нормативной стоимости перевозки пассажиров', 1004, 2037);
INSERT INTO esrd.catalogelem (id, value_int, value_str, catalog_id, parent_catalogelem_id) VALUES (2089, null, 'экономически обоснованного уровеня тарифа на железнодорожные перевозки пассажиров в пригородном сообщении', 1004, 2037);
INSERT INTO esrd.catalogelem (id, value_int, value_str, catalog_id, parent_catalogelem_id) VALUES (2090, null, 'инвестиционной программы', 1004, 2038);
INSERT INTO esrd.catalogelem (id, value_int, value_str, catalog_id, parent_catalogelem_id) VALUES (2091, null, 'корректировки инвестиционной программы', 1004, 2038);
INSERT INTO esrd.catalogelem (id, value_int, value_str, catalog_id, parent_catalogelem_id) VALUES (2092, null, 'от 29 ноября 2016 года № 215-ТР', 1008, 2008);
INSERT INTO esrd.catalogelem (id, value_int, value_str, catalog_id, parent_catalogelem_id) VALUES (2093, null, 'от 2 декабря 2016 года № 254-ТР', 1008, 2008);
INSERT INTO esrd.catalogelem (id, value_int, value_str, catalog_id, parent_catalogelem_id) VALUES (2094, null, 'от 2 декабря 2016 года № 258-ТР', 1008, 2008);
INSERT INTO esrd.catalogelem (id, value_int, value_str, catalog_id, parent_catalogelem_id) VALUES (2095, null, 'от 2 декабря 2016 года № 259-ТР', 1008, 2008);
INSERT INTO esrd.catalogelem (id, value_int, value_str, catalog_id, parent_catalogelem_id) VALUES (2096, null, 'от 9 декабря 2016 года № 330-ТР', 1008, 2008);
INSERT INTO esrd.catalogelem (id, value_int, value_str, catalog_id, parent_catalogelem_id) VALUES (2097, null, 'от 9 декабря 2016 года № 331-ТР', 1008, 2008);

INSERT INTO esrd.doctype (id, name, role_id, tmp_template_filename, template_filename, doc_number_prefix_id)
VALUES (1, 'Включение вопросов в Повестку заседания Правления', 3002, 'zapiska.docx', 'zapiska.docx', 23);
INSERT INTO esrd.field (id, name, fieldtype, position_in_group, max_count, length, catalog_id, tag) VALUES (4, 'Дата заседания', 'DATE', null, null, null, null, 'MeetingDate');
INSERT INTO esrd.field (id, name, fieldtype, position_in_group, max_count, length, catalog_id, tag) VALUES (7, 'Вопросы повестки', 'GROUP_FIELDS', null, 4, null, null, '');
INSERT INTO esrd.field (id, name, fieldtype, position_in_group, max_count, length, catalog_id, tag) VALUES (8, 'Предмет вопроса', 'CATALOG', null, null, null, 1001, '[Questions]Subject');
INSERT INTO esrd.field (id, name, fieldtype, position_in_group, max_count, length, catalog_id, tag) VALUES (9, 'Вопрос', 'CATALOG', null, null, null, 1002, '[Questions]Question');
INSERT INTO esrd.field (id, name, fieldtype, position_in_group, max_count, length, catalog_id, tag) VALUES (10, 'Период', 'TEXT', null, null, null, null, '[Questions]Period');
INSERT INTO esrd.field (id, name, fieldtype, position_in_group, max_count, length, catalog_id, tag) VALUES (11, 'Сфера деятельности', 'CATALOG', null, null, null, 1003, '[Questions]Direction');
INSERT INTO esrd.field (id, name, fieldtype, position_in_group, max_count, length, catalog_id, tag) VALUES (12, 'Реквизиты приказа', 'CATALOG', null, null, null, 1008, '[Questions]OrderNumber');
INSERT INTO esrd.field (id, name, fieldtype, position_in_group, max_count, length, catalog_id, tag) VALUES (13, 'Вид тарифа', 'CATALOG', null, null, null, 1004, '[Questions]TarifView');
INSERT INTO esrd.field (id, name, fieldtype, position_in_group, max_count, length, catalog_id, tag) VALUES (14, 'Прочее', 'TEXT', null, null, null, null, '[Questions]Comments');
INSERT INTO esrd.field (id, name, fieldtype, position_in_group, max_count, length, catalog_id, tag) VALUES (15, 'Организация', 'CATALOG_ORGANIZATIONS', null, null, null, 1006, '[Questions]Organization');
INSERT INTO esrd.field (id, name, fieldtype, position_in_group, max_count, length, catalog_id, tag) VALUES (16, 'Ответственный', 'CATALOG_USERS', null, null, null, 1007, '[Questions]AuthPerson');
INSERT INTO esrd.field (id, name, fieldtype, position_in_group, max_count, length, catalog_id, tag) VALUES (17, 'Дополнительная информация', 'TEXT', null, null, null, null, '[Questions]AdditionalInfo');
INSERT INTO esrd.fields_roles(id, doctype_id, field_id, required, role_id) VALUES (200, 1, 4, true, 3006);
INSERT INTO esrd.fields_roles(id, doctype_id, field_id, required, role_id) VALUES (201, 1, 7, true, 3002);
INSERT INTO esrd.fields_roles(id, doctype_id, field_id, required, role_id) VALUES (202, 1, 8, true, 3002);
INSERT INTO esrd.fields_roles(id, doctype_id, field_id, required, role_id) VALUES (203, 1, 9, false, 3002);
INSERT INTO esrd.fields_roles(id, doctype_id, field_id, required, role_id) VALUES (204, 1, 10, false, 3002);
INSERT INTO esrd.fields_roles(id, doctype_id, field_id, required, role_id) VALUES (205, 1, 11, false, 3002);
INSERT INTO esrd.fields_roles(id, doctype_id, field_id, required, role_id) VALUES (206, 1, 12, false, 3002);
INSERT INTO esrd.fields_roles(id, doctype_id, field_id, required, role_id) VALUES (207, 1, 13, false, 3002);
INSERT INTO esrd.fields_roles(id, doctype_id, field_id, required, role_id) VALUES (208, 1, 14, false, 3002);
INSERT INTO esrd.fields_roles(id, doctype_id, field_id, required, role_id) VALUES (209, 1, 15, true, 3002);
INSERT INTO esrd.fields_roles(id, doctype_id, field_id, required, role_id) VALUES (210, 1, 16, true, 3002);
INSERT INTO esrd.fields_roles(id, doctype_id, field_id, required, role_id) VALUES (211, 1, 17, false, 3002);
INSERT INTO esrd.field_child_field(field_id, child_field_id) VALUES (7, 8);
INSERT INTO esrd.field_child_field(field_id, child_field_id) VALUES (7, 9);
INSERT INTO esrd.field_child_field(field_id, child_field_id) VALUES (7, 10);
INSERT INTO esrd.field_child_field(field_id, child_field_id) VALUES (7, 11);
INSERT INTO esrd.field_child_field(field_id, child_field_id) VALUES (7, 12);
INSERT INTO esrd.field_child_field(field_id, child_field_id) VALUES (7, 13);
INSERT INTO esrd.field_child_field(field_id, child_field_id) VALUES (7, 14);
INSERT INTO esrd.field_child_field(field_id, child_field_id) VALUES (7, 15);
INSERT INTO esrd.field_child_field(field_id, child_field_id) VALUES (7, 16);
INSERT INTO esrd.field_child_field(field_id, child_field_id) VALUES (7, 17);
INSERT INTO esrd.doctype_fields (id, doctype_id, field_id, position) VALUES (18, 1, 4, 1);
INSERT INTO esrd.doctype_fields (id, doctype_id, field_id, position) VALUES (21, 1, 7, 2);

INSERT INTO esrd.doctype (id, name, role_id, tmp_template_filename, template_filename, doc_number_prefix_id)
VALUES (2, 'Повестка заседания Правления', 3005, 'povestka.docx', 'povestka.docx', 24);
INSERT INTO esrd.field (id, name, fieldtype, position_in_group, max_count, length, catalog_id, tag) VALUES (5, 'Время заседания', 'TIME', null, null, null, null, 'MeetingTime');
INSERT INTO esrd.fields_roles(id, doctype_id, field_id, required, role_id) VALUES (101, 2, 4, true, 3006);
INSERT INTO esrd.fields_roles(id, doctype_id, field_id, required, role_id) VALUES (102, 2, 5, true, 3005);
INSERT INTO esrd.fields_roles(id, doctype_id, field_id, required, role_id) VALUES (103, 2, 7, true, 3002);
INSERT INTO esrd.fields_roles(id, doctype_id, field_id, required, role_id) VALUES (104, 2, 8, true, 3002);
INSERT INTO esrd.fields_roles(id, doctype_id, field_id, required, role_id) VALUES (105, 2, 9, false, 3002);
INSERT INTO esrd.fields_roles(id, doctype_id, field_id, required, role_id) VALUES (106, 2, 10, false, 3002);
INSERT INTO esrd.fields_roles(id, doctype_id, field_id, required, role_id) VALUES (107, 2, 11, false, 3002);
INSERT INTO esrd.fields_roles(id, doctype_id, field_id, required, role_id) VALUES (108, 2, 12, false, 3002);
INSERT INTO esrd.fields_roles(id, doctype_id, field_id, required, role_id) VALUES (109, 2, 13, false, 3002);
INSERT INTO esrd.fields_roles(id, doctype_id, field_id, required, role_id) VALUES (110, 2, 14, false, 3002);
INSERT INTO esrd.fields_roles(id, doctype_id, field_id, required, role_id) VALUES (111, 2, 15, true, 3002);
INSERT INTO esrd.fields_roles(id, doctype_id, field_id, required, role_id) VALUES (112, 2, 16, true, 3002);
INSERT INTO esrd.fields_roles(id, doctype_id, field_id, required, role_id) VALUES (113, 2, 17, false, 3002);

INSERT INTO esrd.doctype_fields (id, doctype_id, field_id, position) VALUES (101, 2, 4, 1);
INSERT INTO esrd.doctype_fields (id, doctype_id, field_id, position) VALUES (102, 2, 5, 2);
INSERT INTO esrd.doctype_fields (id, doctype_id, field_id, position) VALUES (103, 2, 7, 3);
