INSERT INTO public.doctype (id, name) VALUES (1, 'Повестка заседания Правления');
INSERT INTO public.doctype (id, name) VALUES (2, 'Приказ');
INSERT INTO public.doctype (id, name) VALUES (3, 'Протокол');

INSERT INTO public.catalog (id, parent_catalog_id, name, catalogtype_id) VALUES (1001, null, 'Предмет вопроса', 0);
INSERT INTO public.catalog (id, parent_catalog_id, name, catalogtype_id) VALUES (1002, null, 'Сфера деятельности', 0);
INSERT INTO public.catalog (id, parent_catalog_id, name, catalogtype_id) VALUES (1003, 1002, 'Вид тарифа', 0);
INSERT INTO public.catalog (id, parent_catalog_id, name, catalogtype_id) VALUES (1004, 1003, 'Тариф', 0);
INSERT INTO public.catalog (id, parent_catalog_id, name, catalogtype_id) VALUES (1005, null, 'Подключаемая система при техническом присоединении', 0);
INSERT INTO public.catalog (id, parent_catalog_id, name, catalogtype_id) VALUES (2001, null, 'Организация', 0);
INSERT INTO public.catalog (id, parent_catalog_id, name, catalogtype_id) VALUES (2002, null, 'Ответственный', 0);

INSERT INTO public.catalogelem (id, value_int, value_str, catalog_id, parent_catalogelem_id) VALUES (3001, null, 'Об установлении тарифов', 1001, null);
INSERT INTO public.catalogelem (id, value_int, value_str, catalog_id, parent_catalogelem_id) VALUES (3002, null, 'О внесении изменений', 1001, null);
INSERT INTO public.catalogelem (id, value_int, value_str, catalog_id, parent_catalogelem_id) VALUES (3003, null, 'О корректировке', 1001, null);
INSERT INTO public.catalogelem (id, value_int, value_str, catalog_id, parent_catalogelem_id) VALUES (3004, null, 'Об отсутствии оснований для установления тарифов', 1001, null);
INSERT INTO public.catalogelem (id, value_int, value_str, catalog_id, parent_catalogelem_id) VALUES (3005, null, 'Об отсутствии оснований для установления платы', 1001, null);
INSERT INTO public.catalogelem (id, value_int, value_str, catalog_id, parent_catalogelem_id) VALUES (3006, null, 'Об аннулировании платы за подключение ', 1001, null);
INSERT INTO public.catalogelem (id, value_int, value_str, catalog_id, parent_catalogelem_id) VALUES (3007, null, 'По расчету тарифов на подключение', 1001, null);
INSERT INTO public.catalogelem (id, value_int, value_str, catalog_id, parent_catalogelem_id) VALUES (30010, null, 'Тепло', 1002, null);
INSERT INTO public.catalogelem (id, value_int, value_str, catalog_id, parent_catalogelem_id) VALUES (30027, null, 'подключение (технологическое присоединение)', 1004, 30013);
INSERT INTO public.catalogelem (id, value_int, value_str, catalog_id, parent_catalogelem_id) VALUES (30029, null, 'подключение ', 1004, 30013);
INSERT INTO public.catalogelem (id, value_int, value_str, catalog_id, parent_catalogelem_id) VALUES (30035, null, 'подключение (технологическое присоединение) в индивидуальном порядке', 1004, 30014);
INSERT INTO public.catalogelem (id, value_int, value_str, catalog_id, parent_catalogelem_id) VALUES (30037, null, 'подключение (технологическое присоединение) теплопотребляющих установок в индивидуальном порядке', 1004, 30014);
INSERT INTO public.catalogelem (id, value_int, value_str, catalog_id, parent_catalogelem_id) VALUES (30016, null, 'Водоотведение', 1004, 3009);
INSERT INTO public.catalogelem (id, value_int, value_str, catalog_id, parent_catalogelem_id) VALUES (30019, null, 'Транспортировка хозяйственно-бытовых сточных вод ', 1004, 3009);
INSERT INTO public.catalogelem (id, value_int, value_str, catalog_id, parent_catalogelem_id) VALUES (30018, null, 'Транспортировка поверхностных сточных вод', 1004, 3009);
INSERT INTO public.catalogelem (id, value_int, value_str, catalog_id, parent_catalogelem_id) VALUES (3008, null, 'Холодное водоснабжение', 1002, null);
INSERT INTO public.catalogelem (id, value_int, value_str, catalog_id, parent_catalogelem_id) VALUES (3009, null, 'Водоотведение', 1002, null);
INSERT INTO public.catalogelem (id, value_int, value_str, catalog_id, parent_catalogelem_id) VALUES (30011, null, 'Горячее водоснабжение', 1002, null);
INSERT INTO public.catalogelem (id, value_int, value_str, catalog_id, parent_catalogelem_id) VALUES (30025, null, 'Транспортировка горячей воды', 1004, 30011);
INSERT INTO public.catalogelem (id, value_int, value_str, catalog_id, parent_catalogelem_id) VALUES (30024, null, 'Горячая вода', 1004, 30011);
INSERT INTO public.catalogelem (id, value_int, value_str, catalog_id, parent_catalogelem_id) VALUES (30012, null, 'Плата за тариф', 1003, null);
INSERT INTO public.catalogelem (id, value_int, value_str, catalog_id, parent_catalogelem_id) VALUES (30013, null, 'Плата за техническое присоединение', 1003, null);
INSERT INTO public.catalogelem (id, value_int, value_str, catalog_id, parent_catalogelem_id) VALUES (30014, null, 'Плата за техническое присоединение в индивидуальном порядке', 1003, null);
INSERT INTO public.catalogelem (id, value_int, value_str, catalog_id, parent_catalogelem_id) VALUES (30026, null, 'Компонент на теплоноситель', 1004, 30011);
INSERT INTO public.catalogelem (id, value_int, value_str, catalog_id, parent_catalogelem_id) VALUES (30031, null, 'Централизованная система водоотведения', 1005, null);
INSERT INTO public.catalogelem (id, value_int, value_str, catalog_id, parent_catalogelem_id) VALUES (30040, null, 'Питьевая вода (питьевое водоснабжение)', 1004, 3008);
INSERT INTO public.catalogelem (id, value_int, value_str, catalog_id, parent_catalogelem_id) VALUES (30021, null, 'Тепловая энергия (мощность)', 1004, 30010);
INSERT INTO public.catalogelem (id, value_int, value_str, catalog_id, parent_catalogelem_id) VALUES (30015, null, 'Подвоз воды', 1004, 3008);
INSERT INTO public.catalogelem (id, value_int, value_str, catalog_id, parent_catalogelem_id) VALUES (30033, null, 'Система горячего водоснабжения', 1005, null);
INSERT INTO public.catalogelem (id, value_int, value_str, catalog_id, parent_catalogelem_id) VALUES (30032, null, 'Система теплоснабжения', 1005, null);
INSERT INTO public.catalogelem (id, value_int, value_str, catalog_id, parent_catalogelem_id) VALUES (30020, null, 'Водоотведение с превышением максимальных допустимых значений нормативных показателей общих сточных вод и концентрации загрязняющих веществ', 1004, 3009);
INSERT INTO public.catalogelem (id, value_int, value_str, catalog_id, parent_catalogelem_id) VALUES (30023, null, 'Передача тепловой энергии', 1004, 30010);
INSERT INTO public.catalogelem (id, value_int, value_str, catalog_id, parent_catalogelem_id) VALUES (30022, null, 'Теплоноситель', 1004, 30010);
INSERT INTO public.catalogelem (id, value_int, value_str, catalog_id, parent_catalogelem_id) VALUES (30017, null, 'Транспортировка сточных вод', 1004, 3009);
INSERT INTO public.catalogelem (id, value_int, value_str, catalog_id, parent_catalogelem_id) VALUES (30042, null, 'Сеть дождевой канализации', 1005, null);
INSERT INTO public.catalogelem (id, value_int, value_str, catalog_id, parent_catalogelem_id) VALUES (30038, null, 'Техническая вода ', 1004, 3008);
INSERT INTO public.catalogelem (id, value_int, value_str, catalog_id, parent_catalogelem_id) VALUES (30039, null, 'Транспортировка холодной воды', 1004, 3008);
INSERT INTO public.catalogelem (id, value_int, value_str, catalog_id, parent_catalogelem_id) VALUES (30041, null, 'Централизованная система холодного водоснабжения', 1005, null);
INSERT INTO public.catalogelem (id, value_int, value_str, catalog_id, parent_catalogelem_id) VALUES (2003, null, 'ООО "ТОМА"', 2001, null);
INSERT INTO public.catalogelem (id, value_int, value_str, catalog_id, parent_catalogelem_id) VALUES (2004, null, 'ООО "ТЕСТ-1"', 2001, null);
INSERT INTO public.catalogelem (id, value_int, value_str, catalog_id, parent_catalogelem_id) VALUES (2005, null, 'ООО "ТЕСТ-2', 2001, null);
INSERT INTO public.catalogelem (id, value_int, value_str, catalog_id, parent_catalogelem_id) VALUES (2006, null, 'Соколов И.В., тел. 8 (495) 957-75-00, доб. 55-345', 2002, null);
INSERT INTO public.catalogelem (id, value_int, value_str, catalog_id, parent_catalogelem_id) VALUES (2007, null, 'Петров А.А., тел. 8 (495) 957-75-00, доб. 44-345', 2002, null);
INSERT INTO public.catalogelem (id, value_int, value_str, catalog_id, parent_catalogelem_id) VALUES (2008, null, 'Сидоров П.А., тел. 8 (495) 957-75-00, доб. 44-245', 2002, null);

INSERT INTO public.field (id, name, fieldtype, position_in_group, max_count, length, catalog_id, tag) VALUES (4, 'Дата заседания', 'DATE', null, null, null, null, 'MeetingDate');
INSERT INTO public.field (id, name, fieldtype, position_in_group, max_count, length, catalog_id, tag) VALUES (5, 'Время заседания', 'TIME', null, null, null, null, 'MeetingTime');
INSERT INTO public.field (id, name, fieldtype, position_in_group, max_count, length, catalog_id, tag) VALUES (6, 'Вопросы повестки', 'GROUP_FIELDS', null, 4, null, null, '');
INSERT INTO public.field (id, name, fieldtype, position_in_group, max_count, length, catalog_id, tag) VALUES (8, 'Сфера деятельности', 'CATALOG', null, null, null, 1002, '[Questions]Direction');
INSERT INTO public.field (id, name, fieldtype, position_in_group, max_count, length, catalog_id, tag) VALUES (9, 'Тариф', 'CATALOG', null, null, null, 1003, '[Questions]Tarif');
INSERT INTO public.field (id, name, fieldtype, position_in_group, max_count, length, catalog_id, tag) VALUES (12, 'Организация', 'CATALOG', null, null, null, 2001, '[Questions]Organization');
INSERT INTO public.field (id, name, fieldtype, position_in_group, max_count, length, catalog_id, tag) VALUES (10, 'Вид тарифа', 'CATALOG', null, null, null, 1004, '[Questions]TarifView');
INSERT INTO public.field (id, name, fieldtype, position_in_group, max_count, length, catalog_id, tag) VALUES (7, 'Предмет вопроса', 'CATALOG', null, null, null, 1001, '[Questions]Subject');
INSERT INTO public.field (id, name, fieldtype, position_in_group, max_count, length, catalog_id, tag) VALUES (11, 'Подключаемая система при техническом присоединении', 'CATALOG', null, null, null, 1005, '[Questions]TechConnection');
INSERT INTO public.field (id, name, fieldtype, position_in_group, max_count, length, catalog_id, tag) VALUES (13, 'Ответственный', 'CATALOG', null, null, null, 2002, '[Questions]AuthPerson');
--INSERT INTO public.field (id, name, fieldtype, position_in_group, max_count, length, catalog_id, tag) VALUES (14, 'Email ответственного', 'CATALOG', null, null, null, null, 'EmailPerson');
--INSERT INTO public.field (id, name, fieldtype, position_in_group, max_count, length, catalog_id) VALUES (15, 'Вложение', 'ATTACHMENT', null, null, null, null);

INSERT INTO public.field_child_field(field_id, child_field_id) VALUES (6, 7);
INSERT INTO public.field_child_field(field_id, child_field_id) VALUES (6, 8);
INSERT INTO public.field_child_field(field_id, child_field_id) VALUES (6, 9);
INSERT INTO public.field_child_field(field_id, child_field_id) VALUES (6, 10);
INSERT INTO public.field_child_field(field_id, child_field_id) VALUES (6, 11);
INSERT INTO public.field_child_field(field_id, child_field_id) VALUES (6, 12);
INSERT INTO public.field_child_field(field_id, child_field_id) VALUES (6, 13);
--INSERT INTO public.field_child_field(field_id, child_field_id) VALUES (6, 14);
--INSERT INTO public.field_child_field(field_id, child_field_id) VALUES (6, 15);

INSERT INTO public.doctype_fields (id, doctype_id, field_id, position, role) VALUES (16, 1, 4, 1, 'ROLE_POVESTKA');
INSERT INTO public.doctype_fields (id, doctype_id, field_id, position, role) VALUES (17, 1, 5, 2, 'ROLE_SECRETARY');
INSERT INTO public.doctype_fields (id, doctype_id, field_id, position, role) VALUES (18, 1, 6, 3, 'ROLE_POVESTKA_QUESTIONS');

INSERT INTO public.doc (id, doctype_id, project_reg_num, project_reg_datetime, insert_datetime, cur_agree_stage) VALUES (19, 1, 'согл-1/19', '2019-08-15', '2019-08-15 00:00:00.000000', 1);
INSERT INTO public.doc (id, doctype_id, reg_num, reg_datetime, project_reg_num, project_reg_datetime, insert_datetime, cur_agree_stage, url_pdf) VALUES (100000, 1, null, null, 'согл-25/19', '2019-08-22 15:04:11.740000', '2019-08-22 15:04:11.740000', 1, 'resources/files/temp_pdf/povestka_test1.pdf');
INSERT INTO public.doc (id, doctype_id, reg_num, reg_datetime, project_reg_num, project_reg_datetime, insert_datetime, cur_agree_stage, url_pdf) VALUES (100014, 1, null, null, 'согл-41/19', '2019-08-22 15:04:36.581000', '2019-08-22 15:04:36.581000', 1, 'resources/files/temp_pdf/povestka_test1.pdf');

INSERT INTO public.doctype_routes (id, doctype_id, userldap, agree_stage) VALUES (20, 1, 'user2', 1);
INSERT INTO public.doctype_routes (id, doctype_id, userldap, agree_stage) VALUES (21, 1, 'admin', 2);

INSERT INTO public.user_roles (userldap, role) VALUES ('user1', 'ROLE_POVESTKA');
INSERT INTO public.user_roles (userldap, role) VALUES ('user1', 'ROLE_POVESTKA_QUESTIONS');
INSERT INTO public.user_roles (userldap, role) VALUES ('user2', 'ROLE_POVESTKA');
INSERT INTO public.user_roles (userldap, role) VALUES ('user2', 'ROLE_SECRETARY');

INSERT INTO public.valuedfield (id, field_id, catalogelem_id, value_int, value_str, value_date, value_time, value_datetime) VALUES (22, 4, null, null, null, '2019-08-16', null, null);
INSERT INTO public.valuedfield (id, field_id, catalogelem_id, value_int, value_str, value_date, value_time, value_datetime) VALUES (23, 5, null, null, null, null, '14:00:00.000000', null);
INSERT INTO public.valuedfield (id, field_id, catalogelem_id, value_int, value_str, value_date, value_time, value_datetime) VALUES (24, 6, null, null, null, null, null, null);
INSERT INTO public.valuedfield (id, field_id, catalogelem_id, value_int, value_str, value_date, value_time, value_datetime) VALUES (25, 7, 3001, null, null, null, null, null);
INSERT INTO public.valuedfield (id, field_id, catalogelem_id, value_int, value_str, value_date, value_time, value_datetime) VALUES (26, 8, 30010, null, null, null, null, null);
INSERT INTO public.valuedfield (id, field_id, catalogelem_id, value_int, value_str, value_date, value_time, value_datetime) VALUES (27, 9, 30012, null, null, null, null, null);
INSERT INTO public.valuedfield (id, field_id, catalogelem_id, value_int, value_str, value_date, value_time, value_datetime) VALUES (28, 10, 30019, null, null, null, null, null);
INSERT INTO public.valuedfield (id, field_id, catalogelem_id, value_int, value_str, value_date, value_time, value_datetime) VALUES (29, 11, 30042, null, null, null, null, null);
INSERT INTO public.valuedfield (id, field_id, catalogelem_id, value_int, value_str, value_date, value_time, value_datetime) VALUES (30, 12, 2004, null, null, null, null, null);
INSERT INTO public.valuedfield (id, field_id, catalogelem_id, value_int, value_str, value_date, value_time, value_datetime) VALUES (31, 13, 2007, null, null, null, null, null);
--INSERT INTO public.valuedfield (id, field_id, catalogelem_id, value_int, value_str, value_date, value_time, value_datetime) VALUES (32, 14, null, null, 'Test@mail.ru', null, null, null);
--INSERT INTO public.valuedfield (id, field_id, catalogelem_id, value_int, value_str, value_date, value_time, value_datetime) VALUES (33, 15, null, null, null, null, null, null);
INSERT INTO public.valuedfield (id, field_id, catalogelem_id, value_int, value_str, value_date, value_time, value_datetime) VALUES (100002, 4, null, null, null, '2019-12-12', '00:00:00', '2019-12-12 00:00:00.000000');
INSERT INTO public.valuedfield (id, field_id, catalogelem_id, value_int, value_str, value_date, value_time, value_datetime) VALUES (100004, 5, null, null, null, '2019-12-12', '18:00:00', '2019-12-12 18:00:00.000000');
INSERT INTO public.valuedfield (id, field_id, catalogelem_id, value_int, value_str, value_date, value_time, value_datetime) VALUES (100006, 6, null, null, null, null, null, null);
INSERT INTO public.valuedfield (id, field_id, catalogelem_id, value_int, value_str, value_date, value_time, value_datetime) VALUES (100007, 7, 3002, null, null, null, null, null);
INSERT INTO public.valuedfield (id, field_id, catalogelem_id, value_int, value_str, value_date, value_time, value_datetime) VALUES (100008, 8, 3008, null, null, null, null, null);
INSERT INTO public.valuedfield (id, field_id, catalogelem_id, value_int, value_str, value_date, value_time, value_datetime) VALUES (100009, 9, 30012, null, null, null, null, null);
INSERT INTO public.valuedfield (id, field_id, catalogelem_id, value_int, value_str, value_date, value_time, value_datetime) VALUES (100010, 10, 30037, null, null, null, null, null);
INSERT INTO public.valuedfield (id, field_id, catalogelem_id, value_int, value_str, value_date, value_time, value_datetime) VALUES (100011, 11, 30032, null, null, null, null, null);
INSERT INTO public.valuedfield (id, field_id, catalogelem_id, value_int, value_str, value_date, value_time, value_datetime) VALUES (100012, 12, 2003, null, null, null, null, null);
INSERT INTO public.valuedfield (id, field_id, catalogelem_id, value_int, value_str, value_date, value_time, value_datetime) VALUES (100013, 13, 2008, null, null, null, null, null);
INSERT INTO public.valuedfield (id, field_id, catalogelem_id, value_int, value_str, value_date, value_time, value_datetime) VALUES (100016, 4, null, null, null, '2019-05-12', '00:00:00', '2019-05-12 00:00:00.000000');
INSERT INTO public.valuedfield (id, field_id, catalogelem_id, value_int, value_str, value_date, value_time, value_datetime) VALUES (100018, 5, null, null, null, '2019-05-12', '16:00:00', '2019-05-12 16:00:00.000000');
INSERT INTO public.valuedfield (id, field_id, catalogelem_id, value_int, value_str, value_date, value_time, value_datetime) VALUES (100020, 6, null, null, null, null, null, null);
INSERT INTO public.valuedfield (id, field_id, catalogelem_id, value_int, value_str, value_date, value_time, value_datetime) VALUES (100021, 7, 3005, null, null, null, null, null);
INSERT INTO public.valuedfield (id, field_id, catalogelem_id, value_int, value_str, value_date, value_time, value_datetime) VALUES (100022, 8, 3009, null, null, null, null, null);
INSERT INTO public.valuedfield (id, field_id, catalogelem_id, value_int, value_str, value_date, value_time, value_datetime) VALUES (100023, 9, 30013, null, null, null, null, null);
INSERT INTO public.valuedfield (id, field_id, catalogelem_id, value_int, value_str, value_date, value_time, value_datetime) VALUES (100024, 10, 30027, null, null, null, null, null);
INSERT INTO public.valuedfield (id, field_id, catalogelem_id, value_int, value_str, value_date, value_time, value_datetime) VALUES (100025, 11, 30033, null, null, null, null, null);
INSERT INTO public.valuedfield (id, field_id, catalogelem_id, value_int, value_str, value_date, value_time, value_datetime) VALUES (100026, 12, 2003, null, null, null, null, null);
INSERT INTO public.valuedfield (id, field_id, catalogelem_id, value_int, value_str, value_date, value_time, value_datetime) VALUES (100027, 13, 2008, null, null, null, null, null);


INSERT INTO public.valuedfield_child_valued_field (valued_field_id, child_valued_field_id) VALUES (24, 25);
INSERT INTO public.valuedfield_child_valued_field (valued_field_id, child_valued_field_id) VALUES (24, 26);
INSERT INTO public.valuedfield_child_valued_field (valued_field_id, child_valued_field_id) VALUES (24, 27);
INSERT INTO public.valuedfield_child_valued_field (valued_field_id, child_valued_field_id) VALUES (24, 28);
INSERT INTO public.valuedfield_child_valued_field (valued_field_id, child_valued_field_id) VALUES (24, 29);
INSERT INTO public.valuedfield_child_valued_field (valued_field_id, child_valued_field_id) VALUES (24, 30);
INSERT INTO public.valuedfield_child_valued_field (valued_field_id, child_valued_field_id) VALUES (24, 31);
--INSERT INTO public.valuedfield_child_valued_field (valued_field_id, child_valued_field_id) VALUES (24, 32);
--INSERT INTO public.valuedfield_child_valued_field (valued_field_id, child_valued_field_id) VALUES (24, 33);
INSERT INTO public.valuedfield_child_valued_field (valued_field_id, child_valued_field_id) VALUES (100006, 100007);
INSERT INTO public.valuedfield_child_valued_field (valued_field_id, child_valued_field_id) VALUES (100006, 100008);
INSERT INTO public.valuedfield_child_valued_field (valued_field_id, child_valued_field_id) VALUES (100006, 100009);
INSERT INTO public.valuedfield_child_valued_field (valued_field_id, child_valued_field_id) VALUES (100006, 100010);
INSERT INTO public.valuedfield_child_valued_field (valued_field_id, child_valued_field_id) VALUES (100006, 100011);
INSERT INTO public.valuedfield_child_valued_field (valued_field_id, child_valued_field_id) VALUES (100006, 100012);
INSERT INTO public.valuedfield_child_valued_field (valued_field_id, child_valued_field_id) VALUES (100006, 100013);
INSERT INTO public.valuedfield_child_valued_field (valued_field_id, child_valued_field_id) VALUES (100020, 100021);
INSERT INTO public.valuedfield_child_valued_field (valued_field_id, child_valued_field_id) VALUES (100020, 100022);
INSERT INTO public.valuedfield_child_valued_field (valued_field_id, child_valued_field_id) VALUES (100020, 100023);
INSERT INTO public.valuedfield_child_valued_field (valued_field_id, child_valued_field_id) VALUES (100020, 100024);
INSERT INTO public.valuedfield_child_valued_field (valued_field_id, child_valued_field_id) VALUES (100020, 100025);
INSERT INTO public.valuedfield_child_valued_field (valued_field_id, child_valued_field_id) VALUES (100020, 100026);
INSERT INTO public.valuedfield_child_valued_field (valued_field_id, child_valued_field_id) VALUES (100020, 100027);

INSERT INTO public.doc_valuedfields (id, doc_id, valuedfield_id, position) VALUES (34, 19, 22, 1);
INSERT INTO public.doc_valuedfields (id, doc_id, valuedfield_id, position) VALUES (35, 19, 23, 2);
INSERT INTO public.doc_valuedfields (id, doc_id, valuedfield_id, position) VALUES (36, 19, 24, 3);
INSERT INTO public.doc_valuedfields (id, doc_id, valuedfield_id, position) VALUES (100001, 100000, 100002, 1);
INSERT INTO public.doc_valuedfields (id, doc_id, valuedfield_id, position) VALUES (100003, 100000, 100004, 2);
INSERT INTO public.doc_valuedfields (id, doc_id, valuedfield_id, position) VALUES (100005, 100000, 100006, 3);
INSERT INTO public.doc_valuedfields (id, doc_id, valuedfield_id, position) VALUES (100015, 100014, 100016, 1);
INSERT INTO public.doc_valuedfields (id, doc_id, valuedfield_id, position) VALUES (100017, 100014, 100018, 2);
INSERT INTO public.doc_valuedfields (id, doc_id, valuedfield_id, position) VALUES (100019, 100014, 100020, 3);
