INSERT INTO esrd.users (id, name, lastname, firstname, patronym, email, phone, position) VALUES (3999, 'user3', 'Петров', 'Петр', 'Петрович', 'PetrovII@mos.ru', null, 'Начальник Управления');
INSERT INTO esrd.users (id, name, lastname, firstname, patronym, email, phone, position) VALUES (4000, 'admin', 'Махров', 'Станислав', 'Станиславович', 'MakhrovSS1@mos.ru', '15451', 'Начальник отдела');
INSERT INTO esrd.users (id, name, lastname, firstname, patronym, email, phone, position) VALUES (4001, 'user1', 'Петров', 'Петр', 'Петрович', 'PetrovPP@mos.ru', null, 'Главный специалист');
INSERT INTO esrd.users (id, name, lastname, firstname, patronym, email, phone, position) VALUES (4002, 'user2', 'Широкова', 'Елена', 'Юрьевна', 'ShirokovaEY@mos.ru', null, 'Заместитель начальника Управления');
INSERT INTO esrd.users (id, name, lastname, firstname, patronym, email, phone, position) VALUES (4003, 'KKozhin', 'Кожин', 'Константин', 'Сергеевич', null, '299-8653', null);
INSERT INTO esrd.users (id, name, lastname, firstname, patronym, email, phone, position) VALUES (4004, 'NPopova', 'Попова', 'Наталья', 'Леонидовна', null, '19413', 'Консультант');
INSERT INTO esrd.users (id, name, lastname, firstname, patronym, email, phone, position) VALUES (4005, 'SKorotaeva', 'Коротаева', 'Светлана', 'Петровна', 'KorotaevaSP@mos.ru', '17417', 'Зам. начальника Управления');
INSERT INTO esrd.users (id, name, lastname, firstname, patronym, email, phone, position) VALUES (4006, 'MPiskare', 'Пискарева', 'Марина', 'Викторовна', 'PiskarevaMV@mos.ru', '17414', 'Советник');
INSERT INTO esrd.users (id, name, lastname, firstname, patronym, email, phone, position) VALUES (4007, 'TSomova', 'Сомова', 'Татьяна', 'Ивановна', 'SomovaTI@mos.ru', '19410', 'Советник');
INSERT INTO esrd.users (id, name, lastname, firstname, patronym, email, phone, position) VALUES (4008, 'EStepanov', 'Степанова', 'Елена', 'Константиновна', 'StepanovaEK@mos.ru', '17445', 'Зам. начальника Управления');
INSERT INTO esrd.users (id, name, lastname, firstname, patronym, email, phone, position) VALUES (4009, 'VPankin', 'Панкин', 'Виктор', 'Алексеевич', null, null, null);
INSERT INTO esrd.users (id, name, lastname, firstname, patronym, email, phone, position) VALUES (4010, 'SProhoro', 'Прохоров', 'Сергей', 'Александрович', null, null, null);
INSERT INTO esrd.users (id, name, lastname, firstname, patronym, email, phone, position) VALUES (4011, 'VShirjaev', 'Ширяев', 'Владимир', 'Алексеевич', 'ShiryaevVA@mos.ru', '14371', 'Специалист I категории');
INSERT INTO esrd.users (id, name, lastname, firstname, patronym, email, phone, position) VALUES (4012, 'EJakutovich', 'Якутович', 'Евгения', 'Александровна', 'YakutovichEA@mos.ru', '17287', 'Советник');
INSERT INTO esrd.users (id, name, lastname, firstname, patronym, email, phone, position) VALUES (4013, 'IMinaev', 'Минаев', 'Илья', 'Ильич', null, '957-9755', null);
INSERT INTO esrd.users (id, name, lastname, firstname, patronym, email, phone, position) VALUES (4014, 'LGrigoreva', 'Григорьева', 'Лина', 'Борисовна', 'GrigorievaLB@mos.ru', '19376', 'Советник');
INSERT INTO esrd.users (id, name, lastname, firstname, patronym, email, phone, position) VALUES (4015, 'ESinjako', 'Синякова', 'Екатерина', 'Викторовна', 'SinyakovaEV@mos.ru', '19753', 'Начальник Управления');
INSERT INTO esrd.users (id, name, lastname, firstname, patronym, email, phone, position) VALUES (4016, 'MNekrasova', 'Некрасова', 'Мария', 'Александровна', 'NekrasovaMA@mos.ru', '19744', 'Зам. начальника Управления');
INSERT INTO esrd.users (id, name, lastname, firstname, patronym, email, phone, position) VALUES (4017, 'EfimovVV', 'Ефимов', 'Владимир', 'Владимирович', null, null, 'Заместитель Мэра Москвы в Правительстве Москвы по вопросам экономической политики и имущественно-земельных отношений');
INSERT INTO esrd.users (id, name, lastname, firstname, patronym, email, phone, position) VALUES (4018, 'BukinskayaEV', 'Букинская', 'Елизавета', 'Вадимовна', 'BukinskayaEV@mos.ru', '19723', 'Начальник отдела');
INSERT INTO esrd.users (id, name, lastname, firstname, patronym, email, phone, position) VALUES (4019, 'MGavrile', 'Гавриленкова', 'Марина', 'Александровна', 'GavrilenkovaMA@mos.ru', '17223', 'Зам. начальника Управления');
INSERT INTO esrd.users (id, name, lastname, firstname, patronym, email, phone, position) VALUES (4020, 'IZimina', 'Зимина', 'Ирина', 'Александровна', 'ZiminaIA@mos.ru', '17218', 'Советник');
INSERT INTO esrd.users (id, name, lastname, firstname, patronym, email, phone, position) VALUES (4021, 'MUljanov', 'Ульянова', 'Марина', 'Николаевна', null, '957-7454', null);
INSERT INTO esrd.users (id, name, lastname, firstname, patronym, email, phone, position) VALUES (4022, 'LVapaeva', 'Вапаева', 'Людмила', 'Чарыевна', 'VapaevaLC@mos.ru', '15055', 'Начальник Управления');
INSERT INTO esrd.users (id, name, lastname, firstname, patronym, email, phone, position) VALUES (4023, 'ARasnicov', 'Расницов', 'Андрей', 'Михайлович', 'RasnitsovAM@mos.ru', '17413', 'Начальник отдела');
INSERT INTO esrd.users (id, name, lastname, firstname, patronym, email, phone, position) VALUES (4024, 'EDMihailova', 'Михайлова', 'Екатерина', 'Дмитриевна', null, '957-74-25', null);
INSERT INTO esrd.users (id, name, lastname, firstname, patronym, email, phone, position) VALUES (4025, 'GBessonov', 'Бессонов', 'Геннадий', 'Вячеславович', 'BessonovGV@mos.ru', '17273', 'Гл. специалист');
INSERT INTO esrd.users (id, name, lastname, firstname, patronym, email, phone, position) VALUES (4026, 'LRashetina', 'Расчетина', 'Любовь', 'Викторовна', 'RaschetinaLV@mos.ru', '19739', 'Зам. начальника Управления	');
INSERT INTO esrd.users (id, name, lastname, firstname, patronym, email, phone, position) VALUES (4027, 'NKovalchuk', 'Ковальчук', 'Наталья', 'Юрьевна', 'KovalchukNY@mos.ru', '15572', 'Зам. начальника отдела');
INSERT INTO esrd.users (id, name, lastname, firstname, patronym, email, phone, position) VALUES (4028, 'TPanina', 'Панина', 'Татьяна', 'Васильевна', 'PaninaTV@gaui.mos.ru', '19725', 'Гл. специалист ');
INSERT INTO esrd.users (id, name, lastname, firstname, patronym, email, phone, position) VALUES (4029, 'YSolodovnikova', 'Солодовникова', 'Юлия', 'Николаевна', 'SolodovnikovaYN@mos.ru', '19669', 'Советник');
INSERT INTO esrd.users (id, name, lastname, firstname, patronym, email, phone, position) VALUES (4030, 'VasilevaLA', 'Васильева', 'Любовь', 'Анберовна', '', null, null);
INSERT INTO esrd.users (id, name, lastname, firstname, patronym, email, phone, position) VALUES (4031, 'AGoryacheva', 'Горячева', 'Александра', 'Владимировна', 'GoryachevaAV@mos.ru', '17451', 'Начальник отдела');
INSERT INTO esrd.users (id, name, lastname, firstname, patronym, email, phone, position) VALUES (4032, 'OPankratova', 'Панкратова', 'Ольга', 'Николаевна', 'PankratovaON@mos.ru', '17440', 'Начальник отдела');
INSERT INTO esrd.users (id, name, lastname, firstname, patronym, email, phone, position) VALUES (4033, 'SamsonovDY', 'Самсонов', 'Дмитрий', 'Юрьевич', null, '19445', 'Советник Руководителя');
INSERT INTO esrd.users (id, name, lastname, firstname, patronym, email, phone, position) VALUES (4034, 'MMjakshev', 'Мякшев', 'Михаил', 'Васильевич', 'MyakshevMV@mos.ru', '17403', 'Зам. начальника отдела');
INSERT INTO esrd.users (id, name, lastname, firstname, patronym, email, phone, position) VALUES (4035, 'EPanov', 'Панов', 'Евгений', 'Александрович', 'PanovEA@mos.ru', '19735', 'Начальник Управления');
INSERT INTO esrd.users (id, name, lastname, firstname, patronym, email, phone, position) VALUES (4036, 'MKazimirskiy', 'Казимирский', 'Максим', 'Александрович', 'KazimirskyMA@mos.ru', '19459', 'Советник');
INSERT INTO esrd.users (id, name, lastname, firstname, patronym, email, phone, position) VALUES (4037, 'KudinovaMV', 'Кудинова', 'Марина', 'Владиславовна', 'KudinovaMV@mos.ru', '19758', 'Консультант');
INSERT INTO esrd.users (id, name, lastname, firstname, patronym, email, phone, position) VALUES (4038, 'MPashkova', 'Пашкова', 'Мария', 'Эдуардовна', 'PashkovaME@mos.ru', '19436', 'Зам. начальника Управления');
INSERT INTO esrd.users (id, name, lastname, firstname, patronym, email, phone, position) VALUES (4039, 'OCheremisinova', 'Черемисинова', 'Ольга', 'Борисовна', 'CheremisinovaOB@mos.ru', '10651', 'Советник');
INSERT INTO esrd.users (id, name, lastname, firstname, patronym, email, phone, position) VALUES (4040, 'AFedkin', 'Федькин', 'Александр', 'Александрович', 'FedkinAA@mos.ru', '19718', 'Начальник Управления');
INSERT INTO esrd.users (id, name, lastname, firstname, patronym, email, phone, position) VALUES (4041, 'EBaranova', 'Баранова', 'Елена', 'Николаевна', 'BaranovaEN@mos.ru', '17298', 'Зам. начальника отдела');
INSERT INTO esrd.users (id, name, lastname, firstname, patronym, email, phone, position) VALUES (4042, 'ENikolaeva', 'Николаева', 'Елена', 'Викторовна', 'NikolaevaEVi@mos.ru', '19457', 'Консультант');
INSERT INTO esrd.users (id, name, lastname, firstname, patronym, email, phone, position) VALUES (4043, 'OMarkova', 'Маркова', 'Ольга', 'Викторовна', 'MarkovaOVi@mos.ru', '17244', 'Зам. начальника отдела');
INSERT INTO esrd.users (id, name, lastname, firstname, patronym, email, phone, position) VALUES (4044, 'LChumakova', 'Чумакова', 'Людмила', 'Витальевна', 'ChumakovaLV@mos.ru', '17465', 'Начальник Управления');
INSERT INTO esrd.users (id, name, lastname, firstname, patronym, email, phone, position) VALUES (4045, 'SerovaYA', 'Серова', 'Юлия', 'Анатольевна', 'SerovaYA@mos.ru', '19724', 'Гл. специалист');
INSERT INTO esrd.users (id, name, lastname, firstname, patronym, email, phone, position) VALUES (4046, 'AAlekseev', 'Алексеев', 'Эдуард', 'Викторович', 'AlekseevEV@mos.ru', '15072', 'Начальник Управления');
INSERT INTO esrd.users (id, name, lastname, firstname, patronym, email, phone, position) VALUES (4047, 'ZgonnikovaTA', 'Згонникова', 'Татьяна', 'Анатольевна', 'ZgonnikovaTA@mos.ru', '17444', 'Начальник отдела');
INSERT INTO esrd.users (id, name, lastname, firstname, patronym, email, phone, position) VALUES (4048, 'KazakovAA', 'Казаков', 'Александр', 'Александрович', null, null, null);
INSERT INTO esrd.users (id, name, lastname, firstname, patronym, email, phone, position) VALUES (4049, 'DOsipov', 'Осипов', 'Дмитрий', 'Александрович', 'OsipovDA@mos.ru', '19451', 'Начальник отдела');
INSERT INTO esrd.users (id, name, lastname, firstname, patronym, email, phone, position) VALUES (4050, 'VMin', 'Мин', 'Виктория', 'Сергеевна', null, null, null);
INSERT INTO esrd.users (id, name, lastname, firstname, patronym, email, phone, position) VALUES (4051, 'KuzmichevaLA', 'Кузьмичева', 'Любовь', 'Алексеевна', 'KuzmichevaLA@mos.ru', '17467', 'Начальник отдела');
INSERT INTO esrd.users (id, name, lastname, firstname, patronym, email, phone, position) VALUES (4052, 'MMorozova', 'Морозова', 'Мария', 'Юрьевна', 'MorozovaMY@gaui.mos.ru', '17255', 'Гл. специалист');
INSERT INTO esrd.users (id, name, lastname, firstname, patronym, email, phone, position) VALUES (4053, 'NYagodkina', 'Ягодкина', 'Наталья', 'Владимировна', 'YagodkinaNV@mos.ru', '19456', 'Советник');
INSERT INTO esrd.users (id, name, lastname, firstname, patronym, email, phone, position) VALUES (4054, 'LLevykina', 'Левыкина', 'Лина', 'Павловна', 'LevykinaLP@mos.ru', '17256', 'Зам. начальника Управления');
INSERT INTO esrd.users (id, name, lastname, firstname, patronym, email, phone, position) VALUES (4055, 'AShmelev', 'Шмелев', 'Александр', 'Евгеньевич', null, null, null);
INSERT INTO esrd.users (id, name, lastname, firstname, patronym, email, phone, position) VALUES (4056, 'APopov', 'Попов', 'Александр', 'Станиславович', 'PopovAS1@mos.ru', '17250', 'Зам. начальника отдела');
INSERT INTO esrd.users (id, name, lastname, firstname, patronym, email, phone, position) VALUES (4057, 'MZhabina', 'Жабина', 'Маргарита', 'Михайловна', 'ZhabinaMM@mos.ru', '17203', 'Консультант');
INSERT INTO esrd.users (id, name, lastname, firstname, patronym, email, phone, position) VALUES (4058, 'MakarovaED', 'Макарова', 'Елена', 'Дмитриевна', 'MakarovaED@mos.ru', '17232', 'Консультант');
INSERT INTO esrd.users (id, name, lastname, firstname, patronym, email, phone, position) VALUES (4059, 'EZhavoronkina', 'Жаворонкина', 'Елена', 'Викторовна', 'ZhavoronkinaEV@mos.ru', '17446', 'Консультант');
INSERT INTO esrd.users (id, name, lastname, firstname, patronym, email, phone, position) VALUES (4060, 'MErmolaeva', 'Ермолаева', 'Мария', 'Леонтьевна', 'ErmolaevaML@mos.ru', '19751', 'Гл. специалист');
INSERT INTO esrd.users (id, name, lastname, firstname, patronym, email, phone, position) VALUES (4061, 'IPolyakova', 'Полякова', 'Ирина', 'Николаевна', 'PolyakovaIN@mos.ru', '10460', 'Советник');
INSERT INTO esrd.users (id, name, lastname, firstname, patronym, email, phone, position) VALUES (4062, 'APoljakova', 'Полякова', 'Анна', 'Владимировна', 'PolyakovaAV@mos.ru', '19716', 'Советник');
INSERT INTO esrd.users (id, name, lastname, firstname, patronym, email, phone, position) VALUES (4063, 'ZubovSS', 'Зубов', 'Сергей', 'Сергеевич', 'ZubovSS@mos.ru', '19712', 'Зам. начальника Управления');
INSERT INTO esrd.users (id, name, lastname, firstname, patronym, email, phone, position) VALUES (4064, 'LVologeva', 'Воложева', 'Лариса', 'Алексеевна', 'VolozhevaLA@mos.ru', '17238', 'Советник');
INSERT INTO esrd.users (id, name, lastname, firstname, patronym, email, phone, position) VALUES (4065, 'TKorsako', 'Корсакова', 'Татьяна', 'Юрьевна', 'KorsakovaTY@mos.ru', '18964', 'Зам. начальника Управления');
INSERT INTO esrd.users (id, name, lastname, firstname, patronym, email, phone, position) VALUES (4066, 'IStrelni', 'Стрельникова', 'Ирина', 'Ивановна', 'StrelnikovaII@mos.ru', '17447', 'Начальник отдела');
INSERT INTO esrd.users (id, name, lastname, firstname, patronym, email, phone, position) VALUES (4067, 'MalyginaMN', 'Малыгина', 'Мария', 'Николаевна', 'MalyginaMN@develop.mos.ru', '17433', 'Гл. специалист');
INSERT INTO esrd.users (id, name, lastname, firstname, patronym, email, phone, position) VALUES (4068, 'IBobkova', 'Бобкова', 'Ирина', 'Викторовна', 'BobkovaIV@mos.ru', '17401', 'Консультант');
INSERT INTO esrd.users (id, name, lastname, firstname, patronym, email, phone, position) VALUES (4069, 'VFesik', 'Фесик', 'Валерия', 'Игоревна', 'FesikVI@gaui.mos.ru', '19757', 'Специалист');
INSERT INTO esrd.users (id, name, lastname, firstname, patronym, email, phone, position) VALUES (4070, 'ksc', 'Kaspersky', 'Security', 'Center', null, null, null);
INSERT INTO esrd.users (id, name, lastname, firstname, patronym, email, phone, position) VALUES (4071, 'MAnnenkova', 'Анненкова', 'Мария', 'Алексеевна', 'AnnenkovaMA@mos.ru', '19449', 'Начальник Управления');
INSERT INTO esrd.users (id, name, lastname, firstname, patronym, email, phone, position) VALUES (4072, 'MKrugalova', 'Кружалова', 'Мария', 'Александровна', 'KruzhalovaMA@mos.ru', '19447', 'Начальник отдела');
INSERT INTO esrd.users (id, name, lastname, firstname, patronym, email, phone, position) VALUES (4073, 'ZFyahretdinova', 'Фяхретдинова', 'Зифа', 'Ханвяровна', 'FyakhretdinovaZK@mos.ru', '19442', 'Советник');
INSERT INTO esrd.users (id, name, lastname, firstname, patronym, email, phone, position) VALUES (4074, 'EMedvedeva', 'Медведева', 'Екатерина', 'Валентиновна', 'MedvedevaEV2@mos.ru', '19452', 'Гл. специалист');
INSERT INTO esrd.users (id, name, lastname, firstname, patronym, email, phone, position) VALUES (4075, 'KugakovEV', 'Кугаков', 'Евгений', 'Вячеславович', 'KugakovEV@mos.ru', '17411', 'Начальник Управления');
INSERT INTO esrd.users (id, name, lastname, firstname, patronym, email, phone, position) VALUES (4076, 'ChekanovDA', 'Чеканов', 'Дмитрий', 'Анатольевич', 'ChekanovDA@mos.ru', '19714', 'Гл. специалист');
INSERT INTO esrd.users (id, name, lastname, firstname, patronym, email, phone, position) VALUES (4077, 'KlishinaEA', 'Клишина', 'Екатерина', 'Александровна', null, null, null);
INSERT INTO esrd.users (id, name, lastname, firstname, patronym, email, phone, position) VALUES (4078, 'KochetkovMM', 'Кочетков', 'Михаил', 'Михайлович', 'KochetkovMM@mos.ru', '17257', 'Гл. специалист');
INSERT INTO esrd.users (id, name, lastname, firstname, patronym, email, phone, position) VALUES (4079, 'MironovichAO', 'Миронович', 'Алина', 'Олеговна', 'MironovichAO@mos.ru', '19720', 'Гл. специалист');
INSERT INTO esrd.users (id, name, lastname, firstname, patronym, email, phone, position) VALUES (4080, 'SergienkoVG', 'Сергиенко', 'Виктор', 'Геннадьевич', null, null, null);
INSERT INTO esrd.users (id, name, lastname, firstname, patronym, email, phone, position) VALUES (4081, 'MatveevaAV', 'Матвеева', 'Анна', 'Валерьевна', null, null, null);
INSERT INTO esrd.users (id, name, lastname, firstname, patronym, email, phone, position) VALUES (4082, 'PelevinaMN', 'Пелевина', 'Мария', 'Николаевна', 'PelevinaMN@mos.ru', '14872', 'Начальник отдела');
INSERT INTO esrd.users (id, name, lastname, firstname, patronym, email, phone, position) VALUES (4083, 'EvdokimovaON', 'Евдокимова', 'Ольга', 'Николаевна', 'EvdokimovaON@mos.ru', '19496', 'Консультант');
INSERT INTO esrd.users (id, name, lastname, firstname, patronym, email, phone, position) VALUES (4084, 'ShirokovaEY', 'Широкова', 'Елена', 'Юрьевна', 'ShirokovaEY@mos.ru', '17247', 'Зам. начальника Управления');
INSERT INTO esrd.users (id, name, lastname, firstname, patronym, email, phone, position) VALUES (4085, 'TkachukTS', 'Ткачук', 'Тимур', 'Сергеевич', 'TkachukTS@mos.ru', '15037', 'Начальник отдела');
INSERT INTO esrd.users (id, name, lastname, firstname, patronym, email, phone, position) VALUES (4086, 'KuzminaSA', 'Кузьмина', 'Светлана', 'Александровна', 'ChekhranovaSA@mos.ru', '19492', 'Консультант');
INSERT INTO esrd.users (id, name, lastname, firstname, patronym, email, phone, position) VALUES (4087, 'IMilova', 'Милова', 'Ирина', 'Игоревна', 'Советник', '17225', 'MilovaII@mos.ru');
INSERT INTO esrd.users (id, name, lastname, firstname, patronym, email, phone, position) VALUES (4088, 'EAristova', 'Аристова', 'Екатерина', 'Михайловна', 'AristovaEM@mos.ru', '14889', 'Консультант');
INSERT INTO esrd.users (id, name, lastname, firstname, patronym, email, phone, position) VALUES (4089, 'AkishevaNY', 'Акишева', 'Наталья', 'Юрьевна', 'AkishevaNY@mos.ru', '17462', 'Консультант');
INSERT INTO esrd.users (id, name, lastname, firstname, patronym, email, phone, position) VALUES (4090, 'LychenkovaEN', 'Лыченкова', 'Евгения', 'Николаевна', 'LychenkovaEN@mos.ru', '17455', 'Гл. специалист');
INSERT INTO esrd.users (id, name, lastname, firstname, patronym, email, phone, position) VALUES (4091, 'MudrecovaEA', 'Мудрецова', 'Евгения', 'Александровна', 'MudretsovaEA@mos.ru', '17422', 'Гл. специалист');
INSERT INTO esrd.users (id, name, lastname, firstname, patronym, email, phone, position) VALUES (4092, 'AgapovaEA', 'Агапова', 'Елена', 'Александровна', 'AgapovaEA1@mos.ru', '17497', 'Специалист I категории');
INSERT INTO esrd.users (id, name, lastname, firstname, patronym, email, phone, position) VALUES (4093, 'AGrishaev', 'Гришаев', 'Андрей', 'Владимирович', 'GrishaevAV@mos.ru', '	17248', 'Гл. специалист');
INSERT INTO esrd.users (id, name, lastname, firstname, patronym, email, phone, position) VALUES (4094, 'SilkinaNS', 'Силкина', 'Наталья', 'Сергеевна', 'SilkinaNS@mos.ru', '17240', 'Зам. начальника Управления');
INSERT INTO esrd.users (id, name, lastname, firstname, patronym, email, phone, position) VALUES (4095, 'ODidenko', 'Диденко', 'Ольга', 'Владимировна', null, null, null);
INSERT INTO esrd.users (id, name, lastname, firstname, patronym, email, phone, position) VALUES (4096, 'ZhegalinaLI', 'Жегалина', 'Людмила', 'Ивановна', 'ZhegalinaLI@mos.ru', '17252', 'Зам. начальника отдела');
INSERT INTO esrd.users (id, name, lastname, firstname, patronym, email, phone, position) VALUES (4097, 'GakaevMA', 'Гакаев', 'Мансур', 'Аднанович', 'GakaevMA@mos.ru', '17228', 'Ведущий специалист');
INSERT INTO esrd.users (id, name, lastname, firstname, patronym, email, phone, position) VALUES (4098, 'VaginAY', 'Вагин', 'Александр', 'Юрьевич', 'VaginAY@mos.ru', '19749', 'Советник');
INSERT INTO esrd.users (id, name, lastname, firstname, patronym, email, phone, position) VALUES (4099, 'NChumachenko', 'Чумаченко', 'Наталья', 'Сергеевна', 'ChumachenkoNS@mos.ru', '17236', 'Начальник Управления');
INSERT INTO esrd.users (id, name, lastname, firstname, patronym, email, phone, position) VALUES (4100, 'BiryukovaON', 'Бирюкова', 'Ольга', 'Николаевна', 'BiryukovaON@mos.ru', '17239', 'Зам. начальника Управления');
INSERT INTO esrd.users (id, name, lastname, firstname, patronym, email, phone, position) VALUES (4101, 'MyalkinaMV', 'Мялькина', 'Марина', 'Васильевна', 'MyalkinaMV@tax.mos.ru', '17292', 'ИО Руководителя Пресс-службы');
INSERT INTO esrd.users (id, name, lastname, firstname, patronym, email, phone, position) VALUES (4102, 'SinyukovaEA', 'Синюкова', 'Екатерина', 'Андреевна', null, null, null);
INSERT INTO esrd.users (id, name, lastname, firstname, patronym, email, phone, position) VALUES (4103, 'ArzianiNV', 'Арзиани', 'Наталья', 'Викторовна', 'ArzianiNV@develop.mos.ru', '19717', null);
INSERT INTO esrd.users (id, name, lastname, firstname, patronym, email, phone, position) VALUES (4104, 'AndreevaEB', 'Андреева', 'Екатерина', 'Борисовна', null, null, null);
INSERT INTO esrd.users (id, name, lastname, firstname, patronym, email, phone, position) VALUES (4105, 'HamzinRH', 'Хамзин', 'Ринат', 'Халимович', null, null, null);
INSERT INTO esrd.users (id, name, lastname, firstname, patronym, email, phone, position) VALUES (4106, 'BereznitskyDI', 'Березницкий', 'Дмитрий', 'Игоревич', null, null, null);
INSERT INTO esrd.users (id, name, lastname, firstname, patronym, email, phone, position) VALUES (4107, 'KonstantinovaTV', 'Константинова', 'Татьяна', 'Викторовна', 'KonstantinovaTV@tax.mos.ru', '17190', 'Специалист');
INSERT INTO esrd.users (id, name, lastname, firstname, patronym, email, phone, position) VALUES (4108, 'HaritoshkinaMY', 'Харитошкина', 'Марина', 'Юрьевна', 'KharitoshkinaMY@tax.mos.ru', '19450', 'Помощник руководителя');
INSERT INTO esrd.users (id, name, lastname, firstname, patronym, email, phone, position) VALUES (4109, 'ShishkinaTS', 'Шишкина', 'Татьяна', 'Сергеевна', null, null, null);
INSERT INTO esrd.users (id, name, lastname, firstname, patronym, email, phone, position) VALUES (4110, 'IpatovaEA', 'Ипатова', 'Евгения', 'Александровна', 'IpatovaEA@mos.ru', '19419', 'Гл. специалист');
INSERT INTO esrd.users (id, name, lastname, firstname, patronym, email, phone, position) VALUES (4111, 'ShaforostovaOA', 'Шафоростова', 'Ольга', 'Александровна', null, null, null);
INSERT INTO esrd.users (id, name, lastname, firstname, patronym, email, phone, position) VALUES (4112, 'RazumovskayaNE', 'Разумовская', 'Наталья', 'Евгеньевна', 'RazumovskayaNE@mos.ru', '17212', 'Гл. специалист');
INSERT INTO esrd.users (id, name, lastname, firstname, patronym, email, phone, position) VALUES (4113, 'NBaulina', 'Баулина', 'Наталья', 'Игорьевна', 'BaulinaNI@mos.ru', '19437', 'Начальник отдела');
INSERT INTO esrd.users (id, name, lastname, firstname, patronym, email, phone, position) VALUES (4114, 'AgishevaIV', 'Агишева', 'Ирина', 'Вадимовна', 'AgishevaIV@mos.ru', '19710', 'Зам. начальника Управления');
INSERT INTO esrd.users (id, name, lastname, firstname, patronym, email, phone, position) VALUES (4115, 'FedorovPD', 'Федоров', 'Прохор', 'Дмитриевич', 'FedorovPD@mos.ru', '19747', 'Зам. руководителя');
INSERT INTO esrd.users (id, name, lastname, firstname, patronym, email, phone, position) VALUES (4116, 'KuzminaNV', 'Кузьмина', 'Наталья', 'Владимировна', 'KuzminaNVl@mos.ru', '17258', 'Начальник Управления');
INSERT INTO esrd.users (id, name, lastname, firstname, patronym, email, phone, position) VALUES (4117, 'SemeshinAA', 'Семёшин', 'Александр', 'Андреевич', 'SemeshinAA@mos.ru', '17231', 'Консультант');
INSERT INTO esrd.users (id, name, lastname, firstname, patronym, email, phone, position) VALUES (4118, 'ShatovaIA', 'Шатова', 'Ирина', 'Александровна', 'ShatovaIA1@mos.ru', '19666', 'Начальник отдела');
INSERT INTO esrd.users (id, name, lastname, firstname, patronym, email, phone, position) VALUES (4119, 'NPetrova', 'Петрова', 'Наталья', 'Ивановна', 'PetrovaNI@mos.ru', '17412', 'Гл. специалист');
INSERT INTO esrd.users (id, name, lastname, firstname, patronym, email, phone, position) VALUES (4120, 'OPorhun', 'Порхун', 'Ольга', 'Сергеевна', 'PorkhunOS@mos.ru', '19497', 'Начальник отдела');
INSERT INTO esrd.users (id, name, lastname, firstname, patronym, email, phone, position) VALUES (4121, 'OGrosova', 'Гросова', 'Оксана', 'Александровна', 'GrosovaOA@mos.ru', '17201', 'Консультант');
INSERT INTO esrd.users (id, name, lastname, firstname, patronym, email, phone, position) VALUES (4122, 'ArbatskyEI', 'Арбатский', 'Егор', 'Иванович', 'ArbatskyEI@develop.mos.ru', '15039', '');
INSERT INTO esrd.users (id, name, lastname, firstname, patronym, email, phone, position) VALUES (4123, 'GSkripnichenko', 'Скрипниченко', 'Гюзель', 'Исламовна', 'SkripnichenkoGI@mos.ru', '17237', 'Зав. сектором');
INSERT INTO esrd.users (id, name, lastname, firstname, patronym, email, phone, position) VALUES (4124, 'ShkuratovaMP', 'Шкуратова', 'Мария', 'Петровна', 'ShkuratovaMP@develop.mos.ru', '17209', 'Приемная');
INSERT INTO esrd.users (id, name, lastname, firstname, patronym, email, phone, position) VALUES (4125, 'VareevaSV', 'Вареева', 'Светлана', 'Владимировна', 'VareevaSV@mos.ru', '17468', 'Приемная');
INSERT INTO esrd.users (id, name, lastname, firstname, patronym, email, phone, position) VALUES (4126, 'TSoyNE', 'Цой', 'Наталья', 'Эфриковна', null, null, null);
INSERT INTO esrd.users (id, name, lastname, firstname, patronym, email, phone, position) VALUES (4127, 'MGluhova', 'Глухова', 'Мария', 'Валерьевна', 'GluhovaMV@mos.ru', '18957', 'Зам. начальника Управления');
INSERT INTO esrd.users (id, name, lastname, firstname, patronym, email, phone, position) VALUES (4128, 'KErshov', 'Ершов', 'Кирилл', 'Игоревич', 'ErshovKI@mos.ru', '14893', 'Зам. начальника Управления');
INSERT INTO esrd.users (id, name, lastname, firstname, patronym, email, phone, position) VALUES (4129, 'DZykov', 'Зыков', 'Дмитрий', 'Николаевич', 'ZykovDN@mos.ru', '15027', 'Гл. специалист');
INSERT INTO esrd.users (id, name, lastname, firstname, patronym, email, phone, position) VALUES (4130, 'SpesivtsevaEY', 'Спесивцева', 'Елена', 'Юрьевна', 'SpesivtsevaEY@mos.ru', '19417', 'Начальник Управления');
INSERT INTO esrd.users (id, name, lastname, firstname, patronym, email, phone, position) VALUES (4131, 'SukharevaAN', 'Сухарева', 'Аниса', 'Николаевна', 'SukharevaAN@mos.ru', '14840', 'Начальник отдела');
INSERT INTO esrd.users (id, name, lastname, firstname, patronym, email, phone, position) VALUES (4132, 'LLepushenko', 'Лепушенко', 'Людмила', 'Валентиновна', 'LepushenkoLV@mos.ru', '17480', 'Консультант');
INSERT INTO esrd.users (id, name, lastname, firstname, patronym, email, phone, position) VALUES (4133, 'NovohatskayaED', 'Новохатская', 'Екатерина', 'Дмитриевна', 'NovokhatskayaED@mos.ru', '19431', 'Ведущий специалист');
INSERT INTO esrd.users (id, name, lastname, firstname, patronym, email, phone, position) VALUES (4134, 'FrolovaAV', 'Фролова', 'Александра', 'Вячеславовна', 'FrolovaAVy@mos.ru', '14883', 'Зам. начальника отдела');
INSERT INTO esrd.users (id, name, lastname, firstname, patronym, email, phone, position) VALUES (4135, 'KostyukovaOV', 'Костюкова', 'Оксана', 'Владимировна', null, null, null);
INSERT INTO esrd.users (id, name, lastname, firstname, patronym, email, phone, position) VALUES (4136, 'RyzhovaVA', 'Рыжова', 'Валентина', 'Александровна', 'RyzhovaVA@mos.ru', '14885', 'Начальник отдела');
INSERT INTO esrd.users (id, name, lastname, firstname, patronym, email, phone, position) VALUES (4137, 'BraunVV', 'Браун', 'Вера', 'Викторовна', 'BraunVV@mos.ru', '14884', 'Советник');
INSERT INTO esrd.users (id, name, lastname, firstname, patronym, email, phone, position) VALUES (4138, 'CerkunovaOA', 'Церкунова', 'Ольга', 'Александровна', 'TserkunovaOA@mos.ru', '14887', 'Консультант');
INSERT INTO esrd.users (id, name, lastname, firstname, patronym, email, phone, position) VALUES (4139, 'MarkinaAV', 'Маркина', 'Анастасия', 'Владимировна', 'MarkinaAV1@mos.ru', '17438', 'Зам. начальника Управления, Начальник отдела');
INSERT INTO esrd.users (id, name, lastname, firstname, patronym, email, phone, position) VALUES (4140, 'ChugunovaMV', 'Чугунова', 'Марина', 'Викторовна', 'ChugunovaMV1@mos.ru', '14892', 'Ведущий специалист');
INSERT INTO esrd.users (id, name, lastname, firstname, patronym, email, phone, position) VALUES (4141, 'ZharkovaIV', 'Жаркова', 'Ирина', 'Владимировна', 'ZharkovaIV@mos.ru', '14858', 'ИО Начальника Управления');
INSERT INTO esrd.users (id, name, lastname, firstname, patronym, email, phone, position) VALUES (4142, 'VasilievaAV', 'Васильева', 'Анна', 'Владиславовна', 'VasilievaAV1@gaui.mos.ru', '18713', 'Гл. специалист');
INSERT INTO esrd.users (id, name, lastname, firstname, patronym, email, phone, position) VALUES (4143, 'MinaevaOV', 'Минаева', 'Оксана', 'Владимировна', 'MinaevaOV@mos.ru', '17234', 'Начальник отдела');
INSERT INTO esrd.users (id, name, lastname, firstname, patronym, email, phone, position) VALUES (4144, 'StasenkoMY', 'Стасенко', 'Михаил', 'Юрьевич', 'StasenkoMY@mos.ru', '15038', 'Зам. начальника Управления');
INSERT INTO esrd.users (id, name, lastname, firstname, patronym, email, phone, position) VALUES (4145, 'KorolevaOG', 'Королева', 'Ольга', 'Григорьевна', 'KorolevaOG@mos.ru', '19394', 'Консультант');
INSERT INTO esrd.users (id, name, lastname, firstname, patronym, email, phone, position) VALUES (4146, 'ZakrevskayaNA', 'Закревская', 'Наталия', 'Александровна', 'ZakrevskayaNA@gaui.mos.ru', '17259', 'Гл. специалист');
INSERT INTO esrd.users (id, name, lastname, firstname, patronym, email, phone, position) VALUES (4147, 'TatarinovaTD', 'Татаринова', 'Татьяна', 'Дмитриевна', 'TatarinovaTD@mos.ru', '15183', 'Зам.начальника отдела');
INSERT INTO esrd.users (id, name, lastname, firstname, patronym, email, phone, position) VALUES (4148, 'ProtsenkoVI', 'Проценко', 'Вера', 'Игоревна', null, null, null);
INSERT INTO esrd.users (id, name, lastname, firstname, patronym, email, phone, position) VALUES (4149, 'MBagreeva', 'Багреева', 'Мария', 'Андреевна', 'BagreevaMA@mos.ru', '17264', 'Первый зам. руководителя');
INSERT INTO esrd.users (id, name, lastname, firstname, patronym, email, phone, position) VALUES (4150, 'SibrinAE', 'Сибрин', 'Александр', 'Эдуардович', 'SibrinAE@mos.ru', '18959', 'Первый зам. руководителя');
INSERT INTO esrd.users (id, name, lastname, firstname, patronym, email, phone, position) VALUES (4151, 'KnyazevDV', 'Князев', 'Дмитрий', 'Владимирович', 'KnyazevDV@mos.ru', '14860', 'Начальник отдела');
INSERT INTO esrd.users (id, name, lastname, firstname, patronym, email, phone, position) VALUES (4152, 'ChernihEI', 'Черных', 'Евгения', 'Игоревна', 'ChernykhEI@mos.ru', '14861', 'Зам. начальника отдела');
INSERT INTO esrd.users (id, name, lastname, firstname, patronym, email, phone, position) VALUES (4153, 'VolkovaEV', 'Волкова', 'Екатерина', 'Валериевна', 'VolkovaEVa@mos.ru', '14867', 'Советник');
INSERT INTO esrd.users (id, name, lastname, firstname, patronym, email, phone, position) VALUES (4154, 'ZaharovAS', 'Захаров', 'Антон', 'Станиславович', 'ZakharovAS1@mos.ru', '14862', 'Советник');
INSERT INTO esrd.users (id, name, lastname, firstname, patronym, email, phone, position) VALUES (4155, 'VlasovYY', 'Власов', 'Юрий', 'Юрьевич', 'VlasovYY@mos.ru', '14863', 'Ведущий специалист');
INSERT INTO esrd.users (id, name, lastname, firstname, patronym, email, phone, position) VALUES (4156, 'PetushkovaDS', 'Петушкова', 'Дарья', 'Сергеевна', 'PetushkovaDS@mos.ru', '14864', 'Специалист 1-й категории');
INSERT INTO esrd.users (id, name, lastname, firstname, patronym, email, phone, position) VALUES (4157, 'TretyakovaAV', 'Третьякова', 'Анна', 'Викторовна', 'TretyakovaAV@mos.ru', '14868', 'Специалист 1-й категории');
INSERT INTO esrd.users (id, name, lastname, firstname, patronym, email, phone, position) VALUES (4158, 'MorozovaIM', 'Морозова', 'Ирина', 'Михайловна', 'MorozovaIM@mos.ru', '14871', 'Начальник отдела');
INSERT INTO esrd.users (id, name, lastname, firstname, patronym, email, phone, position) VALUES (4159, 'RomanovaOV', 'Романова', 'Ольга', 'Викторовна', 'RomanovaOV4@mos.ru', '14875', 'Ведущий специалист');
INSERT INTO esrd.users (id, name, lastname, firstname, patronym, email, phone, position) VALUES (4160, 'KolosovaEN', 'Колосова', 'Екатерина', 'Николаевна', 'KolosovaEN@mos.ru', '14874', 'Специалист 1-й категории');
INSERT INTO esrd.users (id, name, lastname, firstname, patronym, email, phone, position) VALUES (4161, 'SuslenkovDB', 'Сусленков', 'Дмитрий', 'Борисович', 'SuslenkovDB@mos.ru', '14848', 'Зам. начальника Управления');
INSERT INTO esrd.users (id, name, lastname, firstname, patronym, email, phone, position) VALUES (4162, 'ShrabshteinAA', 'Шрабштейн', 'Анастасия', 'Анатольевна', null, null, null);
INSERT INTO esrd.users (id, name, lastname, firstname, patronym, email, phone, position) VALUES (4163, 'ElantsevAA', 'Еланцев', 'Андрей', 'Александрович', 'ElantsevAA@mos.ru', '14850', 'Зав. сектором');
INSERT INTO esrd.users (id, name, lastname, firstname, patronym, email, phone, position) VALUES (4164, 'BarbashinaMV', 'Барбашина', 'Марина', 'Владимировна', 'BarbashinaMV@mos.ru', '14851', 'Консультант');
INSERT INTO esrd.users (id, name, lastname, firstname, patronym, email, phone, position) VALUES (4165, 'BaranovaEV', 'Баранова', 'Елена', 'Викторовна', 'BaranovaEV3@mos.ru', '14852', 'Гл. специалист');
INSERT INTO esrd.users (id, name, lastname, firstname, patronym, email, phone, position) VALUES (4166, 'ProkhorovaLV', 'Прохорова', 'Людмила', 'Васильевна', 'ProkhorovaLV2@mos.ru', '14853', 'Гл. специалист');
INSERT INTO esrd.users (id, name, lastname, firstname, patronym, email, phone, position) VALUES (4167, 'SemenovAV', 'Семенов', 'Андрей', 'Вячеславович', null, null, null);
INSERT INTO esrd.users (id, name, lastname, firstname, patronym, email, phone, position) VALUES (4168, 'CHervyakovaIV', 'Червякова', 'Ирина', 'Валерьевна', 'ChervyakovaIV@mos.ru', '14855', 'Зам. начальника отдела');
INSERT INTO esrd.users (id, name, lastname, firstname, patronym, email, phone, position) VALUES (4169, 'SerikovaEA', 'Серикова', 'Екатерина', 'Анатольевна', 'SerikovaEA@mos.ru', '14877', 'Советник');
INSERT INTO esrd.users (id, name, lastname, firstname, patronym, email, phone, position) VALUES (4170, 'VolkovaIG', 'Волкова', 'Ирина', 'Геннадьевна', 'VolkovaIG1@mos.ru', '14856', 'Консультант');
INSERT INTO esrd.users (id, name, lastname, firstname, patronym, email, phone, position) VALUES (4171, 'DanilinAV', 'Данилин', 'Андрей', 'Владимирович', 'DanilinAV1@mos.ru', '14870', 'Гл. специалист');
INSERT INTO esrd.users (id, name, lastname, firstname, patronym, email, phone, position) VALUES (4172, 'TetushkinDN', 'Тётушкин', 'Дмитрий', 'Николаевич', 'TetushkinDN@mos.ru', '10129', 'Зам. руководителя');
INSERT INTO esrd.users (id, name, lastname, firstname, patronym, email, phone, position) VALUES (4173, 'OMaslennikova', 'Масленникова', 'Оксана', 'Викторовна', 'MaslennikovaOV@mos.ru', '19754', 'Консультант');
INSERT INTO esrd.users (id, name, lastname, firstname, patronym, email, phone, position) VALUES (4174, 'ShatilovAV', 'Шатилов', 'Андрей', 'Владимирович', 'ShatilovAV@mos.ru', '19458', 'Гл. специалист');
INSERT INTO esrd.users (id, name, lastname, firstname, patronym, email, phone, position) VALUES (4175, 'GotsulovMV', 'Гоцулов', 'Максим', 'Витальевич', 'GotsulovMV@mos.ru', '10126', 'Зам. начальника Управления');
INSERT INTO esrd.users (id, name, lastname, firstname, patronym, email, phone, position) VALUES (4176, 'BelovaAV', 'Белова', 'Алеся', 'Валерьевна', 'BelovaOV@mos.ru', '19729', 'Заместитель начальника Управления, руководитель Контрактной службы');
INSERT INTO esrd.users (id, name, lastname, firstname, patronym, email, phone, position) VALUES (4177, 'SoldatovaEV', 'Солдатова', 'Екатерина', 'Викторовна', 'SoldatovaEV@mos.ru', '14899', 'Советник');
INSERT INTO esrd.users (id, name, lastname, firstname, patronym, email, phone, position) VALUES (4178, 'ChernovaEV', 'Чернова', 'Екатерина', 'Викторовна', 'ChernovaEV@gaui.mos.ru', '14897', 'Начальник отдела');
INSERT INTO esrd.users (id, name, lastname, firstname, patronym, email, phone, position) VALUES (4179, 'KirichkovaGE', 'Киричкова', 'Галина', 'Евгеньевна', 'KirichkovaGE@mos.ru', '14882', 'Специалист I категории');
INSERT INTO esrd.users (id, name, lastname, firstname, patronym, email, phone, position) VALUES (4180, 'SyabitovaRV', 'Сябитова', 'Римма', 'Владиковна', 'SyabitovaRV1@mos.ru', '19727', 'Советник');
INSERT INTO esrd.users (id, name, lastname, firstname, patronym, email, phone, position) VALUES (4181, 'GoryachevaNI', 'Горячева', 'Наталья', 'Ивановна', 'PaninaTV@gaui.mos.ru', '19725', 'Гл. специалист');
INSERT INTO esrd.users (id, name, lastname, firstname, patronym, email, phone, position) VALUES (4182, 'NGoryacheva', 'Горячева', 'Наталия', 'Ивановна', 'GoryachevaNI@mos.ru', '17423', 'Советник');
INSERT INTO esrd.users (id, name, lastname, firstname, patronym, email, phone, position) VALUES (4183, 'ShurovaTV', 'Шурова', 'Татьяна', 'Владимировна', 'ShurovaTV@mos.ru', '17424', 'Советник');
INSERT INTO esrd.users (id, name, lastname, firstname, patronym, email, phone, position) VALUES (4184, 'EHalaburdina', 'Халабурдина', 'Елена', 'Игоревна', 'KhalaburdinaEI@mos.ru', '17418', 'Начальник Управления');
INSERT INTO esrd.users (id, name, lastname, firstname, patronym, email, phone, position) VALUES (4185, 'NikitinaML', 'Никитина', 'Мария', 'Львовна', 'NikitinaML@mos.ru', '19454', 'Зам. начальника Управления');
INSERT INTO esrd.users (id, name, lastname, firstname, patronym, email, phone, position) VALUES (4186, 'PetrenkoME', 'Петренко', 'Максим', 'Эдуардович', 'PetrenkoME@mos.ru', '19411', 'Начальник отдела');
INSERT INTO esrd.users (id, name, lastname, firstname, patronym, email, phone, position) VALUES (4187, 'LovkovaEA', 'Ловкова', 'Елена', 'Анатольевна', 'LovkovaEA@mos.ru', '17436', 'Советник');
INSERT INTO esrd.users (id, name, lastname, firstname, patronym, email, phone, position) VALUES (4188, 'ErmakovAG', 'Ермаков', 'Андрей', 'Геннадьевич', 'ErmakovAG@mos.ru', '17419', 'Зам. начальника Управления');
INSERT INTO esrd.users (id, name, lastname, firstname, patronym, email, phone, position) VALUES (4189, 'KuznetsovaYP', 'Кузнецова', 'Юлия', 'Петровна', 'KuznetsovaYP@mos.ru', '15002', 'Зам. начальника отдела');
INSERT INTO esrd.users (id, name, lastname, firstname, patronym, email, phone, position) VALUES (4190, 'BaronAA', 'Барон', 'Артем', 'Андреевич', 'BaronAA@mos.ru', '14838', 'Гл. специалист');
INSERT INTO esrd.users (id, name, lastname, firstname, patronym, email, phone, position) VALUES (4191, 'RusskihIN', 'Русских', 'Ирина', 'Николаевна', 'RusskikhIN@mos.ru', '14834', 'Начальник отдела');
INSERT INTO esrd.users (id, name, lastname, firstname, patronym, email, phone, position) VALUES (4192, 'VolkovaON', 'Волкова', 'Ольга', 'Николаевна', 'VolkovaON2@mos.ru', '17233', 'Советник');
INSERT INTO esrd.users (id, name, lastname, firstname, patronym, email, phone, position) VALUES (4193, 'LebedevaIA', 'Лебедева', 'Ирина', 'Александровна', 'LebedevaIA1@mos.ru', '17479', 'Консультант');
INSERT INTO esrd.users (id, name, lastname, firstname, patronym, email, phone, position) VALUES (4194, 'HvastochenkoON', 'Хвасточенко', 'Оксана', 'Николаевна', 'KhvastochenkoON@mos.ru', '19722', 'Гл. специалист');
INSERT INTO esrd.users (id, name, lastname, firstname, patronym, email, phone, position) VALUES (4195, 'MininVN', 'Минин', 'Валерий', 'Николаевич', 'MininVN@mos.ru', '14832', 'Зам. начальника Управления');
INSERT INTO esrd.users (id, name, lastname, firstname, patronym, email, phone, position) VALUES (4196, 'PlekhanovaEN', 'Плеханова', 'Екатерина', 'Николаевна', 'PlekhanovaEN@mos.ru', '17439', 'Консультант');
INSERT INTO esrd.users (id, name, lastname, firstname, patronym, email, phone, position) VALUES (4197, 'KulikovaES', 'Куликова', 'Елена', 'Сергеевна', 'KrutovaES@mos.ru', '19740', 'Зам. начальника Управления, начальник отдела');
INSERT INTO esrd.users (id, name, lastname, firstname, patronym, email, phone, position) VALUES (4198, 'GavdifattovaSN', 'Гавдифаттова', 'Софья', 'Николаевна', 'GavdifattovaSN@develop.mos.ru', '17282', null);
INSERT INTO esrd.users (id, name, lastname, firstname, patronym, email, phone, position) VALUES (4199, 'PeregodovaEY', 'Перегодова', 'Елена', 'Юрьевна', null, null, null);
INSERT INTO esrd.users (id, name, lastname, firstname, patronym, email, phone, position) VALUES (4200, 'ChurkinaAV', 'Чуркина', 'Анна', 'Владимировна', 'ChurkinaAV@mos.ru', '17461', 'Начальник отдела');
INSERT INTO esrd.users (id, name, lastname, firstname, patronym, email, phone, position) VALUES (4201, 'OreshkinGA', 'Орешкин', 'Григорий', 'Андреевич', 'OreshkinGA@develop.mos.ru', '19095', null);
INSERT INTO esrd.users (id, name, lastname, firstname, patronym, email, phone, position) VALUES (4202, 'SHCHerbakovaNV', 'Щербакова', 'Наталья', 'Владимировна', 'ScherbakovaNV2@tax.mos.ru', '14896', null);
INSERT INTO esrd.users (id, name, lastname, firstname, patronym, email, phone, position) VALUES (4203, 'DudinaLS', 'Дудина', 'Лариса', 'Сергеевна', 'DudinaLS@mos.ru', '17251', 'Гл. специалист');
INSERT INTO esrd.users (id, name, lastname, firstname, patronym, email, phone, position) VALUES (4204, 'SporyshevaVV', 'Спорышева', 'Валентина', 'Валерьевна', 'SporyshevaVV@mos.ru', '17495', 'Советник');
INSERT INTO esrd.users (id, name, lastname, firstname, patronym, email, phone, position) VALUES (4205, 'VasilievVV', 'Васильев', 'Виктор', 'Вячеславович', 'VasilievVV6@mos.ru', '14847', 'Начальник Управления');
INSERT INTO esrd.users (id, name, lastname, firstname, patronym, email, phone, position) VALUES (4206, 'VolkovaNY', 'Волкова', 'Надежда', 'Юрьевна', null, null, null);
INSERT INTO esrd.users (id, name, lastname, firstname, patronym, email, phone, position) VALUES (4207, 'GlushkovaDA', 'Глушкова', 'Дарья', 'Анатольевна', null, null, null);
INSERT INTO esrd.users (id, name, lastname, firstname, patronym, email, phone, position) VALUES (4208, 'TyutyuginaIA', 'Тютюгина', 'Ирина', 'Александровна', 'TyutyuginaIA@mos.ru', '14873', 'Советник');
INSERT INTO esrd.users (id, name, lastname, firstname, patronym, email, phone, position) VALUES (4209, 'VolchkovaEI', 'Волчкова', 'Елена', 'Иосифовна', 'VolchkovaEI@gaui.mos.ru', '17230', 'Зам начальника Управления, начальник отдела');
INSERT INTO esrd.users (id, name, lastname, firstname, patronym, email, phone, position) VALUES (4210, 'SmirnovaMS', 'Смирнова', 'Маргарита', 'Сергеевна', 'SmirnovaMS1@mos.ru', '17242', 'Советник');
INSERT INTO esrd.users (id, name, lastname, firstname, patronym, email, phone, position) VALUES (4211, 'krutovVV', 'Крутов', 'Владимир', 'Валерьевич', 'KrutovVV2@mos.ru', '17208', 'Начальник отдела');
INSERT INTO esrd.users (id, name, lastname, firstname, patronym, email, phone, position) VALUES (4212, 'SHakhbazianSL', 'Шахбазян', 'Сюзанна', 'Левановна', null, null, null);
INSERT INTO esrd.users (id, name, lastname, firstname, patronym, email, phone, position) VALUES (4213, 'RyzhkovaOA', 'Рыжкова', 'Ольга', 'Алексеевна', 'RyzhkovaOA@mos.ru', '17453', 'Советник');
INSERT INTO esrd.users (id, name, lastname, firstname, patronym, email, phone, position) VALUES (4214, 'BashkankovAP', 'Башканков', 'Александр', 'Павлович', null, null, null);
INSERT INTO esrd.users (id, name, lastname, firstname, patronym, email, phone, position) VALUES (4215, 'AkimovaEN', 'Акимова', 'Елена', 'Николаевна', 'AkimovaEN2@mos.ru', '17408', 'Советник');
INSERT INTO esrd.users (id, name, lastname, firstname, patronym, email, phone, position) VALUES (4216, 'KHodenkovaNN', 'Ходенкова', 'Наталья', 'Николаевна', 'HodenkovaNN@mos.ru', '17180', 'Консультант');
INSERT INTO esrd.users (id, name, lastname, firstname, patronym, email, phone, position) VALUES (4217, 'MorevaMO', 'Морева', 'Мария', 'Олеговна', null, null, null);
INSERT INTO esrd.users (id, name, lastname, firstname, patronym, email, phone, position) VALUES (4218, 'ErmakovaVN', 'Ермакова', 'Вера', 'Николаевна', 'ErmakovaVN@mos.ru', '17464', 'Консультант');
INSERT INTO esrd.users (id, name, lastname, firstname, patronym, email, phone, position) VALUES (4219, 'OleynikNA', 'Олейник', 'Наталья', 'Александровна', 'OleynikNA@mos.ru', '17426', 'Специалист 1-й категории');
INSERT INTO esrd.users (id, name, lastname, firstname, patronym, email, phone, position) VALUES (4220, 'DavidovaII', 'Давыдова', 'Ирина', 'Игоревна', 'DavydovaII@mos.ru', '19719', 'Советник');
INSERT INTO esrd.users (id, name, lastname, firstname, patronym, email, phone, position) VALUES (4221, 'PuzirevaEO', 'Пузырева', 'Елена', 'Олеговна', 'PuzirevaEO@mos.ru', '17430', 'Специалист I категории');
INSERT INTO esrd.users (id, name, lastname, firstname, patronym, email, phone, position) VALUES (4222, 'mr430', 'Meeting', 'Room', '430', null, null, null);
INSERT INTO esrd.users (id, name, lastname, firstname, patronym, email, phone, position) VALUES (4223, 'EMaksimova', 'Максимова', 'Елена', 'Александровна', 'MaksimovaEA@mos.ru', '17288', 'Советник');
INSERT INTO esrd.users (id, name, lastname, firstname, patronym, email, phone, position) VALUES (4224, 'NPotrivaeva', 'Потриваева', 'Наталья', 'Анатольевна', 'PotrivaevaNA@mos.ru', '19732', 'Советник');
INSERT INTO esrd.users (id, name, lastname, firstname, patronym, email, phone, position) VALUES (4225, 'OKoposova', 'Копосова', 'Ольга', 'Рафаэлевна', 'KoposovaOR@mos.ru', '19736', 'Начальник отдела');
INSERT INTO esrd.users (id, name, lastname, firstname, patronym, email, phone, position) VALUES (4226, 'APopkova', 'Попкова', 'Алина', 'Михайловна', 'PopkovaAM@mos.ru', '17280', 'Начальник отдела');
INSERT INTO esrd.users (id, name, lastname, firstname, patronym, email, phone, position) VALUES (4227, 'IKatarzhuk', 'Катаржук', 'Ирина', 'Александровна', 'KatarzhukIA@mos.ru', '18780', 'Зам. начальника Управления');
INSERT INTO esrd.users (id, name, lastname, firstname, patronym, email, phone, position) VALUES (4228, 'ZakharovPV', 'Захаров', 'Павел', 'Вячеславович', 'ZakharovPV@mos.ru', '19444', 'Зам. начальника отдела');
INSERT INTO esrd.users (id, name, lastname, firstname, patronym, email, phone, position) VALUES (4229, 'LeskinAN', 'Лескин', 'Александр', 'Николаевич', '17276', '17276', 'Помощник руководителя');
INSERT INTO esrd.users (id, name, lastname, firstname, patronym, email, phone, position) VALUES (4230, 'LutovinovDA', 'Лутовинов', 'Дмитрий', 'Александрович', 'LutovinovDA@gaui.mos.ru', '19465', 'Гл. специалист');
INSERT INTO esrd.users (id, name, lastname, firstname, patronym, email, phone, position) VALUES (4231, 'MedvedevAN', 'Медведев', 'Андрей', 'Николаевич', null, null, null);
INSERT INTO esrd.users (id, name, lastname, firstname, patronym, email, phone, position) VALUES (4232, 'GlukhikhOV', 'Глухих', 'Ольга', 'Владимировна', 'GlukhikhOV@mos.ru', '15187', 'специалист');
INSERT INTO esrd.users (id, name, lastname, firstname, patronym, email, phone, position) VALUES (4233, 'NaperovaLI', 'Наперова', 'Людмила', 'Ивановна', 'NaperovaLI@mos.ru', '17429', 'Начальник Управления');
INSERT INTO esrd.users (id, name, lastname, firstname, patronym, email, phone, position) VALUES (4234, 'StarostinVA', 'Старостин', 'Владислав', 'Анатольевич', 'StarostinVA1@mos.ru', '19755', 'Зам. начальника Управления');
INSERT INTO esrd.users (id, name, lastname, firstname, patronym, email, phone, position) VALUES (4235, 'SolomonovaSI', 'Соломонова', 'Светлана', 'Ивановна', 'SolomonovaSI@mos.ru', '17410', 'Начальник отдела');
INSERT INTO esrd.users (id, name, lastname, firstname, patronym, email, phone, position) VALUES (4236, 'KononihinaMS', 'Кононыхина', 'Марина', 'Сергеевна', 'KononykhinaMS@mos.ru', '17470', 'Гл. специалист');
INSERT INTO esrd.users (id, name, lastname, firstname, patronym, email, phone, position) VALUES (4237, 'ZhelezanovaOV', 'Железанова', 'Ольга', 'Валентиновна', 'ZhelezanovaOV@mos.ru', '17415', 'Советник');
INSERT INTO esrd.users (id, name, lastname, firstname, patronym, email, phone, position) VALUES (4238, 'MalcevaLE', 'Мальцева', 'Луиза', 'Эльнаровна', 'MaltsevaLE@gaui.mos.ru', '17460', 'Гл. специалист');
INSERT INTO esrd.users (id, name, lastname, firstname, patronym, email, phone, position) VALUES (4239, 'MilshinaIN', 'Мильшина', 'Ирина', 'Николаевна', 'MilshinaIN@mos.ru', '18952', 'Советник');
INSERT INTO esrd.users (id, name, lastname, firstname, patronym, email, phone, position) VALUES (4240, 'VostroilovaMV', 'Востроилова', 'Марина', 'Венальевна', 'VostroilovaMV@mos.ru', '19412', 'Гл. специалист');
INSERT INTO esrd.users (id, name, lastname, firstname, patronym, email, phone, position) VALUES (4241, 'HolstininaYN', 'Холстинина', 'Юлия', 'Ивановна', 'KholstininaYI@mos.ru', '17442', 'Консультант');
INSERT INTO esrd.users (id, name, lastname, firstname, patronym, email, phone, position) VALUES (4242, 'GalushkoAA', 'Галушко', 'Андрей', 'Александрович', 'GalushkoAA@mos.ru', '19738', 'Советник');
INSERT INTO esrd.users (id, name, lastname, firstname, patronym, email, phone, position) VALUES (4243, 'RedinaEA', 'Редина', 'Елена', 'Александровна', 'RedinaEA@mos.ru', '18963', 'Консультант');
INSERT INTO esrd.users (id, name, lastname, firstname, patronym, email, phone, position) VALUES (4244, 'TikhonovDV', 'Тихонов', 'Денис', 'Владимирович', 'PR_TikhonovDV@mos.ru', null, 'Министр Правительства Москвы, руководитель Департамента ');
INSERT INTO esrd.users (id, name, lastname, firstname, patronym, email, phone, position) VALUES (4245, 'PR-Tikhonova', 'Приемная', 'Тихонова', 'Д.В.', null, '19070', null);
INSERT INTO esrd.users (id, name, lastname, firstname, patronym, email, phone, position) VALUES (4246, 'MayseenkoEV', 'Майсеенко', 'Екатерина', 'Владимировна', 'MayseenkoEV@mos.ru', '19072', 'Помощник руководителя');
INSERT INTO esrd.users (id, name, lastname, firstname, patronym, email, phone, position) VALUES (4247, 'DozhaVV', 'Дожа', 'Вадим', 'Вадимович', 'DozhaVV@mos.ru', '19737', 'Помощник руководителя');
INSERT INTO esrd.users (id, name, lastname, firstname, patronym, email, phone, position) VALUES (4248, 'KryuchkovaPV', 'Крючкова', 'Полина', 'Викторовна', 'KryuchkovaPV@mos.ru', '15001', 'Зам. руководителя');
INSERT INTO esrd.users (id, name, lastname, firstname, patronym, email, phone, position) VALUES (4249, 'KnyazevaOA', 'Князева', 'Оксана', 'Алексеевна', 'PR_TetushkinDN@mos.ru', '18951', 'Приемная');
INSERT INTO esrd.users (id, name, lastname, firstname, patronym, email, phone, position) VALUES (4250, 'SorokoletovaSN', 'Сороколетова', 'Светлана', 'Николаевна', null, null, null);
INSERT INTO esrd.users (id, name, lastname, firstname, patronym, email, phone, position) VALUES (4251, 'PutinDV', 'Путин', 'Дмитрий', 'Валерьевич', 'PutinDV@mos.ru', '17458', 'Зам. руководителя');
INSERT INTO esrd.users (id, name, lastname, firstname, patronym, email, phone, position) VALUES (4252, 'EZoboleva', 'Зоболева', 'Елена', 'Николаевна', 'ZobolevaEN@mos.ru', '15099', 'Начальник Управления');
INSERT INTO esrd.users (id, name, lastname, firstname, patronym, email, phone, position) VALUES (4253, 'OFedulkina', 'Федулкина', 'Ольга', 'Владимировна', 'FedulkinaOV@mos.ru', '15042', 'Зам. начальника Управления');
INSERT INTO esrd.users (id, name, lastname, firstname, patronym, email, phone, position) VALUES (4254, 'TSadovnikova', 'Садовникова', 'Татьяна', 'Владимировна', 'SadovnikovaTV@mos.ru', '19667', 'Зав. сектором');
INSERT INTO esrd.users (id, name, lastname, firstname, patronym, email, phone, position) VALUES (4255, 'ENadelyaeva', 'Наделяева', 'Елена', 'Ивановна', 'NadelyaevaEI@mos.ru', '19665', 'Советник');
INSERT INTO esrd.users (id, name, lastname, firstname, patronym, email, phone, position) VALUES (4256, 'NChubareva', 'Чубарева', 'Наталья', 'Николаевна', 'ChubarevaNN@mos.ru', '19671', 'Советник');
INSERT INTO esrd.users (id, name, lastname, firstname, patronym, email, phone, position) VALUES (4257, 'MalinovskayaMM', 'Малиновская', 'Мария', 'Михайловна', 'MalinovskayaMM@mos.ru', '17262', 'Советник');
INSERT INTO esrd.users (id, name, lastname, firstname, patronym, email, phone, position) VALUES (4258, 'SAnikeeva', 'Аникеева', 'Светлана', 'Юрьевна', 'AnikeevaSY@mos.ru', '19668', 'Консультант');
INSERT INTO esrd.users (id, name, lastname, firstname, patronym, email, phone, position) VALUES (4259, 'MosienkovaAM', 'Мосиенкова', 'Анжела', 'Михайловна', 'MosienkovaAM@mos.ru', '17187', 'Советник');
INSERT INTO esrd.users (id, name, lastname, firstname, patronym, email, phone, position) VALUES (4260, 'TopolevskayaED', 'Тополевская', 'Елена', 'Дмитриевна', 'TopolevskayaED@mos.ru', '15074', 'Гл. специалист');
INSERT INTO esrd.users (id, name, lastname, firstname, patronym, email, phone, position) VALUES (4261, 'KravchenkoEN', 'Кравченко', 'Елена', 'Нурмухаматовна', null, null, null);
INSERT INTO esrd.users (id, name, lastname, firstname, patronym, email, phone, position) VALUES (4262, 'KlimovaTV', 'Климова', 'Татьяна', 'Владимировна', 'KlimovaTV@tax.mos.ru', '14841', null);
INSERT INTO esrd.users (id, name, lastname, firstname, patronym, email, phone, position) VALUES (4263, 'OrlovaIV', 'Орлова', 'Ирина', 'Викторовна', 'OrlovaIV@mos.ru', '17246', 'Советник');
INSERT INTO esrd.users (id, name, lastname, firstname, patronym, email, phone, position) VALUES (4264, 'SDanilin', 'Данилина', 'Светлана', 'Викторовна', 'DanilinaSV@mos.ru', '17235', 'Советник');
INSERT INTO esrd.users (id, name, lastname, firstname, patronym, email, phone, position) VALUES (4265, 'ASokolova', 'Соколова', 'Алла', 'Николаевна', 'SokolovaAN@mos.ru', '17443', 'Консультант');
INSERT INTO esrd.users (id, name, lastname, firstname, patronym, email, phone, position) VALUES (4266, 'VVolodin', 'Володин', 'Владимир', 'Владимирович', 'VolodinVV@mos.ru', '17272', 'Начальник отдела');
INSERT INTO esrd.users (id, name, lastname, firstname, patronym, email, phone, position) VALUES (4267, 'EkubovaMA', 'Ёкубова', 'Манзура', 'Аюбовна', 'EkubovaMA@mos.ru', '17243', 'Зам. начальника Управления, начальник отдела');
INSERT INTO esrd.users (id, name, lastname, firstname, patronym, email, phone, position) VALUES (4268, 'SolovievAA3', 'Соловьев', 'Александр', 'Анатольевич', 'SolovievAA3@develop.mos.ru', '17183', 'Зам. начальника Управления');
INSERT INTO esrd.users (id, name, lastname, firstname, patronym, email, phone, position) VALUES (4269, 'LidzhievaAD', 'Лиджиева', 'Алиса', 'Дмитриевна', 'LidzhievaAD@mos.ru', '17427', 'Зам. начальника отдела');
INSERT INTO esrd.users (id, name, lastname, firstname, patronym, email, phone, position) VALUES (4270, 'ProvkovKS', 'Провков', 'Константин', 'Сергеевич', 'ProvkovKS@develop.mos.ru', '17466', 'Советник');
INSERT INTO esrd.users (id, name, lastname, firstname, patronym, email, phone, position) VALUES (4271, 'MorozovaIV2', 'Морозова', 'Ирина', 'Владимировна', 'MorozovaIV2@mos.ru', '17222', 'Консультант');
INSERT INTO esrd.users (id, name, lastname, firstname, patronym, email, phone, position) VALUES (4272, 'RyzhkovaSV', 'Рыжкова', 'Светлана', 'Викторовна', 'RyzhkovaSV@mos.ru', '17482', 'Консультант');
INSERT INTO esrd.users (id, name, lastname, firstname, patronym, email, phone, position) VALUES (4273, 'VasilievaAA', 'Васильева', 'Анастастия', 'Андреевна', 'VasilievaAA4@mos.ru', '17274', 'Советник');
INSERT INTO esrd.users (id, name, lastname, firstname, patronym, email, phone, position) VALUES (4274, 'EIonova', 'Ионова', 'Елена', 'Анатольевна', 'IonovaEA@mos.ru', '17463', 'Зам. начальника Управления');
INSERT INTO esrd.users (id, name, lastname, firstname, patronym, email, phone, position) VALUES (4275, 'LVolodikhina', 'Володихина', 'Лилия', 'Николаевна', 'VolodikhinaLN@mos.ru', '15030', 'Зам. начальника отдела');
INSERT INTO esrd.users (id, name, lastname, firstname, patronym, email, phone, position) VALUES (4276, 'MarininVN', 'Маринин', 'Владимир', 'Николаевич', 'MarininVN@mos.ru', '15573', 'Зам. начальника Управления');
INSERT INTO esrd.users (id, name, lastname, firstname, patronym, email, phone, position) VALUES (4277, 'MokievskayaEV', 'Мокиевская', 'Елена', 'Владимировна', null, null, null);
INSERT INTO esrd.users (id, name, lastname, firstname, patronym, email, phone, position) VALUES (4278, 'LeskinaNV', 'Лескина', 'Нина', 'Васильевна', 'LeskinaNV@mos.ru', '19066', 'Консультант');
INSERT INTO esrd.users (id, name, lastname, firstname, patronym, email, phone, position) VALUES (4279, 'PechurchikVV', 'Печурчик', 'Владимир', 'Владимирович', 'PechurchikVV@mos.ru', '14830', 'Начальник Управления');
INSERT INTO esrd.users (id, name, lastname, firstname, patronym, email, phone, position) VALUES (4280, 'ESiyutkina', 'Сиюткина', 'Елена', 'Федоровна', 'SiyutkinaEF@mos.ru', '17265', 'Советник');
INSERT INTO esrd.users (id, name, lastname, firstname, patronym, email, phone, position) VALUES (4281, 'AMitrofanov', 'Митрофанов', 'Алексей', 'Михайлович', 'MitrofanovAM@mos.ru', '19741', 'Зам. начальника отдела');
INSERT INTO esrd.users (id, name, lastname, firstname, patronym, email, phone, position) VALUES (4282, 'FrolovaNA', 'Фролова', 'Наталья', 'Александровна', 'FrolovaNA@mos.ru', '17297', 'Зам. начальника отдела');
INSERT INTO esrd.users (id, name, lastname, firstname, patronym, email, phone, position) VALUES (4283, 'ChuvatkinaEV', 'Чуваткина', 'Евгения', 'Викторовна', 'ChuvatkinaEV@mos.ru', '17488', 'Советник');
INSERT INTO esrd.users (id, name, lastname, firstname, patronym, email, phone, position) VALUES (4284, 'IvantsovaIV', 'Иванцова', 'Ирина', 'Владимировна', 'IvantsovaIV@mos.ru', '17459', 'Ведущий специалист');
INSERT INTO esrd.users (id, name, lastname, firstname, patronym, email, phone, position) VALUES (4285, 'PavlovYN', 'Павлов', 'Ян', 'Николаевич', 'mosdaos@mail.ru', '17473', 'Специалист референтуры ');
INSERT INTO esrd.users (id, name, lastname, firstname, patronym, email, phone, position) VALUES (4286, 'KorshikovaOE', 'Коршикова', 'Ольга', 'Евгеньевна', 'KorshikovaOE@develop.mos.ru', '19396', 'Советник');
INSERT INTO esrd.users (id, name, lastname, firstname, patronym, email, phone, position) VALUES (4287, 'MartsevRV', 'Марцев', 'Руслан', 'Владимирович', 'MartsevRV@mos.ru', '10682', 'специалист');
INSERT INTO esrd.users (id, name, lastname, firstname, patronym, email, phone, position) VALUES (4288, 'PR-Spesivtseva', 'Приемная', 'Спесивцевой', 'Е.Ю.', null, null, null);
INSERT INTO esrd.users (id, name, lastname, firstname, patronym, email, phone, position) VALUES (4289, 'MeshkorudnayaGV', 'Мешкорудная', 'Галина', 'Васильевна', 'MeshkorudnayaGV@mos.ru', '14898', 'Начальник отдела');
INSERT INTO esrd.users (id, name, lastname, firstname, patronym, email, phone, position) VALUES (4290, 'SviridovaKS', 'Свиридова', 'Кристина', 'Сергеевна', null, null, null);
INSERT INTO esrd.users (id, name, lastname, firstname, patronym, email, phone, position) VALUES (4291, 'MamonovAA', 'Мамонов', 'Андрей', 'Андреевич', 'MamonovAA@mos.ru', '17291', 'Консультант');
INSERT INTO esrd.users (id, name, lastname, firstname, patronym, email, phone, position) VALUES (4292, 'RoslavickayaKA', 'Рославицкая', 'Кристина', 'Андреевна', null, null, null);
INSERT INTO esrd.users (id, name, lastname, firstname, patronym, email, phone, position) VALUES (4293, 'SolomatinaIV', 'Соломатина', 'Ирина', 'Владимировна', 'SolomatinaIV@mos.ru', '19440', 'Консультант');
INSERT INTO esrd.users (id, name, lastname, firstname, patronym, email, phone, position) VALUES (4294, 'YakovlevVA', 'Яковлев', 'Валентин', 'Алексеевич', 'YakovlevVA1@mos.ru', '17435', 'Гл. специалист');
INSERT INTO esrd.users (id, name, lastname, firstname, patronym, email, phone, position) VALUES (4295, 'AkentievaOA', 'Акентьева', 'Олеся', 'Анатольевна', 'AkentievaOA@mos.ru', '17214', 'Гл. специалист');
INSERT INTO esrd.users (id, name, lastname, firstname, patronym, email, phone, position) VALUES (4296, 'IvanovAE', 'Иванов', 'Андрей', 'Евгеньевич', null, null, null);
INSERT INTO esrd.users (id, name, lastname, firstname, patronym, email, phone, position) VALUES (4297, 'ZhiruhinaTS', 'Жирухина', 'Татьяна', 'Сергеевна', 'ZhirukhinaTS@mos.ru', '17469', 'Консультант');
INSERT INTO esrd.users (id, name, lastname, firstname, patronym, email, phone, position) VALUES (4298, 'ChirkovaEA', 'Чиркова', 'Елизавета', 'Андреевна', null, null, null);
INSERT INTO esrd.users (id, name, lastname, firstname, patronym, email, phone, position) VALUES (4299, 'MayorovaMY', 'Майорова', 'Мария', 'Юрьевна', 'MayorovaMY@mos.ru', '17409', 'Гл. специалист');
INSERT INTO esrd.users (id, name, lastname, firstname, patronym, email, phone, position) VALUES (4300, 'GezeyEA', 'Гезей', 'Елена', 'Андреевна', 'GezeyEA@gaui.mos.ru', '19432', null);
INSERT INTO esrd.users (id, name, lastname, firstname, patronym, email, phone, position) VALUES (4301, 'AkhapkinaEV', 'Ахапкина', 'Екатерина', 'Владимировна', 'AkhapkinaEV1@tax.mos.ru', '17286', null);
INSERT INTO esrd.users (id, name, lastname, firstname, patronym, email, phone, position) VALUES (4302, 'MaturinaYR', 'Матурина', 'Юлия', 'Равильевна', 'MaturinaYR@gaui.mos.ru', '18644', ' ');
INSERT INTO esrd.users (id, name, lastname, firstname, patronym, email, phone, position) VALUES (4303, 'KyukeevNG', 'Кюкеев', 'Наран', 'Геннадьевич', null, null, null);
INSERT INTO esrd.users (id, name, lastname, firstname, patronym, email, phone, position) VALUES (4304, 'StarinkovRA', 'Старинков', 'Роман', 'Альбертович', 'StarinkovRA@develop.mos.ru', '18954', 'Гл. специалист');
INSERT INTO esrd.users (id, name, lastname, firstname, patronym, email, phone, position) VALUES (4305, 'DorovskayaAA', 'Доровская', 'Анастасия', 'Александровна', 'DorovskayaAA@mos.ru', '14894', 'Советник');
INSERT INTO esrd.users (id, name, lastname, firstname, patronym, email, phone, position) VALUES (4306, 'ZakharovAA', 'Захаров', 'Александр', 'Александрович', null, null, null);
INSERT INTO esrd.users (id, name, lastname, firstname, patronym, email, phone, position) VALUES (4307, 'ELeonova', 'Леонова', 'Елена', 'Владимировна', null, null, null);
INSERT INTO esrd.users (id, name, lastname, firstname, patronym, email, phone, position) VALUES (4308, 'KorochkinaOB', 'Корочкина', 'Ольга', 'Борисовна', null, null, null);
INSERT INTO esrd.users (id, name, lastname, firstname, patronym, email, phone, position) VALUES (4309, 'ZablodskyGV', 'Заблодский', 'Герман', 'Викторович', 'ZablodskyGV@develop.mos.ru', '15344', 'Помощник руководителя');
INSERT INTO esrd.users (id, name, lastname, firstname, patronym, email, phone, position) VALUES (4310, 'AndreevaLN2', 'Андреева', 'Людмила', 'Николаевна', null, null, null);
INSERT INTO esrd.users (id, name, lastname, firstname, patronym, email, phone, position) VALUES (4311, 'VdovinaEE', 'Вдовина', 'Елена', 'Евгеньевна', 'VdovinaEE@mos.ru', '17491', 'Начальник Управления');
INSERT INTO esrd.users (id, name, lastname, firstname, patronym, email, phone, position) VALUES (4312, 'MiklushSA', 'Миклуш', 'Сергей', 'Анатольевич', 'MiklushSA@mos.ru', '19730', 'Начальник отдела');
INSERT INTO esrd.users (id, name, lastname, firstname, patronym, email, phone, position) VALUES (4313, 'SmirnovAV', 'Смирнов', 'Алексей', 'Валерьевич', 'SmirnovAV6@gaui.mos.ru', '17421', 'Гл. эксперт');
INSERT INTO esrd.users (id, name, lastname, firstname, patronym, email, phone, position) VALUES (4314, 'DevakhinaYA', 'Девахина', 'Юлия', 'Александровна', 'PetrovaNI@mos.ru', '14881', 'Гл. специалист');
INSERT INTO esrd.users (id, name, lastname, firstname, patronym, email, phone, position) VALUES (4315, 'ChervyatkinaSA', 'Червяткина', 'Светлана', 'Алексеевна', 'ChervyatkinaSA@tax.mos.ru', '15067', 'Начальник отдела');
INSERT INTO esrd.users (id, name, lastname, firstname, patronym, email, phone, position) VALUES (4316, 'KainovaYS', 'Кайнова', 'Юлия', 'Сергеевна', 'KaynovaYS@mos.ru', '17449', 'Советник');
INSERT INTO esrd.users (id, name, lastname, firstname, patronym, email, phone, position) VALUES (4317, 'BashirovIR', 'Баширов', 'Имран', 'Расимович', 'BashirovIR@mos.ru', '17450', 'Гл. специалист');
INSERT INTO esrd.users (id, name, lastname, firstname, patronym, email, phone, position) VALUES (4318, 'ChecherinaTY', 'Чечерина', 'Татьяна', 'Юрьевна', null, null, null);
INSERT INTO esrd.users (id, name, lastname, firstname, patronym, email, phone, position) VALUES (4319, 'ZaytsevaNP', 'Зайцева', 'Наталия', 'Павловна', 'ZaytsevaNP1@tax.mos.ru', '17253', 'Гл. специалист');
INSERT INTO esrd.users (id, name, lastname, firstname, patronym, email, phone, position) VALUES (4320, 'ShchegolevaYI', 'Щеголева', 'Юлия', 'Ивановна', null, null, null);
INSERT INTO esrd.users (id, name, lastname, firstname, patronym, email, phone, position) VALUES (4321, 'SedovaMV', 'Седова', 'Марина', 'Вячеславовна', 'SedovaMV@mos.ru', '15008', 'Начальник отдела');
INSERT INTO esrd.users (id, name, lastname, firstname, patronym, email, phone, position) VALUES (4322, 'GlebovaNS', 'Глебова', 'Наталья', 'Сергеевна', 'GlebovaNS1@tax.mos.ru', '17269', 'Специалист');
INSERT INTO esrd.users (id, name, lastname, firstname, patronym, email, phone, position) VALUES (4323, 'NDenisova', 'Денисова', 'Наталья', 'Валериевна', 'DenisovaNV1@gaui.mos.ru', '18950', 'Гл. специалист');
INSERT INTO esrd.users (id, name, lastname, firstname, patronym, email, phone, position) VALUES (4324, 'DenisovaAS', 'Денисова', 'Александра', 'Сергеевна', 'DenisovaAS@mos.ru', '15032', 'Гл. специалист');
INSERT INTO esrd.users (id, name, lastname, firstname, patronym, email, phone, position) VALUES (4325, 'ShatilovaMA', 'Шатилова', 'Марина', 'Анатольевна', 'KurkovaMA@mos.ru', '18956', 'Гл. специалист');
INSERT INTO esrd.users (id, name, lastname, firstname, patronym, email, phone, position) VALUES (4326, 'KashmachkovaTN', 'Кашмачкова', 'Татьяна', 'Николаевна', 'KashmachkovaTN@mos.ru', '17275', 'Гл. специалист');
INSERT INTO esrd.users (id, name, lastname, firstname, patronym, email, phone, position) VALUES (4327, 'KraevaLE', 'Краева', 'Лилия', 'Евгеньевна', 'KraevaLE@mos.ru', '17281', 'Консультант');
INSERT INTO esrd.users (id, name, lastname, firstname, patronym, email, phone, position) VALUES (4328, 'MityushovaAY', 'Митюшова', 'Анна', 'Юрьевна', 'MityushovaAY@mos.ru', '19084', 'Гл. специалист');
INSERT INTO esrd.users (id, name, lastname, firstname, patronym, email, phone, position) VALUES (4329, 'GladkikhMV', 'Гладких', 'Михаил', 'Викторович', 'GladkikhMV@mos.ru', '14833', 'ИО Начальника Управления');
INSERT INTO esrd.users (id, name, lastname, firstname, patronym, email, phone, position) VALUES (4330, 'SkripitsynaTA', 'Скрипицына', 'Татьяна', 'Александровна', 'SkripitsynaTA@mos.ru', '14836', 'Зам. начальника отдела');
INSERT INTO esrd.users (id, name, lastname, firstname, patronym, email, phone, position) VALUES (4331, 'ParvanEV', 'Парван', 'Елена', 'Владимировна', 'ParvanEV@mos.ru', '17295', 'Советник');
INSERT INTO esrd.users (id, name, lastname, firstname, patronym, email, phone, position) VALUES (4332, 'VlaskinaII', 'Власкина', 'Ирина', 'Игоревна', 'VlaskinaII@mos.ru', '17216', 'Консультант');
INSERT INTO esrd.users (id, name, lastname, firstname, patronym, email, phone, position) VALUES (4333, 'ZarinaAN', 'Зарина', 'Анастасия', 'Николаевна', null, null, null);
INSERT INTO esrd.users (id, name, lastname, firstname, patronym, email, phone, position) VALUES (4334, 'ZhirovaLV', 'Жирова', 'Лариса', 'Викторовна', 'ZhirovaLV@mos.ru', '17220', 'Консультант');
INSERT INTO esrd.users (id, name, lastname, firstname, patronym, email, phone, position) VALUES (4335, 'KozhevnikovaVV', 'Кожевникова', 'Виктория', 'Васильевна', 'KozhevnikovaVV@mos.ru', '19430', 'Консультант');
INSERT INTO esrd.users (id, name, lastname, firstname, patronym, email, phone, position) VALUES (4336, 'NosikMV', 'Носик', 'Марина', 'Васильевна', 'NosikMV@mos.ru', '14831', 'Зам. начальника Управления');
INSERT INTO esrd.users (id, name, lastname, firstname, patronym, email, phone, position) VALUES (4337, 'ZernaevaAV', 'Зернаева', 'Анастасия', 'Владимировна', 'ZernaevaAV@mos.ru', '19728', 'Консультант');
INSERT INTO esrd.users (id, name, lastname, firstname, patronym, email, phone, position) VALUES (4338, 'UshakovaMV', 'Ушакова', 'Марина', 'Владимировна', null, null, null);
INSERT INTO esrd.users (id, name, lastname, firstname, patronym, email, phone, position) VALUES (4339, 'VKhmelnitsky', 'Хмельницкий', 'Виктор', 'Эдуардович', 'KhmelnitskyVE@mos.ru', '19455', 'Начальник отдела');
INSERT INTO esrd.users (id, name, lastname, firstname, patronym, email, phone, position) VALUES (4340, 'DzhiadzeDZ', 'Джиадзе', 'Давид', 'Зурабович', 'DzhiadzeDZ@mos.ru', '19694', 'Гл. специалист');
INSERT INTO esrd.users (id, name, lastname, firstname, patronym, email, phone, position) VALUES (4341, 'KolpakovTA', 'Колпаков', 'Тимофей', 'Алексеевич', 'KolpakovTA@mos.ru', '17285', 'Специалист I категории');
INSERT INTO esrd.users (id, name, lastname, firstname, patronym, email, phone, position) VALUES (4342, 'KondratskayaKS', 'Кондрацкая', 'Ксения', 'Сергеевна', 'KondratskayaKS@mos.ru', '17490', 'Советник');
INSERT INTO esrd.users (id, name, lastname, firstname, patronym, email, phone, position) VALUES (4343, 'AntoshkinSA', 'Антошкин', 'Сергей', 'Александрович', 'AntoshkinSA@tax.mos.ru', '18968', '');
INSERT INTO esrd.users (id, name, lastname, firstname, patronym, email, phone, position) VALUES (4344, 'BatunovaAV', 'Батунова', 'Анастасия', 'Владимировна', null, '19443', 'BatunovaAV@tax.mos.ru');
INSERT INTO esrd.users (id, name, lastname, firstname, patronym, email, phone, position) VALUES (4345, 'Ter-StepanovVV', 'Тер-Степанов', 'Валентин', 'Валентинович', null, null, null);
INSERT INTO esrd.users (id, name, lastname, firstname, patronym, email, phone, position) VALUES (4346, 'SolovyovAA', 'Соловьев', 'Андрей', 'Александрович', 'SolovievAA5@tax.mos.ru', '10124', null);
INSERT INTO esrd.users (id, name, lastname, firstname, patronym, email, phone, position) VALUES (4347, 'AvdeevaEA', 'Авдеева', 'Елена', 'Анатольевна', 'AvdeevaEA4@tax.mos.ru', '19433', null);
INSERT INTO esrd.users (id, name, lastname, firstname, patronym, email, phone, position) VALUES (4348, 'NarhovMY', 'Нархов', 'Михаил', 'Юрьевич', null, null, null);
INSERT INTO esrd.users (id, name, lastname, firstname, patronym, email, phone, position) VALUES (4349, 'DerevyankinaAV', 'Деревянкина', 'Анастасия', 'Викторовна', 'DerevyankinaAV@tax.mos.ru', '18953', null);
INSERT INTO esrd.users (id, name, lastname, firstname, patronym, email, phone, position) VALUES (4350, 'VarlashinaTA', 'Варлашина', 'Татьяна', 'Андреевна', 'VarlashinaTA@mos.ru', '19759', 'Гл. специалист');
INSERT INTO esrd.users (id, name, lastname, firstname, patronym, email, phone, position) VALUES (4351, 'ChumakovaIV', 'Чумакова', 'Ирина', 'Вадимовна', 'ChumakovaIV@develop.mos.ru', '19674', 'Специалист референтуры');
INSERT INTO esrd.users (id, name, lastname, firstname, patronym, email, phone, position) VALUES (4352, 'DubrovskiMV', 'Дубровский', 'Михаил', 'Витальевич', 'DubrovskyMV@develop.mos.ru', '14895', 'Специалист пресс-службы (СЭР). Информационное сопровождение');
INSERT INTO esrd.users (id, name, lastname, firstname, patronym, email, phone, position) VALUES (4353, 'PonomarevaSA', 'Пономарева', 'Светлана', 'Александровна', 'PonomarevaSA1@mos.ru', '17263', 'Координатор проектов пресс-службы');
INSERT INTO esrd.users (id, name, lastname, firstname, patronym, email, phone, position) VALUES (4354, 'YudinaPA', 'Юдина', 'Полина', 'Александровна', 'YudinaPA@mos.ru', '19726', 'Специалист по внутренним коммуникациям и работе с сайтом ');
INSERT INTO esrd.users (id, name, lastname, firstname, patronym, email, phone, position) VALUES (4355, 'GovorovaNV', 'Говорова', 'Наталья', 'Викторовна', 'GovorovaNV@develop.mos.ru', '14880', 'Руководитель службы протокола');
INSERT INTO esrd.users (id, name, lastname, firstname, patronym, email, phone, position) VALUES (4356, 'RybakSO', 'Рыбак', 'Сергей', 'Олегович', 'RybakSO@mos.ru ', '19750', 'Руководитель пресс-службы Комплекса, пресс-секретарь руководителя');
INSERT INTO esrd.users (id, name, lastname, firstname, patronym, email, phone, position) VALUES (4357, 'GorbunovaIO', 'Горбунова', 'Ирина', 'Олеговна', 'GorbunovaIO@mos.ru', '17398', 'специалист');
INSERT INTO esrd.users (id, name, lastname, firstname, patronym, email, phone, position) VALUES (4358, 'YSharychenko', 'Шарыченко', 'Юлия', 'Юрьевна', 'SharychenkoYY@gaui.mos.ru', '10128', 'Гл. специалист');
INSERT INTO esrd.users (id, name, lastname, firstname, patronym, email, phone, position) VALUES (4359, 'RuseevaLM', 'Русеева', 'Лариса', 'Михайловна', 'RuseevaLM@develop.mos.ru', '17202', 'Корректор');
INSERT INTO esrd.users (id, name, lastname, firstname, patronym, email, phone, position) VALUES (4360, 'StepanovaTS', 'Степанова', 'Татьяна', 'Сергеевна', 'StepanovaTS@mos.ru', '17221', 'Консультант');
INSERT INTO esrd.users (id, name, lastname, firstname, patronym, email, phone, position) VALUES (4361, 'SkvorchevskayaNY', 'Скворчевская', 'Надежда', 'Юрьевна', 'SkvorchevskayaNY@mos.ru', '18664', 'Советник');
INSERT INTO esrd.users (id, name, lastname, firstname, patronym, email, phone, position) VALUES (4362, 'SivkovaMA', 'Сивкова', 'Марина', 'Анатольевна', 'SivkovaMA@tax.mos.ru', '15004', 'Корректор');
INSERT INTO esrd.users (id, name, lastname, firstname, patronym, email, phone, position) VALUES (4363, 'LoshkarevaEB', 'Лошкарева', 'Елена', 'Борисовна', 'LoshkarevaEB@mos.ru', '17249', 'Советник');
INSERT INTO esrd.users (id, name, lastname, firstname, patronym, email, phone, position) VALUES (4364, 'AJastrebov', 'Ястребов', 'Александр', 'Александрович', 'YastrebovAA@mos.ru', '19713', 'Начальник отдела');
INSERT INTO esrd.users (id, name, lastname, firstname, patronym, email, phone, position) VALUES (4365, 'ChernovolOV', 'Черновол', 'Ольга', 'Владимировна', null, null, null);
INSERT INTO esrd.users (id, name, lastname, firstname, patronym, email, phone, position) VALUES (4366, 'MiheevaLV', 'Михеева', 'Людмила', 'Васильевна', 'MikheevaLV@gaui.mos.ru', '17431', 'Главный эксперт');
INSERT INTO esrd.users (id, name, lastname, firstname, patronym, email, phone, position) VALUES (4367, 'AbdyukovaAR', 'Абдюкова', 'Анжела', 'Рафаэлевна', null, null, null);
INSERT INTO esrd.users (id, name, lastname, firstname, patronym, email, phone, position) VALUES (4368, 'GurievaII', 'Гурьева', 'Инна', 'Игоревна', 'GurievaII@mos.ru', '17284', 'Гл. специалист');
INSERT INTO esrd.users (id, name, lastname, firstname, patronym, email, phone, position) VALUES (4369, 'RoslyaevaVV', 'Росляева', 'Валерия', 'Владимировна', 'RoslyaevaVV@develop.mos.ru', '19731', 'Гл.специалист');
INSERT INTO esrd.users (id, name, lastname, firstname, patronym, email, phone, position) VALUES (4370, 'RasskazovMA', 'Рассказов', 'Максим', 'Александрович', null, null, null);
INSERT INTO esrd.users (id, name, lastname, firstname, patronym, email, phone, position) VALUES (4371, 'KarkotskayaAY', 'Каркоцкая', 'Анастасия', 'Юрьевна', null, null, null);
INSERT INTO esrd.users (id, name, lastname, firstname, patronym, email, phone, position) VALUES (4372, 'SaltykovaAV', 'Салтыкова', 'Анна', 'Валентиновна', 'SaltykovaAV@mos.ru', '14839', 'Консультант');
INSERT INTO esrd.users (id, name, lastname, firstname, patronym, email, phone, position) VALUES (4373, 'SaprykinaAA', 'Сапрыкина', 'Анна', 'Андреевна', 'SaprykinaAA@mos.ru', '17227', 'Заведующий сектором');
INSERT INTO esrd.users (id, name, lastname, firstname, patronym, email, phone, position) VALUES (4374, 'MakhrovSS', 'Махров', 'Станислав', 'Станиславович', 'MakhrovSS1@mos.ru', '15451', 'Начальник отдела');


INSERT INTO esrd.role (id, name) VALUES (3000, 'ADMIN');
INSERT INTO esrd.role (id, name) VALUES (3001, 'Отраслевое управление');
INSERT INTO esrd.role (id, name) VALUES (3002, 'Секретарь Правления');
INSERT INTO esrd.role (id, name) VALUES (3003, 'Начальник Отраслевого Управления');
INSERT INTO esrd.role (id, name) VALUES (3006, 'USER');

INSERT INTO esrd.user_roles (user_id, role_id) VALUES (4000, 3000);
INSERT INTO esrd.user_roles (user_id, role_id) VALUES (4001, 3001);
INSERT INTO esrd.user_roles (user_id, role_id) VALUES (4001, 3006);
INSERT INTO esrd.user_roles (user_id, role_id) VALUES (4002, 3002);
INSERT INTO esrd.user_roles (user_id, role_id) VALUES (4002, 3006);
INSERT INTO esrd.user_roles (user_id, role_id) VALUES (4084, 3002);
INSERT INTO esrd.user_roles (user_id, role_id) VALUES (4084, 3006);
INSERT INTO esrd.user_roles (user_id, role_id) VALUES (3999, 3003);

INSERT INTO esrd.user_roles (user_id, role_id) VALUES (4374, 3000); -- Право ADMIN для Махрова
INSERT INTO esrd.user_roles (user_id, role_id) VALUES (4329, 3001); -- Право Отраслевое управление для Гладких
INSERT INTO esrd.user_roles (user_id, role_id) VALUES (4329, 3006); -- Право USER для Гладких
INSERT INTO esrd.user_roles (user_id, role_id) VALUES (4373, 3002); -- Право Секретарь Правления для Гладких
INSERT INTO esrd.user_roles (user_id, role_id) VALUES (4373, 3006); -- Право Секретарь Правления для Гладких
INSERT INTO esrd.user_roles (user_id, role_id) VALUES (4329, 3003); -- Право Начальника отраслевого Управления для Гладких

INSERT INTO esrd.doc_number_prefixes (id, name) VALUES (23, 'ДПР-П');
INSERT INTO esrd.doc_number_prefixes (id, name) VALUES (24, 'ДПР-М');
INSERT INTO esrd.doc_number_prefixes (id, name) VALUES (25, 'ДПР-ПPО');

INSERT INTO esrd.doctype (id, name, role_id, tmp_template_filename, template_filename, doc_number_prefix_id)
VALUES (1, 'Повестка заседания Правления', 3001, 'zapiska.docx', 'povestka.docx', 23);
INSERT INTO esrd.doctype (id, name, role_id, tmp_template_filename, template_filename, doc_number_prefix_id)
VALUES (2, 'Материалы к Повестке заседания Правления', 3001, 'zapiska.docx', 'povestka.docx', 24);
INSERT INTO esrd.doctype (id, name, role_id, doc_number_prefix_id) VALUES (3, 'Протокол', 3001, 25);

INSERT INTO esrd.catalog (id, parent_catalog_id, name, catalogtype_id) VALUES (1001, null, 'Предмет вопроса', 0);
INSERT INTO esrd.catalog (id, parent_catalog_id, name, catalogtype_id) VALUES (1002, 1001, 'Вопрос', 0);
INSERT INTO esrd.catalog (id, parent_catalog_id, name, catalogtype_id) VALUES (1003, 1001, 'Сфера деятельности', 0);
INSERT INTO esrd.catalog (id, parent_catalog_id, name, catalogtype_id) VALUES (1004, 1003, 'Вид тариф', 0);
INSERT INTO esrd.catalog (id, parent_catalog_id, name, catalogtype_id) VALUES (1005, 1004, 'Подключаемая система при технологическом присоединении', 0);
INSERT INTO esrd.catalog (id, parent_catalog_id, name, catalogtype_id) VALUES (1006, null, 'Организация', 0);
INSERT INTO esrd.catalog (id, parent_catalog_id, name, catalogtype_id) VALUES (1007, null, 'Ответственный', 0);
INSERT INTO esrd.catalog (id, parent_catalog_id, name, catalogtype_id) VALUES (1008, 1001, 'Номер приказа', 0);

INSERT INTO esrd.catalogelem (id, value_int, value_str, catalog_id, parent_catalogelem_id) VALUES (2004, null, 'Соколов И.В., тел. 8 (495) 957-75-00, доб. 55-345', 1007, null);
INSERT INTO esrd.catalogelem (id, value_int, value_str, catalog_id, parent_catalogelem_id) VALUES (2005, null, 'Петров А.А., тел. 8 (495) 957-75-00, доб. 44-345', 1007, null);
INSERT INTO esrd.catalogelem (id, value_int, value_str, catalog_id, parent_catalogelem_id) VALUES (2006, null, 'Сидоров П.А., тел. 8 (495) 957-75-00, доб. 44-245', 1007, null);
INSERT INTO esrd.catalogelem (id, value_int, value_str, catalog_id, parent_catalogelem_id) VALUES (2007, null, 'Регулирование цен (тарифов)', 1001, null);
INSERT INTO esrd.catalogelem (id, value_int, value_str, catalog_id, parent_catalogelem_id) VALUES (2008, null, 'Изменение, отменена правовых актов', 1001, null);
INSERT INTO esrd.catalogelem (id, value_int, value_str, catalog_id, parent_catalogelem_id) VALUES (2009, null, 'Утверждение инвестиционных программ', 1001, null);
INSERT INTO esrd.catalogelem (id, value_int, value_str, catalog_id, parent_catalogelem_id) VALUES (2010, null, 'Иные вопросы', 1001, null);
INSERT INTO esrd.catalogelem (id, value_int, value_str, catalog_id, parent_catalogelem_id) VALUES (2011, null, 'Об установлении', 1002, 2007);
INSERT INTO esrd.catalogelem (id, value_int, value_str, catalog_id, parent_catalogelem_id) VALUES (2012, null, 'Об утверждении', 1002, 2007);
INSERT INTO esrd.catalogelem (id, value_int, value_str, catalog_id, parent_catalogelem_id) VALUES (2013, null, 'О корректировке', 1002, 2007);
INSERT INTO esrd.catalogelem (id, value_int, value_str, catalog_id, parent_catalogelem_id) VALUES (2014, null, 'Об отсутствии оснований для установления ', 1002, 2007);
INSERT INTO esrd.catalogelem (id, value_int, value_str, catalog_id, parent_catalogelem_id) VALUES (2015, null, 'Об отсутствии оснований для корректировки', 1002, 2007);
INSERT INTO esrd.catalogelem (id, value_int, value_str, catalog_id, parent_catalogelem_id) VALUES (2016, null, 'О прекращении рассмотрения дела об установлении', 1002, 2007);
INSERT INTO esrd.catalogelem (id, value_int, value_str, catalog_id, parent_catalogelem_id) VALUES (2017, null, 'О прекращении рассмотрения дела о корректировке', 1002, 2007);
INSERT INTO esrd.catalogelem (id, value_int, value_str, catalog_id, parent_catalogelem_id) VALUES (2018, null, 'Об отсутствии оснований для утверждения', 1002, 2007);
INSERT INTO esrd.catalogelem (id, value_int, value_str, catalog_id, parent_catalogelem_id) VALUES (2019, null, 'О внесении изменений в приказ Департамента экономической политики и развития города Москвы', 1002, 2008);
INSERT INTO esrd.catalogelem (id, value_int, value_str, catalog_id, parent_catalogelem_id) VALUES (2020, null, 'О признании утратившим силу приказа Департамента экономической политики и развития города Москвы', 1002, 2008);
INSERT INTO esrd.catalogelem (id, value_int, value_str, catalog_id, parent_catalogelem_id) VALUES (2021, null, 'О признании утратившим силу правового акта', 1002, 2008);
INSERT INTO esrd.catalogelem (id, value_int, value_str, catalog_id, parent_catalogelem_id) VALUES (2022, null, 'О соответствии организаций критериям отнесения владельцев объектов электросетевого хозяйства к территориальным сетевым организациям', 1002, 2008);
INSERT INTO esrd.catalogelem (id, value_int, value_str, catalog_id, parent_catalogelem_id) VALUES (2023, null, 'Об утверждении', 1002, 2009);
INSERT INTO esrd.catalogelem (id, value_int, value_str, catalog_id, parent_catalogelem_id) VALUES (2024, null, 'Об отсутствии оснований для утверждения', 1002, 2009);
INSERT INTO esrd.catalogelem (id, value_int, value_str, catalog_id, parent_catalogelem_id) VALUES (2025, null, 'Электроэнергетика', 1003, 2007);
INSERT INTO esrd.catalogelem (id, value_int, value_str, catalog_id, parent_catalogelem_id) VALUES (2026, null, 'Теплоснабжение', 1003, 2007);
INSERT INTO esrd.catalogelem (id, value_int, value_str, catalog_id, parent_catalogelem_id) VALUES (2027, null, 'Холодное водоснабжение, водоотведение', 1003, 2007);
INSERT INTO esrd.catalogelem (id, value_int, value_str, catalog_id, parent_catalogelem_id) VALUES (2028, null, 'Горячее водоснабжение', 1003, 2007);
INSERT INTO esrd.catalogelem (id, value_int, value_str, catalog_id, parent_catalogelem_id) VALUES (2029, null, 'Газоснабжение, топливо', 1003, 2007);
INSERT INTO esrd.catalogelem (id, value_int, value_str, catalog_id, parent_catalogelem_id) VALUES (2030, null, 'ТКО', 1003, 2007);
INSERT INTO esrd.catalogelem (id, value_int, value_str, catalog_id, parent_catalogelem_id) VALUES (2031, null, 'Транспорт', 1003, 2007);
INSERT INTO esrd.catalogelem (id, value_int, value_str, catalog_id, parent_catalogelem_id) VALUES (2032, null, 'Инвестиционные программы', 1003, 2007);
INSERT INTO esrd.catalogelem (id, value_int, value_str, catalog_id, parent_catalogelem_id) VALUES (2033, null, 'Иные вопросы', 1003, 2007);
INSERT INTO esrd.catalogelem (id, value_int, value_str, catalog_id, parent_catalogelem_id) VALUES (2114, null, 'централизованная система водоснабжения', 1005, null);
INSERT INTO esrd.catalogelem (id, value_int, value_str, catalog_id, parent_catalogelem_id) VALUES (2115, null, 'централизованная система холодного водоснабжения', 1005, null);
INSERT INTO esrd.catalogelem (id, value_int, value_str, catalog_id, parent_catalogelem_id) VALUES (2116, null, 'централизованная система горячего водоснабжения', 1005, null);
INSERT INTO esrd.catalogelem (id, value_int, value_str, catalog_id, parent_catalogelem_id) VALUES (2117, null, 'централизованная система водоотведения', 1005, null);
INSERT INTO esrd.catalogelem (id, value_int, value_str, catalog_id, parent_catalogelem_id) VALUES (2118, null, 'горячего водоснабжения', 1005, null);
INSERT INTO esrd.catalogelem (id, value_int, value_str, catalog_id, parent_catalogelem_id) VALUES (2119, null, 'система теплоснабжения', 1005, null);
INSERT INTO esrd.catalogelem (id, value_int, value_str, catalog_id, parent_catalogelem_id) VALUES (2120, null, 'электрические сети', 1005, null);
INSERT INTO esrd.catalogelem (id, value_int, value_str, catalog_id, parent_catalogelem_id) VALUES (2121, null, 'газораспределительные сети', 1005, null);
INSERT INTO esrd.catalogelem (id, value_int, value_str, catalog_id, parent_catalogelem_id) VALUES (2122, null, 'от 29 ноября 2016 года № 215-ТР ', 1008, 2008);
INSERT INTO esrd.catalogelem (id, value_int, value_str, catalog_id, parent_catalogelem_id) VALUES (2123, null, 'от 2 декабря 2016 года № 254-ТР ', 1008, 2008);
INSERT INTO esrd.catalogelem (id, value_int, value_str, catalog_id, parent_catalogelem_id) VALUES (2124, null, 'от 2 декабря 2016 года № 258-ТР ', 1008, 2008);
INSERT INTO esrd.catalogelem (id, value_int, value_str, catalog_id, parent_catalogelem_id) VALUES (2125, null, 'от 2 декабря 2016 года № 259-ТР', 1008, 2008);
INSERT INTO esrd.catalogelem (id, value_int, value_str, catalog_id, parent_catalogelem_id) VALUES (2126, null, 'от 9 декабря 2016 года № 330-ТР ', 1008, 2008);
INSERT INTO esrd.catalogelem (id, value_int, value_str, catalog_id, parent_catalogelem_id) VALUES (2127, null, 'от 9 декабря 2016 года № 331-ТР', 1008, 2008);
INSERT INTO esrd.catalogelem (id, value_int, value_str, catalog_id, parent_catalogelem_id) VALUES (2106, null, 'тарифа на захоронение твердых коммунальных отходов', 1004, 2030);
INSERT INTO esrd.catalogelem (id, value_int, value_str, catalog_id, parent_catalogelem_id) VALUES (2042, null, 'тарифов на транспортировку воды', 1004, 2027);
INSERT INTO esrd.catalogelem (id, value_int, value_str, catalog_id, parent_catalogelem_id) VALUES (2043, null, 'тарифов на подключение (технологическое присоединение) к централизованной системе холодного водоснабжения', 1004, 2027);
INSERT INTO esrd.catalogelem (id, value_int, value_str, catalog_id, parent_catalogelem_id) VALUES (2040, null, 'тарифов на транспортировку воды', 1004, 2027);
INSERT INTO esrd.catalogelem (id, value_int, value_str, catalog_id, parent_catalogelem_id) VALUES (2041, null, 'долгосрочных тарифов на транспортировку воды', 1004, 2027);
INSERT INTO esrd.catalogelem (id, value_int, value_str, catalog_id, parent_catalogelem_id) VALUES (2046, null, 'долгосрочных тарифов на водоотведение', 1004, 2027);
INSERT INTO esrd.catalogelem (id, value_int, value_str, catalog_id, parent_catalogelem_id) VALUES (2047, null, 'тарифов на водоотведение', 1004, 2027);
INSERT INTO esrd.catalogelem (id, value_int, value_str, catalog_id, parent_catalogelem_id) VALUES (2044, null, 'платы за подключение (технологическое присоединение) к централизованной системе холодного водоснабжения в индивидуальном порядке', 1004, 2027);
INSERT INTO esrd.catalogelem (id, value_int, value_str, catalog_id, parent_catalogelem_id) VALUES (2045, null, 'тарифов на водоотведение ', 1004, 2027);
INSERT INTO esrd.catalogelem (id, value_int, value_str, catalog_id, parent_catalogelem_id) VALUES (2034, null, 'тарифов на питьевую воду (питьевое водоснабжение),', 1004, 2027);
INSERT INTO esrd.catalogelem (id, value_int, value_str, catalog_id, parent_catalogelem_id) VALUES (2035, null, 'долгосрочных тарифов на питьевую воду (питьевое водоснабжение)', 1004, 2027);
INSERT INTO esrd.catalogelem (id, value_int, value_str, catalog_id, parent_catalogelem_id) VALUES (2103, null, 'единого тарифа на услугу регионального оператора по обращению с твердыми коммунальными отходами', 1004, 2030);
INSERT INTO esrd.catalogelem (id, value_int, value_str, catalog_id, parent_catalogelem_id) VALUES (2038, null, 'долгосрочных тарифов на техническую воду', 1004, 2027);
INSERT INTO esrd.catalogelem (id, value_int, value_str, catalog_id, parent_catalogelem_id) VALUES (2039, null, 'тарифов на техническую воду', 1004, 2027);
INSERT INTO esrd.catalogelem (id, value_int, value_str, catalog_id, parent_catalogelem_id) VALUES (2036, null, 'тарифов на питьевую воду (питьевое водоснабжение)', 1004, 2027);
INSERT INTO esrd.catalogelem (id, value_int, value_str, catalog_id, parent_catalogelem_id) VALUES (2037, null, 'тарифов на техническую воду', 1004, 2027);
INSERT INTO esrd.catalogelem (id, value_int, value_str, catalog_id, parent_catalogelem_id) VALUES (2105, null, 'тарифа на обезвреживание твердых коммунальных отходов', 1004, 2030);
INSERT INTO esrd.catalogelem (id, value_int, value_str, catalog_id, parent_catalogelem_id) VALUES (2104, null, 'тарифа на обработку твердых коммунальных отходов', 1004, 2030);
INSERT INTO esrd.catalogelem (id, value_int, value_str, catalog_id, parent_catalogelem_id) VALUES (2085, null, 'тарифа на горячую воду (горячее водоснабжение), поставляемую потребителям с использованием закрытой системы горячего водоснабжения', 1004, 2028);
INSERT INTO esrd.catalogelem (id, value_int, value_str, catalog_id, parent_catalogelem_id) VALUES (2112, null, 'инвестиционной программы ', 1004, 2032);
INSERT INTO esrd.catalogelem (id, value_int, value_str, catalog_id, parent_catalogelem_id) VALUES (2113, null, 'корректировки инвестиционной программы', 1004, 2032);
INSERT INTO esrd.catalogelem (id, value_int, value_str, catalog_id, parent_catalogelem_id) VALUES (2111, null, 'экономически обоснованного уровеня тарифа на железнодорожные перевозки пассажиров в пригородном сообщении', 1004, 2031);
INSERT INTO esrd.catalogelem (id, value_int, value_str, catalog_id, parent_catalogelem_id) VALUES (2058, null, 'платы за подключение (технологическое присоединение) к централизованной системе водоотведения в индивидуальном порядке', 1004, 2027);
INSERT INTO esrd.catalogelem (id, value_int, value_str, catalog_id, parent_catalogelem_id) VALUES (2056, null, 'тарифов на транспортировку поверхностных сточных вод', 1004, 2027);
INSERT INTO esrd.catalogelem (id, value_int, value_str, catalog_id, parent_catalogelem_id) VALUES (2057, null, 'тарифов на подключение (технологическое присоединение) к централизованной системе водоотведения', 1004, 2027);
INSERT INTO esrd.catalogelem (id, value_int, value_str, catalog_id, parent_catalogelem_id) VALUES (2050, null, 'тарифов на водоотведение поверхностных сточных вод', 1004, 2027);
INSERT INTO esrd.catalogelem (id, value_int, value_str, catalog_id, parent_catalogelem_id) VALUES (2051, null, 'тарифов на транспортировку сточных вод', 1004, 2027);
INSERT INTO esrd.catalogelem (id, value_int, value_str, catalog_id, parent_catalogelem_id) VALUES (2048, null, 'тарифов на водоотведение поверхностных сточных вод ', 1004, 2027);
INSERT INTO esrd.catalogelem (id, value_int, value_str, catalog_id, parent_catalogelem_id) VALUES (2049, null, 'долгосрочных тарифов на водоотведение поверхностных сточных вод', 1004, 2027);
INSERT INTO esrd.catalogelem (id, value_int, value_str, catalog_id, parent_catalogelem_id) VALUES (2054, null, 'тарифов на транспортировку поверхностных сточных вод', 1004, 2027);
INSERT INTO esrd.catalogelem (id, value_int, value_str, catalog_id, parent_catalogelem_id) VALUES (2055, null, 'долгосрочных тарифов на транспортировку поверхностных сточных вод', 1004, 2027);
INSERT INTO esrd.catalogelem (id, value_int, value_str, catalog_id, parent_catalogelem_id) VALUES (2052, null, 'долгосрочных тарифов на транспортировку сточных вод', 1004, 2027);
INSERT INTO esrd.catalogelem (id, value_int, value_str, catalog_id, parent_catalogelem_id) VALUES (2053, null, 'тарифов на транспортировку сточных вод', 1004, 2027);
INSERT INTO esrd.catalogelem (id, value_int, value_str, catalog_id, parent_catalogelem_id) VALUES (2084, null, 'долгосрочных тарифов на горячую воду (горячее водоснабжение), поставляемую потребителям с использованием закрытой системы горячего водоснабжения', 1004, 2028);
INSERT INTO esrd.catalogelem (id, value_int, value_str, catalog_id, parent_catalogelem_id) VALUES (2107, null, 'тарифов на транспортные услуги, оказываемые на подъездных железнодорожных путях ', 1004, 2031);
INSERT INTO esrd.catalogelem (id, value_int, value_str, catalog_id, parent_catalogelem_id) VALUES (2090, null, 'экономически обоснованных цен на твердое топливо (уголь) для бытовых нужд населения города Москвы, проживающего в домах с печным отоплением', 1004, 2029);
INSERT INTO esrd.catalogelem (id, value_int, value_str, catalog_id, parent_catalogelem_id) VALUES (2091, null, 'платы за технологическое присоединение газоиспользующего оборудования к газораспределительным сетям по индивидуальному проекту', 1004, 2029);
INSERT INTO esrd.catalogelem (id, value_int, value_str, catalog_id, parent_catalogelem_id) VALUES (2101, null, 'формулы платы за технологическое присоединение', 1004, 2025);
INSERT INTO esrd.catalogelem (id, value_int, value_str, catalog_id, parent_catalogelem_id) VALUES (2094, null, 'розничных цен на природный газ, реализуемый населению', 1004, 2029);
INSERT INTO esrd.catalogelem (id, value_int, value_str, catalog_id, parent_catalogelem_id) VALUES (2092, null, 'стандартизированных тарифных ставок, определяющих величину платы за технологическое присоединение газоиспользующего оборудования к газораспределительным сетям', 1004, 2029);
INSERT INTO esrd.catalogelem (id, value_int, value_str, catalog_id, parent_catalogelem_id) VALUES (2093, null, 'размера специальной надбавки к тарифам на услуги по транспортировке газа по газораспределительным сетям, предназначенной для финансирования программ газификации', 1004, 2029);
INSERT INTO esrd.catalogelem (id, value_int, value_str, catalog_id, parent_catalogelem_id) VALUES (2100, null, 'стандартизированных тарифных ставок, определяющих величину платы за технологическое присоединение к электрическим сетям территориальных сетевых организаций', 1004, 2025);
INSERT INTO esrd.catalogelem (id, value_int, value_str, catalog_id, parent_catalogelem_id) VALUES (2102, null, 'ставки за единицу максимальной мощности для определения платы за технологическое присоединение к электрическим сетям на уровне напряжения ниже 35 кВ и мощности менее 8900 кВт', 1004, 2025);
INSERT INTO esrd.catalogelem (id, value_int, value_str, catalog_id, parent_catalogelem_id) VALUES (2087, null, 'долгосрочных тарифов на транспортировку горячей воды', 1004, 2028);
INSERT INTO esrd.catalogelem (id, value_int, value_str, catalog_id, parent_catalogelem_id) VALUES (2099, null, 'платы за технологическое присоединение к электрическим сетям территориальных сетевых организаций для заявителей, подающих заявку на технологическое присоединение энергопринимающих устройств максимальной мощностью, не превышающей 15 кВт включительно (с учетом ранее присоединенных в данной точке присоединения энергопринимающих устройств)', 1004, 2025);
INSERT INTO esrd.catalogelem (id, value_int, value_str, catalog_id, parent_catalogelem_id) VALUES (2088, null, 'тарифов на транспортировку горячей воды', 1004, 2028);
INSERT INTO esrd.catalogelem (id, value_int, value_str, catalog_id, parent_catalogelem_id) VALUES (2089, null, 'тарифов на подключение (технологическое присоединение) к централизованной системе горячего водоснабжения', 1004, 2028);
INSERT INTO esrd.catalogelem (id, value_int, value_str, catalog_id, parent_catalogelem_id) VALUES (2097, null, 'индивидуальных тарифов на услуги по передаче электрической энергии для взаиморасчетов между двумя сетевыми организациями ', 1004, 2025);
INSERT INTO esrd.catalogelem (id, value_int, value_str, catalog_id, parent_catalogelem_id) VALUES (2096, null, 'сбытовых надбавок гарантирующего поставщика электрической энергии', 1004, 2025);
INSERT INTO esrd.catalogelem (id, value_int, value_str, catalog_id, parent_catalogelem_id) VALUES (2086, null, 'тарифов на транспортировку горячей воды', 1004, 2028);
INSERT INTO esrd.catalogelem (id, value_int, value_str, catalog_id, parent_catalogelem_id) VALUES (2095, null, 'цен (тарифов) на электрическую энергию (мощность), поставляемую населению и приравненным к нему категориям потребителей', 1004, 2025);
INSERT INTO esrd.catalogelem (id, value_int, value_str, catalog_id, parent_catalogelem_id) VALUES (2110, null, 'нормативной стоимости перевозки пассажиров', 1004, 2031);
INSERT INTO esrd.catalogelem (id, value_int, value_str, catalog_id, parent_catalogelem_id) VALUES (2098, null, 'единых (котловых) тарифов на услуги по передаче электрической энергии, поставляемой прочим потребителям', 1004, 2025);
INSERT INTO esrd.catalogelem (id, value_int, value_str, catalog_id, parent_catalogelem_id) VALUES (2108, null, 'тарифов на транспортные услуги, оказываемые в аэропорту', 1004, 2031);
INSERT INTO esrd.catalogelem (id, value_int, value_str, catalog_id, parent_catalogelem_id) VALUES (2109, null, 'тарифа на услуги по предоставлению судам причалов ', 1004, 2031);
INSERT INTO esrd.catalogelem (id, value_int, value_str, catalog_id, parent_catalogelem_id) VALUES (2083, null, 'тарифов на горячую воду (горячее водоснабжение), поставляемую потребителям с использованием закрытой системы горячего водоснабжения', 1004, 2028);
INSERT INTO esrd.catalogelem (id, value_int, value_str, catalog_id, parent_catalogelem_id) VALUES (2081, null, 'платы за подключение к системе теплоснабжения', 1004, 2026);
INSERT INTO esrd.catalogelem (id, value_int, value_str, catalog_id, parent_catalogelem_id) VALUES (2074, null, 'тарифов на услуги по передаче тепловой энергии ', 1004, 2026);
INSERT INTO esrd.catalogelem (id, value_int, value_str, catalog_id, parent_catalogelem_id) VALUES (2075, null, 'долгосрочных тарифов на услуги по передаче тепловой энергии ', 1004, 2026);
INSERT INTO esrd.catalogelem (id, value_int, value_str, catalog_id, parent_catalogelem_id) VALUES (2072, null, 'долгосрочных тарифов на теплоноситель', 1004, 2026);
INSERT INTO esrd.catalogelem (id, value_int, value_str, catalog_id, parent_catalogelem_id) VALUES (2073, null, 'тарифов на теплоноситель', 1004, 2026);
INSERT INTO esrd.catalogelem (id, value_int, value_str, catalog_id, parent_catalogelem_id) VALUES (2078, null, 'долгосрочных тарифов на горячую воду в открытых системах теплоснабжения (горячего водоснабжения)', 1004, 2026);
INSERT INTO esrd.catalogelem (id, value_int, value_str, catalog_id, parent_catalogelem_id) VALUES (2079, null, 'тарифов на горячую воду в открытых системах теплоснабжения (горячего водоснабжения)', 1004, 2026);
INSERT INTO esrd.catalogelem (id, value_int, value_str, catalog_id, parent_catalogelem_id) VALUES (2076, null, 'тарифов на услуги по передаче тепловой энергии ', 1004, 2026);
INSERT INTO esrd.catalogelem (id, value_int, value_str, catalog_id, parent_catalogelem_id) VALUES (2077, null, 'тарифов на горячую воду в открытых системах теплоснабжения (горячего водоснабжения)', 1004, 2026);
INSERT INTO esrd.catalogelem (id, value_int, value_str, catalog_id, parent_catalogelem_id) VALUES (2066, null, 'долгосрочных тарифов на тепловую энергию (мощность), поставляемую другим теплоснабжающим организациям ', 1004, 2026);
INSERT INTO esrd.catalogelem (id, value_int, value_str, catalog_id, parent_catalogelem_id) VALUES (2067, null, 'тарифов на тепловую энергию (мощность), поставляемую другим теплоснабжающим организациям ', 1004, 2026);
INSERT INTO esrd.catalogelem (id, value_int, value_str, catalog_id, parent_catalogelem_id) VALUES (2064, null, 'тарифов на тепловую энергию (мощность), поставляемую потребителям ', 1004, 2026);
INSERT INTO esrd.catalogelem (id, value_int, value_str, catalog_id, parent_catalogelem_id) VALUES (2065, null, 'тарифов на тепловую энергию (мощность), поставляемую другим теплоснабжающим организациям ', 1004, 2026);
INSERT INTO esrd.catalogelem (id, value_int, value_str, catalog_id, parent_catalogelem_id) VALUES (2070, null, 'тарифов на тепловую энергию (мощность), поставляемую единой теплоснабжающей организацией теплоснабжающим организациям, приобретающим тепловую энергию с целью компенсации потерь тепловой энергии', 1004, 2026);
INSERT INTO esrd.catalogelem (id, value_int, value_str, catalog_id, parent_catalogelem_id) VALUES (2071, null, 'тарифов на теплоноситель', 1004, 2026);
INSERT INTO esrd.catalogelem (id, value_int, value_str, catalog_id, parent_catalogelem_id) VALUES (2068, null, 'тарифов на тепловую энергию (мощность), поставляемую единой теплоснабжающей организацией теплоснабжающим организациям, приобретающим тепловую энергию с целью компенсации потерь тепловой энергии', 1004, 2026);
INSERT INTO esrd.catalogelem (id, value_int, value_str, catalog_id, parent_catalogelem_id) VALUES (2069, null, 'долгосрочных тарифов на тепловую энергию (мощность), поставляемую единой теплоснабжающей организацией теплоснабжающим организациям, приобретающим тепловую энергию с целью компенсации потерь тепловой энергии', 1004, 2026);
INSERT INTO esrd.catalogelem (id, value_int, value_str, catalog_id, parent_catalogelem_id) VALUES (2059, null, 'тарифов на тепловую энергию (мощность), производимую в режиме комбинированной выработки электрической и тепловой энергии источниками тепловой энергии с установленной генерирующей мощностью производства электрической энергии 25 МВт и более', 1004, 2026);
INSERT INTO esrd.catalogelem (id, value_int, value_str, catalog_id, parent_catalogelem_id) VALUES (2062, null, 'тарифов на тепловую энергию (мощность), поставляемую потребителям ', 1004, 2026);
INSERT INTO esrd.catalogelem (id, value_int, value_str, catalog_id, parent_catalogelem_id) VALUES (2063, null, 'долгосрочных тарифов на тепловую энергию (мощность), поставляемую потребителям ', 1004, 2026);
INSERT INTO esrd.catalogelem (id, value_int, value_str, catalog_id, parent_catalogelem_id) VALUES (2060, null, 'долгосрочных тарифов на тепловую энергию (мощность), производимую в режиме комбинированной выработки электрической и тепловой энергии источниками тепловой энергии с установленной генерирующей мощностью производства электрической энергии 25 МВт и более', 1004, 2026);
INSERT INTO esrd.catalogelem (id, value_int, value_str, catalog_id, parent_catalogelem_id) VALUES (2061, null, 'тарифов на тепловую энергию (мощность), производимую в режиме комбинированной выработки электрической и тепловой энергии источниками тепловой энергии с установленной генерирующей мощностью производства электрической энергии 25 МВт и более', 1004, 2026);
INSERT INTO esrd.catalogelem (id, value_int, value_str, catalog_id, parent_catalogelem_id) VALUES (2082, null, 'платы за подключение к системе теплоснабжения в индивидуальном порядке', 1004, 2026);
INSERT INTO esrd.catalogelem (id, value_int, value_str, catalog_id, parent_catalogelem_id) VALUES (2080, null, 'тарифов за услуги по поддержанию резервной тепловой мощности при отсутствии потребления тепловой энергии для отдельных категорий (групп) социально значимых потребителей', 1004, 2026);

INSERT INTO esrd.field (id, name, fieldtype, position_in_group, max_count, length, catalog_id, tag) VALUES (4, 'Дата заседания', 'DATE', null, null, null, null, 'MeetingDate');
INSERT INTO esrd.field (id, name, fieldtype, position_in_group, max_count, length, catalog_id, tag) VALUES (5, 'Время заседания', 'TIME', null, null, null, null, 'MeetingTime');
INSERT INTO esrd.field (id, name, fieldtype, position_in_group, max_count, length, catalog_id, tag) VALUES (6, 'Номер служебной записки в СЭДО', 'TEXT', null, null, null, null, 'SEDO');
INSERT INTO esrd.field (id, name, fieldtype, position_in_group, max_count, length, catalog_id, tag) VALUES (7, 'Вопросы повестки', 'GROUP_FIELDS', null, 4, null, null, '');
INSERT INTO esrd.field (id, name, fieldtype, position_in_group, max_count, length, catalog_id, tag) VALUES (8, 'Предмет вопроса', 'CATALOG', null, null, null, 1001, '[Questions]Subject');
INSERT INTO esrd.field (id, name, fieldtype, position_in_group, max_count, length, catalog_id, tag) VALUES (9, 'Вопрос', 'CATALOG', null, null, null, 1002, '[Questions]Question');
INSERT INTO esrd.field (id, name, fieldtype, position_in_group, max_count, length, catalog_id, tag) VALUES (10, 'Сфера деятельности', 'CATALOG', null, null, null, 1003, '[Questions]Direction');
INSERT INTO esrd.field (id, name, fieldtype, position_in_group, max_count, length, catalog_id, tag) VALUES (11, 'Реквизиты приказа', 'CATALOG', null, null, null, 1008, '[Questions]OrderNumber');
INSERT INTO esrd.field (id, name, fieldtype, position_in_group, max_count, length, catalog_id, tag) VALUES (12, 'Вид тарифа', 'CATALOG', null, null, null, 1004, '[Questions]TarifView');
INSERT INTO esrd.field (id, name, fieldtype, position_in_group, max_count, length, catalog_id, tag) VALUES (13, 'Прочее', 'TEXT', null, null, null, null, '[Questions]Comments');
INSERT INTO esrd.field (id, name, fieldtype, position_in_group, max_count, length, catalog_id, tag) VALUES (14, 'Организация', 'CATALOG_ORGANIZATIONS', null, null, null, 1006, '[Questions]Organization');
INSERT INTO esrd.field (id, name, fieldtype, position_in_group, max_count, length, catalog_id, tag) VALUES (15, 'Ответственный', 'CATALOG_USERS', null, null, null, 1007, '[Questions]AuthPerson');
INSERT INTO esrd.field (id, name, fieldtype, position_in_group, max_count, length, catalog_id, tag) VALUES (16, 'Дополнительная информация', 'TEXT', null, null, null, null, '[Questions]AdditionalInfo');

INSERT INTO esrd.fields_stages(id, doctype_id, field_id, agree_stage, required, role_id) VALUES (23, 1, 4, 0, true, 3001);
INSERT INTO esrd.fields_stages(id, doctype_id, field_id, agree_stage, required, role_id) VALUES (24, 1, 7, 0, true, 3001);
INSERT INTO esrd.fields_stages(id, doctype_id, field_id, agree_stage, required, role_id) VALUES (25, 1, 8, 0, true, 3001);
INSERT INTO esrd.fields_stages(id, doctype_id, field_id, agree_stage, required, role_id) VALUES (26, 1, 9, 0, false, 3001);
INSERT INTO esrd.fields_stages(id, doctype_id, field_id, agree_stage, required, role_id) VALUES (27, 1, 10, 0, false, 3001);
INSERT INTO esrd.fields_stages(id, doctype_id, field_id, agree_stage, required, role_id) VALUES (28, 1, 11, 0, false, 3001);
INSERT INTO esrd.fields_stages(id, doctype_id, field_id, agree_stage, required, role_id) VALUES (29, 1, 12, 0, false, 3001);
INSERT INTO esrd.fields_stages(id, doctype_id, field_id, agree_stage, required, role_id) VALUES (30, 1, 13, 0, false, 3001);
INSERT INTO esrd.fields_stages(id, doctype_id, field_id, agree_stage, required, role_id) VALUES (31, 1, 14, 0, true, 3001);
INSERT INTO esrd.fields_stages(id, doctype_id, field_id, agree_stage, required, role_id) VALUES (32, 1, 15, 0, true, 3001);
INSERT INTO esrd.fields_stages(id, doctype_id, field_id, agree_stage, required, role_id) VALUES (33, 1, 16, 0, false, 3001);
INSERT INTO esrd.fields_stages(id, doctype_id, field_id, agree_stage, required, role_id) VALUES (34, 1, 6, 1, true, 3001);
INSERT INTO esrd.fields_stages(id, doctype_id, field_id, agree_stage, required, role_id) VALUES (35, 1, 4, 2, true, 3002);
INSERT INTO esrd.fields_stages(id, doctype_id, field_id, agree_stage, required, role_id) VALUES (36, 1, 5, 2, true, 3002);

INSERT INTO esrd.field_child_field(field_id, child_field_id) VALUES (7, 8);
INSERT INTO esrd.field_child_field(field_id, child_field_id) VALUES (7, 9);
INSERT INTO esrd.field_child_field(field_id, child_field_id) VALUES (7, 10);
INSERT INTO esrd.field_child_field(field_id, child_field_id) VALUES (7, 11);
INSERT INTO esrd.field_child_field(field_id, child_field_id) VALUES (7, 12);
INSERT INTO esrd.field_child_field(field_id, child_field_id) VALUES (7, 13);
INSERT INTO esrd.field_child_field(field_id, child_field_id) VALUES (7, 14);
INSERT INTO esrd.field_child_field(field_id, child_field_id) VALUES (7, 15);
INSERT INTO esrd.field_child_field(field_id, child_field_id) VALUES (7, 16);

INSERT INTO esrd.doctype_fields (id, doctype_id, field_id, position) VALUES (17, 1, 4, 1);
INSERT INTO esrd.doctype_fields (id, doctype_id, field_id, position) VALUES (18, 1, 5, 2);
INSERT INTO esrd.doctype_fields (id, doctype_id, field_id, position) VALUES (19, 1, 6, 3);
INSERT INTO esrd.doctype_fields (id, doctype_id, field_id, position) VALUES (20, 1, 7, 4);

INSERT INTO esrd.doctype_routes (id, doctype_id, user_id, agree_stage)VALUES (21, 1, 4001, 1);
INSERT INTO esrd.doctype_routes (id, doctype_id, user_id, agree_stage)VALUES (22, 1, 4002, 2);
INSERT INTO esrd.doctype_routes (id, doctype_id, user_id, agree_stage)VALUES (70, 2, 3999, 1);

INSERT INTO esrd.organization (id, short_name, full_name, ogrn, inn, kpp, address, fio_manager, position_manager) VALUES (37, 'ООО "ТОМА"', 'Общество с ограниченной ответственностью "ТОМА"', '3453434343', '7775545446', '3434343', 'ул. Новый Арбат, 11', 'Сидоров Сидор Сидорович', 'Генеральный директор');
INSERT INTO esrd.organization (id, short_name, full_name, ogrn, inn, kpp, address, fio_manager, position_manager) VALUES (38, 'ООО "ТЕСТ"', 'Общество с ограниченной ответственностью "ТЕСТ"', '34343434343', '7743563435', '4343433', 'ул. Бахрушина, 20', 'Петров Петр Петрович', 'Руководитель');

INSERT INTO esrd.field (id, name, fieldtype, position_in_group, max_count, length, catalog_id, tag) VALUES (39, 'Регистрационный номер повестки', 'CATALOG_REGNUMBERS', null, null, null, null, 'RegNumber');
INSERT INTO esrd.field (id, name, fieldtype, position_in_group, max_count, length, catalog_id, tag) VALUES (40, 'Материалы', 'GROUP_FIELDS', null, 4, null, null, null);
INSERT INTO esrd.field (id, name, fieldtype, position_in_group, max_count, length, catalog_id, tag) VALUES (41, 'Номер вопроса', 'TEXT', null, null, null, null, null);
INSERT INTO esrd.field (id, name, fieldtype, position_in_group, max_count, length, catalog_id, tag) VALUES (42, 'Экспертное заключение', 'ATTACHMENT', null, null, null, null, null);
INSERT INTO esrd.field (id, name, fieldtype, position_in_group, max_count, length, catalog_id, tag) VALUES (43, 'Проект приказа', 'ATTACHMENT', null, null, null, null, null);

INSERT INTO esrd.fields_stages(id, doctype_id, field_id, agree_stage, required, role_id) VALUES (50, 2, 39, 0, true, 3001);
INSERT INTO esrd.fields_stages(id, doctype_id, field_id, agree_stage, required, role_id) VALUES (51, 2, 40, 0, true, 3001);
INSERT INTO esrd.fields_stages(id, doctype_id, field_id, agree_stage, required, role_id) VALUES (52, 2, 41, 0, true, 3001);
INSERT INTO esrd.fields_stages(id, doctype_id, field_id, agree_stage, required, role_id) VALUES (53, 2, 42, 0, true, 3001);
INSERT INTO esrd.fields_stages(id, doctype_id, field_id, agree_stage, required, role_id) VALUES (54, 2, 43, 0, true, 3001);

INSERT INTO esrd.field_child_field(field_id, child_field_id) VALUES (40, 41);
INSERT INTO esrd.field_child_field(field_id, child_field_id) VALUES (40, 42);
INSERT INTO esrd.field_child_field(field_id, child_field_id) VALUES (40, 43);

INSERT INTO esrd.doctype_fields (id, doctype_id, field_id, position) VALUES (44, 2, 39, 1);
INSERT INTO esrd.doctype_fields (id, doctype_id, field_id, position) VALUES (45, 2, 40, 2);

