INSERT INTO esrd.organization (id, short_name_lf, full_name_lf, ogrn, inn, kpp, address, fio_manager, position_manager) VALUES (10011, 'АО «СКИМ»', 'АКЦИОНЕРНОЕ ОБЩЕСТВО «ЗАВОД СТРОИТЕЛЬНЫХ КРАСОК И МАСТИК»', '1027739759211', '7724011641', '772401001', 'г Москва, Варшавское шоссе, д 37А', 'Аспидов Александр Витальевич', 'Генеральный директор');
INSERT INTO esrd.organization (id, short_name_lf, full_name_lf, ogrn, inn, kpp, address, fio_manager, position_manager) VALUES (10003, 'АО «ГАЗПРОМ ГАЗОРАСПРЕДЕЛЕНИЕ»', 'АКЦИОНЕРНОЕ ОБЩЕСТВО «ГАЗПРОМ ГАЗОРАСПРЕДЕЛЕНИЕ»', '1047855099170', '7838306818', '781301001', 'г Санкт-Петербург, наб Адмирала Лазарева, д 24 литер а', '', '');
INSERT INTO esrd.organization (id, short_name_lf, full_name_lf, ogrn, inn, kpp, address, fio_manager, position_manager) VALUES (10046, 'АО "УК ИП "НИЖНИЕ КОТЛЫ"', 'АКЦИОНЕРНОЕ ОБЩЕСТВО "УПРАВЛЯЮЩАЯ КОМПАНИЯ ИНДУСТРИАЛЬНОГО ПАРКА "НИЖНИЕ КОТЛЫ"', '5167746267167', '7726390113', '772601001', 'г Москва, Варшавское шоссе, д 46', 'Сафронов Юрий Юрьевич', 'ГЕНЕРАЛЬНЫЙ ДИРЕКТОР');
INSERT INTO esrd.organization (id, short_name_lf, full_name_lf, ogrn, inn, kpp, address, fio_manager, position_manager) VALUES (10067, 'ЗАО «МИКОЯНОВСКИЙ МЯСОКОМБИНАТ»', 'ЗАКРЫТОЕ АКЦИОНЕРНОЕ ОБЩЕСТВО «МИКОЯНОВСКИЙ МЯСОКОМБИНАТ»', '1027739019934', '7722169626', '772201001', '109316, ГОРОД МОСКВА, УЛИЦА ТАЛАЛИХИНА, 41, 14', 'Дёмин Николай Яковлевич', 'ГЕНЕРАЛЬНЫЙ ДИРЕКТОР');
INSERT INTO esrd.organization (id, short_name_lf, full_name_lf, ogrn, inn, kpp, address, fio_manager, position_manager) VALUES (10083, 'ОАО «ЗВИ»', 'ОТКРЫТОЕ АКЦИОНЕРНОЕ ОБЩЕСТВО «ЗВИ»', '1027700002351', '7725008610', '772501001', 'г Москва, Партийный пер, д 1 к 58 стр 3', 'Вайман Иосиф Абрамович', 'Генеральный директор');
INSERT INTO esrd.organization (id, short_name_lf, full_name_lf, ogrn, inn, kpp, address, fio_manager, position_manager) VALUES (10134, 'ООО «ПРОТЕЛ»', 'ОБЩЕСТВО С ОГРАНИЧЕННОЙ ОТВЕТСТВЕННОСТЬЮ «ПРОТЕЛ»', '5067746108480', '7706629379', '770601001', 'г Москва, пер Спасоналивковский 2-й, д 6', 'Таланцев Роман Дмитриевич', 'ГЕНЕРАЛЬНЫЙ ДИРЕКТОР');
INSERT INTO esrd.organization (id, short_name_lf, full_name_lf, ogrn, inn, kpp, address, fio_manager, position_manager) VALUES (10122, 'ООО «КРАСНЫЙ ОКТЯБРЬ - РАССКАЗОВКА»', 'ОБЩЕСТВО С ОГРАНИЧЕННОЙ ОТВЕТСТВЕННОСТЬЮ «КРАСНЫЙ ОКТЯБРЬ - РАССКАЗОВКА»', '1127746554759', '7718894438', '775101001', '142770, ГОРОД МОСКВА, ПОСЕЛЕНИЕ СОСЕНСКОЕ, УЛИЦА НИКОЛО-ХОВАНСКАЯ, ДОМ 28, СТРОЕНИЕ 5, ЭТ 5 ПОМ XXVII КОМ 26-1', 'Афанасьев Алексей Андреевич', 'ГЕНЕРАЛЬНЫЙ ДИРЕКТОР');
INSERT INTO esrd.organization (id, short_name_lf, full_name_lf, ogrn, inn, kpp, address, fio_manager, position_manager) VALUES (10153, 'ООО «ТЕПЛОЭНЕРГО МСК»', 'ОБЩЕСТВО С ОГРАНИЧЕННОЙ ОТВЕТСТВЕННОСТЬЮ «ТЕПЛОЭНЕРГО МСК»', '1157746342885', '7715470504', '771501001', 'г Москва, Гостиничный проезд, д 4А стр 1', 'Фурсов Андрей Валерьевич', 'ГЕНЕРАЛЬНЫЙ ДИРЕКТОР');
INSERT INTO esrd.organization (id, short_name_lf, full_name_lf, ogrn, inn, kpp, address, fio_manager, position_manager) VALUES (10089, 'ОАО «ОЧАКОВО-ПРОМЖЕЛДОРТРАНС»', 'ОТКРЫТОЕ АКЦИОНЕРНОЕ ОБЩЕСТВО «ОЧАКОВО-ПРОМЖЕЛДОРТРАНС»', '1077746188750', '7729566510', '772901001', 'г Москва, ул Рябиновая, д 53А стр 1', 'Грачев Владимир Васильевич', 'ГЕНЕРАЛЬНЫЙ ДИРЕКТОР');
INSERT INTO esrd.organization (id, short_name_lf, full_name_lf, ogrn, inn, kpp, address, fio_manager, position_manager) VALUES (10162, 'ООО «ЭНЕРГОСБЫТХОЛДИНГ»', 'ОБЩЕСТВО С ОГРАНИЧЕННОЙ ОТВЕТСТВЕННОСТЬЮ «ЭНЕРГОСБЫТХОЛДИНГ»', '1067746779506', '7703599239', '770401001', '119048, ГОРОД МОСКВА, ПРОСПЕКТ КОМСОМОЛЬСКИЙ, ДОМ 42, СТРОЕНИЕ 3, ПОМЕЩЕНИЕ 43 ЭТАЖ ЦОКОЛЬНЫЙ', 'Трояновский Алексей Игоревич', 'ГЕНЕРАЛЬНЫЙ ДИРЕКТОР');
INSERT INTO esrd.organization (id, short_name_lf, full_name_lf, ogrn, inn, kpp, address, fio_manager, position_manager) VALUES (10203, 'ФСО РОССИИ', 'ФЕДЕРАЛЬНАЯ СЛУЖБА ОХРАНЫ РОССИЙСКОЙ ФЕДЕРАЦИИ', '1037739455049', '7704055094', '770401001', 'г Москва, ул Кремль, д 9', 'Кочнев Дмитрий Викторович', 'ДИРЕКТОР');
INSERT INTO esrd.organization (id, short_name_lf, full_name_lf, ogrn, inn, kpp, address, fio_manager, position_manager) VALUES (10194, 'ФГКУ КОМБИНАТ «СИГНАЛ» ИМ. А.А. ГРИГОРЬЕВА РОСРЕЗЕРВА', 'ФЕДЕРАЛЬНОЕ ГОСУДАРСТВЕННОЕ КАЗЕННОЕ УЧРЕЖДЕНИЕ КОМБИНАТ «СИГНАЛ» ИМ. А.А. ГРИГОРЬЕВА УПРАВЛЕНИЯ ФЕДЕРАЛЬНОГО АГЕНТСТВА ПО ГОСУДАРСТВЕННЫМ РЕЗЕРВАМ ПО ЦЕНТРАЛЬНОМУ ФЕДЕРАЛЬНОМУ ОКРУГУ', '1027739199806', '7718182896', '771801001', 'г Москва, Открытое шоссе, влд 16', 'Самойлова Ольга Николаевна', 'ДИРЕКТОР');
INSERT INTO esrd.organization (id, short_name_lf, full_name_lf, ogrn, inn, kpp, address, fio_manager, position_manager) VALUES (10036, 'АО «ОСОБЫЕ ЭКОНОМИЧЕСКИЕ ЗОНЫ«, АО »ОЭЗ»', 'АКЦИОНЕРНОЕ ОБЩЕСТВО «ОСОБЫЕ ЭКОНОМИЧЕСКИЕ ЗОНЫ»', '1067746539519', '7703591134', '770301001', 'г Москва, Тверской б-р, д 6', 'Милявский Виталий Владимирович', 'ГЕНЕРАЛЬНЫЙ ДИРЕКТОР');
INSERT INTO esrd.organization (id, short_name_lf, full_name_lf, ogrn, inn, kpp, address, fio_manager, position_manager) VALUES (10131, 'ООО «ППК МЕДНАЯ ФОЛЬГА»', 'ОБЩЕСТВО С ОГРАНИЧЕННОЙ ОТВЕТСТВЕННОСТЬЮ «ППК МЕДНАЯ ФОЛЬГА»', '1027739082139', '7726298446', '772601001', 'г Москва, Электролитный проезд, д 3 к 2', 'Сухарев Дмитрий Юрьевич', 'Генеральный директор');
INSERT INTO esrd.organization (id, short_name_lf, full_name_lf, ogrn, inn, kpp, address, fio_manager, position_manager) VALUES (10180, 'ФГАУ «НМИЦ НЕЙРОХИРУРГИИ ИМ. АК. Н.Н. БУРДЕНКО» МИНЗДРАВА РОССИИ', 'ФЕДЕРАЛЬНОЕ ГОСУДАРСТВЕННОЕ АВТОНОМНОЕ УЧРЕЖДЕНИЕ «НАЦИОНАЛЬНЫЙ МЕДИЦИНСКИЙ ИССЛЕДОВАТЕЛЬСКИЙ ЦЕНТР НЕЙРОХИРУРГИИ ИМЕНИ АКАДЕМИКА Н.Н. БУРДЕНКО» МИНИСТЕРСТВА ЗДРАВООХРАНЕНИЯ РОССИЙСКОЙ ФЕДЕРАЦИИ', '1027739375080', '7710103758', '771001001', 'г Москва, ул Тверская-Ямская 4-Я, д 16', 'Потапов Александр Александрович', 'ДИРЕКТОР');
INSERT INTO esrd.organization (id, short_name_lf, full_name_lf, ogrn, inn, kpp, address, fio_manager, position_manager) VALUES (10100, 'ООО «ГАЗПРОМ ЭНЕРГО»', 'ОБЩЕСТВО С ОГРАНИЧЕННОЙ ОТВЕТСТВЕННОСТЬЮ «ГАЗПРОМ ЭНЕРГО»', '1027739841370', '7736186950', '773601001', 'г Москва, ул Строителей, д 8 к 1', 'Дятлов Роман Евгеньевич', 'ГЕНЕРАЛЬНЫЙ ДИРЕКТОР');
INSERT INTO esrd.organization (id, short_name_lf, full_name_lf, ogrn, inn, kpp, address, fio_manager, position_manager) VALUES (10193, 'ФГКУ "ДОМ ОТДЫХА "ПОДМОСКОВНЫЕ ВЕЧЕРА"', 'ФЕДЕРАЛЬНОЕ ГОСУДАРСТВЕННОЕ КАЗЕННОЕ УЧРЕЖДЕНИЕ "ДОМ ОТДЫХА "ПОДМОСКОВНЫЕ ВЕЧЕРА"', '1025006035922', '5046005561', '775101001', 'г Москва, г Троицк, пл Академика Верещагина', 'Губанов Андрей Николаевич', 'НАЧАЛЬНИК');
INSERT INTO esrd.organization (id, short_name_lf, full_name_lf, ogrn, inn, kpp, address, fio_manager, position_manager) VALUES (10022, 'АО «МТ ППК»', 'АКЦИОНЕРНОЕ ОБЩЕСТВО «МОСКОВСКО-ТВЕРСКАЯ ПРИГОРОДНАЯ ПАССАЖИРСКАЯ КОМПАНИЯ»', '1096952014390', '6950104591', '695001001', 'г Тверь, ул Коминтерна, д 18', 'Федотов Олег Эдуардович', 'ГЕНЕРАЛЬНЫЙ ДИРЕКТОР');
INSERT INTO esrd.organization (id, short_name_lf, full_name_lf, ogrn, inn, kpp, address, fio_manager, position_manager) VALUES (10141, 'ООО «СИТИЭНЕРГО»', 'ОБЩЕСТВО С ОГРАНИЧЕННОЙ ОТВЕТСТВЕННОСТЬЮ «СИТИЭНЕРГО»', '1057748339791', '7706593549', '770301001', 'г Москва, ул Магистральная 2-я, д 5А стр 5', 'Свистунов Виктор Викторович', 'ГЕНЕРАЛЬНЫЙ ДИРЕКТОР');
INSERT INTO esrd.organization (id, short_name_lf, full_name_lf, ogrn, inn, kpp, address, fio_manager, position_manager) VALUES (10172, 'АО "КС "ВАЛУЕВО"', 'АКЦИОНЕРНОЕ ОБЩЕСТВО "КЛИНИЧЕСКИЙ САНАТОРИЙ "ВАЛУЕВО"', '1035000904949', '7710013582', '775101001', 'г Москва, поселение Филимонковское, поселок Валуево', '', '');
INSERT INTO esrd.organization (id, short_name_lf, full_name_lf, ogrn, inn, kpp, address, fio_manager, position_manager) VALUES (10001, 'АО "АГРОКОМБИНАТ "МОСКОВСКИЙ"', 'АКЦИОНЕРНОЕ ОБЩЕСТВО "АГРОКОМБИНАТ "МОСКОВСКИЙ"', '1025000654623', '5003003432', '775101001', 'г Москва, г Московский, мкр 1-й, д 52', 'Сёмкин Виктор Николаевич', 'ГЕНЕРАЛЬНЫЙ ДИРЕКТОР');
INSERT INTO esrd.organization (id, short_name_lf, full_name_lf, ogrn, inn, kpp, address, fio_manager, position_manager) VALUES (10057, 'ГБУ ЦРИ «КРАСНАЯ ПАХРА»', 'ГОСУДАРСТВЕННОЕ БЮДЖЕТНОЕ УЧРЕЖДЕНИЕ ГОРОДА МОСКВЫ ЦЕНТР РЕАБИЛИТАЦИИ ИНВАЛИДОВ «КРАСНАЯ ПАХРА»', '1025006037924', '5046021524', '775101001', 'г Москва, г Троицк, ул Теннисная, д 2, оф 1', 'Азизов Гюли Азизович', 'ДИРЕКТОР');
INSERT INTO esrd.organization (id, short_name_lf, full_name_lf, ogrn, inn, kpp, address, fio_manager, position_manager) VALUES (10111, 'ООО «ЕФН-ЭКОТЕХПРОМ МСЗ 3»', 'ОБЩЕСТВО С ОГРАНИЧЕННОЙ ОТВЕТСТВЕННОСТЬЮ «ЕФН-ЭКОТЕХПРОМ МСЗ 3»', '5077746776047', '7737520364', '772401001', 'г Москва, ул Подольских Курсантов, д 22А', 'Бойзитс Патрик', 'ТЕХНИЧЕСКИЙ ДИРЕКТОР');
INSERT INTO esrd.organization (id, short_name_lf, full_name_lf, ogrn, inn, kpp, address, fio_manager, position_manager) VALUES (10121, 'ООО «КОТБУТ»', 'ОБЩЕСТВО С ОГРАНИЧЕННОЙ ОТВЕТСТВЕННОСТЬЮ «КОТБУТ»', '1027739600019', '7710054300', '772701001', 'г Москва, ул Феодосийская, д 1 к 6а', 'Мазанов Александр Федорович', 'ДИРЕКТОР');
INSERT INTO esrd.organization (id, short_name_lf, full_name_lf, ogrn, inn, kpp, address, fio_manager, position_manager) VALUES (10152, 'ООО «ТЭС»', 'ОБЩЕСТВО С ОГРАНИЧЕННОЙ ОТВЕТСТВЕННОСТЬЮ «ТЕПЛОЭЛЕКТРОСИТИ»', '1177746943043', '7716868591', '771601001', '129327, ГОРОД МОСКВА, ПРОЕЗД АНАДЫРСКИЙ, ДОМ 21, ПОМЕЩЕНИЕ V КОМ 9 ОФ 4', 'Бобров Иван Сергеевич', 'ГЕНЕРАЛЬНЫЙ ДИРЕКТОР');
INSERT INTO esrd.organization (id, short_name_lf, full_name_lf, ogrn, inn, kpp, address, fio_manager, position_manager) VALUES (10035, 'АО «ОЭК»', 'АКЦИОНЕРНОЕ ОБЩЕСТВО «ОБЪЕДИНЕННАЯ ЭНЕРГЕТИЧЕСКАЯ КОМПАНИЯ»', '1057746394155', '7720522853', '770501001', 'г Москва, Раушская наб, д 8', 'Прохоров Евгений Сергеевич', 'ГЕНЕРАЛЬНЫЙ ДИРЕКТОР');
INSERT INTO esrd.organization (id, short_name_lf, full_name_lf, ogrn, inn, kpp, address, fio_manager, position_manager) VALUES (10066, 'ЖСК «РАБОТНИКОВ МОСГОСФИЛАРМОНИИ»', 'ЖИЛИЩНО-СТРОИТЕЛЬНЫЙ КООПЕРАТИВ «РАБОТНИКОВ МОСГОСФИЛАРМОНИИ И ГОСМУЗКОЛЛЕКТИВОВ»', '1027739030945', '7730010100', '773001001', 'г Москва, Бережковская наб, д 4', 'Жуков Алексей Альбертович', 'ПРЕДСЕДАТЕЛЬ ПРАВЛЕНИЯ');
INSERT INTO esrd.organization (id, short_name_lf, full_name_lf, ogrn, inn, kpp, address, fio_manager, position_manager) VALUES (10190, 'ФГБУ "ОК "ДЕСНА"', 'ФЕДЕРАЛЬНОЕ ГОСУДАРСТВЕННОЕ БЮДЖЕТНОЕ УЧРЕЖДЕНИЕ "ОЗДОРОВИТЕЛЬНЫЙ КОМПЛЕКС "ДЕСНА" УПРАВЛЕНИЯ ДЕЛАМИ ПРЕЗИДЕНТА РОССИЙСКОЙ ФЕДЕРАЦИИ', '1025000656185', '5003006930', '775101001', 'г Москва, поселение Воскресенское, Калужское ш 32-й км, д 1 стр 1', 'Логвинов Евгений Андреевич', 'ГЕНЕРАЛЬНЫЙ ДИРЕКТОР');
INSERT INTO esrd.organization (id, short_name_lf, full_name_lf, ogrn, inn, kpp, address, fio_manager, position_manager) VALUES (10130, 'ООО «ПОЛЕТ-ИНЖЕНЕР»', 'ОБЩЕСТВО С ОГРАНИЧЕННОЙ ОТВЕТСТВЕННОСТЬЮ «ПОЛЕТ-ИНЖЕНЕР»', '5177746386538', '9709020814', '770901001', 'г Москва, ул Марксистская, д 34 к 8, оф 222', 'Ксенофонтов Евгений Борисович', 'ГЕНЕРАЛЬНЫЙ ДИРЕКТОР');
INSERT INTO esrd.organization (id, short_name_lf, full_name_lf, ogrn, inn, kpp, address, fio_manager, position_manager) VALUES (10015, 'АО «МАНП»', 'АКЦИОНЕРНОЕ ОБЩЕСТВО «МОСАГРОНАУЧПРИБОР»', '1035011451738', '5074002308', '775101001', 'г Москва, поселение Вороновское, деревня Львово', 'Темкин Максим Игоревич', 'ГЕНЕРАЛЬНЫЙ ДИРЕКТОР');
INSERT INTO esrd.organization (id, short_name_lf, full_name_lf, ogrn, inn, kpp, address, fio_manager, position_manager) VALUES (10181, 'ФГАУ "ОК "АРХАНГЕЛЬСКОЕ"', 'ФЕДЕРАЛЬНОЕ ГОСУДАРСТВЕННОЕ АВТОНОМНОЕ УЧРЕЖДЕНИЕ "ОЗДОРОВИТЕЛЬНЫЙ КОМПЛЕКС "АРХАНГЕЛЬСКОЕ" УПРАВЛЕНИЯ ДЕЛАМИ ПРЕЗИДЕНТА РОССИЙСКОЙ ФЕДЕРАЦИИ', '1025000650927', '5003004002', '775101001', 'г Москва, поселение Воскресенское, поселок Воскресенское', 'Карнаухов Павел Александрович', 'Директор');
INSERT INTO esrd.organization (id, short_name_lf, full_name_lf, ogrn, inn, kpp, address, fio_manager, position_manager) VALUES (10045, 'АО «УТЭ ВДНХ»', 'АКЦИОНЕРНОЕ ОБЩЕСТВО «УПРАВЛЕНИЕ ТЕХНИЧЕСКОЙ ЭКСПЛУАТАЦИИ ВЫСТАВКИ ДОСТИЖЕНИЙ НАРОДНОГО ХОЗЯЙСТВА»', '1027700001515', '7717082419', '771701001', 'г Москва, пр-кт Мира, д 119 стр 330', 'Давыдов Владимир Анатольевич', 'ДИРЕКТОР');
INSERT INTO esrd.organization (id, short_name_lf, full_name_lf, ogrn, inn, kpp, address, fio_manager, position_manager) VALUES (10076, 'МУП «ТРОИЦКАЯ ЭЛЕКТРОСЕТЬ»', 'МУНИЦИПАЛЬНОЕ УНИТАРНОЕ ПРЕДПРИЯТИЕ «ТРОИЦКАЯ ЭЛЕКТРОСЕТЬ»', '1045009350044', '5046065560', '775101001', 'г Москва, г Троицк, ул Лесная, д 6', 'Воробьева Альбина Павловна', 'Директор');
INSERT INTO esrd.organization (id, short_name_lf, full_name_lf, ogrn, inn, kpp, address, fio_manager, position_manager) VALUES (10099, 'ООО «ГАЗПРОМ ТРАНСГАЗ МОСКВА»', 'ОБЩЕСТВО С ОГРАНИЧЕННОЙ ОТВЕТСТВЕННОСТЬЮ «ГАЗПРОМ ТРАНСГАЗ МОСКВА»', '1025000653920', '5003028028', '772801001', 'г Москва, ул Намёткина, д 16', 'Бабаков Александр Владимирович', 'ГЕНЕРАЛЬНЫЙ ДИРЕКТОР');
INSERT INTO esrd.organization (id, short_name_lf, full_name_lf, ogrn, inn, kpp, address, fio_manager, position_manager) VALUES (10140, 'ООО «СИРИУС ТЕПЛО»', 'ОБЩЕСТВО С ОГРАНИЧЕННОЙ ОТВЕТСТВЕННОСТЬЮ «СИРИУС ТЕПЛО»', '1117746852277', '7704793687', '772401001', 'г Москва, Каширское шоссе, д 3 к 2 стр 5', 'Ставцев Устин Алексеевич', 'ГЕНЕРАЛЬНЫЙ ДИРЕКТОР');
INSERT INTO esrd.organization (id, short_name_lf, full_name_lf, ogrn, inn, kpp, address, fio_manager, position_manager) VALUES (10010, 'АО «ЖИРОВОЙ КОМБИНАТ»', 'АКЦИОНЕРНОЕ ОБЩЕСТВО «ЖИРОВОЙ КОМБИНАТ»', '1106453003260', '6453110490', '645301001', 'г Саратов, пр-кт им 50 лет Октября, д 112А', 'Кочкуров Иван Владимирович', 'Руководитель ликвидационной комиссии');
INSERT INTO esrd.organization (id, short_name_lf, full_name_lf, ogrn, inn, kpp, address, fio_manager, position_manager) VALUES (10016, 'АО «МГАО ПРОМЖЕЛДОРТРАНС»', 'АКЦИОНЕРНОЕ ОБЩЕСТВО «МГАО ПРОМЖЕЛДОРТРАНС»', '1027739788130', '7723015315', '772301001', 'г Москва, ул Летняя, д 7 стр 1', 'Кукушкин Александр Иванович', 'ГЕНЕРАЛЬНЫЙ ДИРЕКТОР');
INSERT INTO esrd.organization (id, short_name_lf, full_name_lf, ogrn, inn, kpp, address, fio_manager, position_manager) VALUES (10109, 'ООО «ДЕКОР»', 'ОБЩЕСТВО С ОГРАНИЧЕННОЙ ОТВЕТСТВЕННОСТЬЮ «ДЕКОР»', '1047797089273', '7727531060', '775101001', 'г Москва, поселение Сосенское, поселок Коммунарка, ул Александры Монаховой, д 10, комн 41', 'Шарковская Елена Витальевна', 'ГЕНЕРАЛЬНЫЙ ДИРЕКТОР');
INSERT INTO esrd.organization (id, short_name_lf, full_name_lf, ogrn, inn, kpp, address, fio_manager, position_manager) VALUES (10047, 'АО «ФПК»', 'АКЦИОНЕРНОЕ ОБЩЕСТВО «ФЕДЕРАЛЬНАЯ ПАССАЖИРСКАЯ КОМПАНИЯ»', '1097746772738', '7708709686', '770801001', 'г Москва, ул Маши Порываевой, д 34', 'Иванов Петр Валерьевич', 'ГЕНЕРАЛЬНЫЙ ДИРЕКТОР');
INSERT INTO esrd.organization (id, short_name_lf, full_name_lf, ogrn, inn, kpp, address, fio_manager, position_manager) VALUES (10198, 'ФГУП «ЦНИИХМ»', 'ФЕДЕРАЛЬНОЕ ГОСУДАРСТВЕННОЕ УНИТАРНОЕ ПРЕДПРИЯТИЕ «ЦЕНТРАЛЬНЫЙ НАУЧНО-ИССЛЕДОВАТЕЛЬСКИЙ ИНСТИТУТ ХИМИИ И МЕХАНИКИ»', '1037739097582', '7724073013', '772401001', 'г Москва, ул Нагатинская, д 16А', 'Бобков Сергей Алексеевич', 'ГЕНЕРАЛЬНЫЙ ДИРЕКТОР');
INSERT INTO esrd.organization (id, short_name_lf, full_name_lf, ogrn, inn, kpp, address, fio_manager, position_manager) VALUES (10120, 'ООО «КОМСТЭК»', 'ОБЩЕСТВО С ОГРАНИЧЕННОЙ ОТВЕТСТВЕННОСТЬЮ «КОМСТЭК»', '1025004070596', '7703082465', '503201001', 'Московская обл, Одинцовский р-н, деревня Марфино, Сколковское шоссе, д 1', 'Хулапов Михаил Михайлович', 'ПРЕДСЕДАТЕЛЬ ЛИКВИДАЦИОННОЙ КОМИССИИ');
INSERT INTO esrd.organization (id, short_name_lf, full_name_lf, ogrn, inn, kpp, address, fio_manager, position_manager) VALUES (10151, 'ООО «ТЕПЛОТРАНС»', 'ОБЩЕСТВО С ОГРАНИЧЕННОЙ ОТВЕТСТВЕННОСТЬЮ «ТЕПЛОТРАНС»', '1187746468360', '9717068168', '771701001', '129075, ГОРОД МОСКВА, УЛИЦА КАЛИБРОВСКАЯ, ДОМ 24/Б, ЭТАЖ 1 ОФИС 59', 'Звездов Андрей Викторович', 'ГЕНЕРАЛЬНЫЙ ДИРЕКТОР');
INSERT INTO esrd.organization (id, short_name_lf, full_name_lf, ogrn, inn, kpp, address, fio_manager, position_manager) VALUES (10029, 'ПАО «МОСЭНЕРГО»', 'ПУБЛИЧНОЕ АКЦИОНЕРНОЕ ОБЩЕСТВО ЭНЕРГЕТИКИ И ЭЛЕКТРИФИКАЦИИ «МОСЭНЕРГО»', '1027700302420', '7705035012', '772901001', 'г Москва, пр-кт Вернадского, д 101 к 3', '', '');
INSERT INTO esrd.organization (id, short_name_lf, full_name_lf, ogrn, inn, kpp, address, fio_manager, position_manager) VALUES (10065, 'ЖСК «ИЗМАЙЛОВСКИЙ»', 'ЖИЛИЩНО-СТРОИТЕЛЬНЫЙ КООПЕРАТИВ «ИЗМАЙЛОВСКИЙ»', '1037739647857', '7719049061', '771901001', 'г Москва, ул Парковая 5-я, д 64 к 1, оф 28', 'Елизарова Валентина Алексеевна', 'Председатель правления');
INSERT INTO esrd.organization (id, short_name_lf, full_name_lf, ogrn, inn, kpp, address, fio_manager, position_manager) VALUES (10171, 'ПАО «КМЗ»', 'ПУБЛИЧНОЕ АКЦИОНЕРНОЕ ОБЩЕСТВО «КАРАЧАРОВСКИЙ МЕХАНИЧЕСКИЙ ЗАВОД»', '1027739700724', '7721024057', '772101001', 'г Москва, Рязанский пр-кт, д 2', 'Арутюнян Александр Артурович', 'ГЕНЕРАЛЬНЫЙ ДИРЕКТОР');
INSERT INTO esrd.organization (id, short_name_lf, full_name_lf, ogrn, inn, kpp, address, fio_manager, position_manager) VALUES (10129, 'ООО «ПТК»', 'ОБЩЕСТВО С ОГРАНИЧЕННОЙ ОТВЕТСТВЕННОСТЬЮ «ПЕРВАЯ ТРАНСПОРТНАЯ КОМПАНИЯ»', '1137746358485', '7717751405', '771701001', 'г Москва, ул Павла Корчагина, д 10, оф 52', 'Паниткин Александр Георгиевич', 'ГЕНЕРАЛЬНЫЙ ДИРЕКТОР');
INSERT INTO esrd.organization (id, short_name_lf, full_name_lf, ogrn, inn, kpp, address, fio_manager, position_manager) VALUES (10107, 'ООО «ГРАНЕЛЬ ИНЖИНИРИНГ»', 'ОБЩЕСТВО С ОГРАНИЧЕННОЙ ОТВЕТСТВЕННОСТЬЮ «ГРАНЕЛЬ ИНЖИНИРИНГ»', '1125001006261', '5001091909', '500101001', '143905, ОБЛАСТЬ МОСКОВСКАЯ, ГОРОД БАЛАШИХА, ШОССЕ БАЛАШИХИНСКОЕ, У ДОМА 12, ПОМЕЩЕНИЕ 2', 'Цемошевич Сергей Леонидович', 'ГЕНЕРАЛЬНЫЙ ДИРЕКТОР');
INSERT INTO esrd.organization (id, short_name_lf, full_name_lf, ogrn, inn, kpp, address, fio_manager, position_manager) VALUES (10191, 'ФГБУ «ЦКБ С ПОЛИКЛИНИКОЙ»', 'ФЕДЕРАЛЬНОЕ ГОСУДАРСТВЕННОЕ БЮДЖЕТНОЕ УЧРЕЖДЕНИЕ «ЦЕНТРАЛЬНАЯ КЛИНИЧЕСКАЯ БОЛЬНИЦА С ПОЛИКЛИНИКОЙ» УПРАВЛЕНИЯ ДЕЛАМИ ПРЕЗИДЕНТА РОССИЙСКОЙ ФЕДЕРАЦИИ', '1037700201131', '7731082971', '773101001', 'г Москва, ул Маршала Тимошенко, д 15', 'Витько Николай Константинович', 'ГЛАВНЫЙ ВРАЧ');
INSERT INTO esrd.organization (id, short_name_lf, full_name_lf, ogrn, inn, kpp, address, fio_manager, position_manager) VALUES (10110, 'ООО «ЕФН ЭКО СЕРВИС»', 'ОБЩЕСТВО С ОГРАНИЧЕННОЙ ОТВЕТСТВЕННОСТЬЮ «ЕФН ЭКО СЕРВИС»', '1077746007756', '7736552814', '772301001', 'г Москва, проезд Курьяновский 1-й, д 15 стр 214', 'Бойзитс Патрик', 'ТЕХНИЧЕСКИЙ ДИРЕКТОР');
INSERT INTO esrd.organization (id, short_name_lf, full_name_lf, ogrn, inn, kpp, address, fio_manager, position_manager) VALUES (10182, 'ФГАУ "ОК "ШЕРЕМЕТЬЕВСКИЙ"', 'ФЕДЕРАЛЬНОЕ ГОСУДАРСТВЕННОЕ АВТОНОМНОЕ УЧРЕЖДЕНИЕ "ОЗДОРОВИТЕЛЬНЫЙ КОМПЛЕКС "ШЕРЕМЕТЬЕВСКИЙ" УПРАВЛЕНИЯ ДЕЛАМИ ПРЕЗИДЕНТА РОССИЙСКОЙ ФЕДЕРАЦИИ', '1035009563313', '5047046105', '771301001', 'г Москва, ул Вучетича, д 32', 'Черешнев Сергей Серафимович', 'ВРИО ГЕНЕРАЛЬНОГО ДИРЕКТОРА');
INSERT INTO esrd.organization (id, short_name_lf, full_name_lf, ogrn, inn, kpp, address, fio_manager, position_manager) VALUES (10013, 'АО «КК ЖБИ № 9»', 'АКЦИОНЕРНОЕ ОБЩЕСТВО «КУНЦЕВСКИЙ КОМБИНАТ ЖЕЛЕЗОБЕТОННЫХ ИЗДЕЛИЙ № 9»', '1037739100585', '7731025099', '773101001', 'г Москва, ул Молодогвардейская, д 54 стр 4, комн 7', 'Мамичев Александр Сергеевич', 'ГЕНЕРАЛЬНЫЙ ДИРЕКТОР');
INSERT INTO esrd.organization (id, short_name_lf, full_name_lf, ogrn, inn, kpp, address, fio_manager, position_manager) VALUES (10075, 'МУП «ВОДОКАНАЛ» Г. ПОДОЛЬСКА', 'МУНИЦИПАЛЬНОЕ УНИТАРНОЕ ПРЕДПРИЯТИЕ «ВОДОКАНАЛ» ГОРОДА ПОДОЛЬСКА', '1035007201712', '5036029468', '503601001', 'Московская обл, г Подольск, ул Пионерская, д 1Б', 'Семин Михаил Михайлович', 'ДИРЕКТОР');
INSERT INTO esrd.organization (id, short_name_lf, full_name_lf, ogrn, inn, kpp, address, fio_manager, position_manager) VALUES (10098, 'ООО «ВИТРО ВИЛЛАДЖ»', 'ОБЩЕСТВО С ОГРАНИЧЕННОЙ ОТВЕТСТВЕННОСТЬЮ «ВИТРО ВИЛЛАДЖ»', '1157746226736', '7751002903', '775101001', '108829, ГОРОД МОСКВА, ПОСЕЛЕНИЕ КЛЕНОВСКОЕ, ДЕРЕВНЯ КИСЕЛЁВО, КОРПУС ВБЛИЗИ ДЕРЕВНИ', 'Румянцев Валерий Валерьевич', 'Управляющий - индивидуальный  предприниматель');
INSERT INTO esrd.organization (id, short_name_lf, full_name_lf, ogrn, inn, kpp, address, fio_manager, position_manager) VALUES (10078, 'НП «ГОРОДОК К»', 'НЕКОММЕРЧЕСКОЕ ПАРТНЕРСТВО "КОТТЕДЖНЫЙ ПОСЕЛОК "ГОРОДОК К"', '1025006034371', '5046063940', '775101001', 'г Москва, г Троицк, ул Сосновая, д 17А', 'Волкова Ирина Леонидовна', 'ДИРЕКТОР');
INSERT INTO esrd.organization (id, short_name_lf, full_name_lf, ogrn, inn, kpp, address, fio_manager, position_manager) VALUES (10139, 'ООО «СНРГ»', 'ОБЩЕСТВО С ОГРАНИЧЕННОЙ ОТВЕТСТВЕННОСТЬЮ «СЕРВИСНЕДВИЖИМОСТЬ РУСГИДРО»', '1117746808101', '7710898590', '771001001', 'г Москва, ул Дмитровка М., д 7', 'Солонарь Валерий Григорьевич', 'ГЕНЕРАЛЬНЫЙ ДИРЕКТОР');
INSERT INTO esrd.organization (id, short_name_lf, full_name_lf, ogrn, inn, kpp, address, fio_manager, position_manager) VALUES (10170, 'АО «ГОСТИНИЧНАЯ ФИРМА ЯРОСЛАВСКАЯ»', 'АКЦИОНЕРНОЕ ОБЩЕСТВО «ГОСТИНИЧНАЯ ФИРМА ЯРОСЛАВСКАЯ»', '1037700113868', '7717026284', '771701001', '129164, ГОРОД МОСКВА, УЛИЦА ЯРОСЛАВСКАЯ, ДОМ 8, КОРПУС 7, ПОМ 19 ОФИС 31', 'Афанасьева Светлана Дмитриевна', 'ГЕНЕРАЛЬНЫЙ ДИРЕКТОР');
INSERT INTO esrd.organization (id, short_name_lf, full_name_lf, ogrn, inn, kpp, address, fio_manager, position_manager) VALUES (10024, 'АО «НИИР»', 'АКЦИОНЕРНОЕ ОБЩЕСТВО «НАУЧНО-ИССЛЕДОВАТЕЛЬСКИЙ ИНСТИТУТ РЕЗИНОВЫХ И ПОЛИМЕРНЫХ ИЗДЕЛИЙ»', '1067757820349', '7718606827', '771801001', 'г Москва, ул Краснобогатырская, д 42 стр 1', 'Корчашкин Вячеслав Викторович', 'ГЕНЕРАЛЬНЫЙ ДИРЕКТОР');
INSERT INTO esrd.organization (id, short_name_lf, full_name_lf, ogrn, inn, kpp, address, fio_manager, position_manager) VALUES (10108, 'ООО «ГЭС»', 'ОБЩЕСТВО С ОГРАНИЧЕННОЙ ОТВЕТСТВЕННОСТЬЮ «ГОРОДСКИЕ ЭЛЕКТРО СЕТИ»', '1157746253180', '7730120261', '770401001', '119270, ГОРОД МОСКВА, НАБЕРЕЖНАЯ ЛУЖНЕЦКАЯ, ДОМ 6, СТРОЕНИЕ 1, ЭТ/ПОМ/КОМ 2/I/55', 'Нумеров Дмитрий Владимирович', 'ГЕНЕРАЛЬНЫЙ ДИРЕКТОР');
INSERT INTO esrd.organization (id, short_name_lf, full_name_lf, ogrn, inn, kpp, address, fio_manager, position_manager) VALUES (10055, 'ГБУ «ЭВАЖД»', 'ГОСУДАРСТВЕННОЕ БЮДЖЕТНОЕ УЧРЕЖДЕНИЕ ПО ЭКСПЛУАТАЦИИ ВЫСОТНЫХ АДМИНИСТРАТИВНЫХ И ЖИЛЫХ ДОМОВ', '1167746299820', '7730199840', '773001001', 'г Москва, ул Бородинская 2-я, д 17', 'Плохих Виктор Васильевич', 'РУКОВОДИТЕЛЬ');
INSERT INTO esrd.organization (id, short_name_lf, full_name_lf, ogrn, inn, kpp, address, fio_manager, position_manager) VALUES (10150, 'ООО «ТЕПЛОСТРОЙ»', 'ОБЩЕСТВО С ОГРАНИЧЕННОЙ ОТВЕТСТВЕННОСТЬЮ «ТЕПЛОСТРОЙ»', '1157746001962', '7727046924', '772701001', '117042, ГОРОД МОСКВА, ПРОЕЗД ЧЕЧЁРСКИЙ, ДОМ 56, КОРПУС 2, ЭТАЖ 1 ПОМ VI КОМНАТА 15', 'Лазарева Татьяна Константиновна', 'ГЕНЕРАЛЬНЫЙ ДИРЕКТОР');
INSERT INTO esrd.organization (id, short_name_lf, full_name_lf, ogrn, inn, kpp, address, fio_manager, position_manager) VALUES (10195, 'ФГУП «ЖКУ РАН»', 'ФЕДЕРАЛЬНОЕ ГОСУДАРСТВЕННОЕ УНИТАРНОЕ ПРЕДПРИЯТИЕ «ЖИЛИЩНО-КОММУНАЛЬНОЕ УПРАВЛЕНИЕ РОССИЙСКОЙ АКАДЕМИИ НАУК»', '1027739686150', '7736111591', '773601001', 'г Москва, ул Вавилова, д 39', 'Бахусов Константин Алексеевич', 'ДИРЕКТОР');
INSERT INTO esrd.organization (id, short_name_lf, full_name_lf, ogrn, inn, kpp, address, fio_manager, position_manager) VALUES (10033, 'АО «ОБОРОНЭНЕРГО»', 'АКЦИОНЕРНОЕ ОБЩЕСТВО «ОБОРОНЭНЕРГО»', '1097746264230', '7704726225', '770801001', '107140, ГОРОД МОСКВА, УЛИЦА РУСАКОВСКАЯ, ДОМ 13, СТРОЕНИЕ 19 21-25', 'Лукин Андрей Борисович', 'ГЕНЕРАЛЬНЫЙ ДИРЕКТОР');
INSERT INTO esrd.organization (id, short_name_lf, full_name_lf, ogrn, inn, kpp, address, fio_manager, position_manager) VALUES (10064, 'ЖСК «КОЛЛЕКТИВНЫЙ СТРОИТЕЛЬ»', 'ЖИЛИЩНО-СТРОИТЕЛЬНЫЙ КООПЕРАТИВ «КОЛЛЕКТИВНЫЙ СТРОИТЕЛЬ»', '1037700229401', '7714031430', '771401001', 'г Москва, ул Константина Симонова, д 8 к 1', 'Веленкевич Елена Алексеевна', 'Председатель правления');
INSERT INTO esrd.organization (id, short_name_lf, full_name_lf, ogrn, inn, kpp, address, fio_manager, position_manager) VALUES (10128, 'ООО «ПАТЕКСТРОЙАРСЕНАЛ МГ»', 'ОБЩЕСТВО С ОГРАНИЧЕННОЙ ОТВЕТСТВЕННОСТЬЮ «ПАТЕКСТРОЙАРСЕНАЛ МГ»', '1027700256528', '7710230033', '503801001', '141280, ОБЛАСТЬ МОСКОВСКАЯ, ГОРОД ИВАНТЕЕВКА, ПРОЕЗД ФАБРИЧНЫЙ, ДОМ 1, ПОЗИЦИЯ 40, ЛИТ/ЭТ/КОМ Б/1/33', 'Георгиадис Дмитрий Георгиевич', 'Генеральный директор');
INSERT INTO esrd.organization (id, short_name_lf, full_name_lf, ogrn, inn, kpp, address, fio_manager, position_manager) VALUES (10086, 'ОАО «КОНДИТЕРСКИЙ КОНЦЕРН БАБАЕВСКИЙ»', 'ОТКРЫТОЕ АКЦИОНЕРНОЕ ОБЩЕСТВО «КОНДИТЕРСКИЙ КОНЦЕРН БАБАЕВСКИЙ»', '1027700070881', '7708029391', '770801001', 'г Москва, ул Красносельская М., д 7', '', '');
INSERT INTO esrd.organization (id, short_name_lf, full_name_lf, ogrn, inn, kpp, address, fio_manager, position_manager) VALUES (10159, 'ООО «ЭНЕРГИИ ТЕХНОЛОГИИ»', 'ОБЩЕСТВО С ОГРАНИЧЕННОЙ ОТВЕТСТВЕННОСТЬЮ «ЭНЕРГИИ ТЕХНОЛОГИИ»', '5077746554606', '7743639382', '771501001', '127254, ГОРОД МОСКВА, ПРОЕЗД ОГОРОДНЫЙ, ДОМ 16, СТРОЕНИЕ 17, КОМНАТА 306,307,310', 'Гапченко Илона Владимировна', 'ГЕНЕРАЛЬНЫЙ ДИРЕКТОР');
INSERT INTO esrd.organization (id, short_name_lf, full_name_lf, ogrn, inn, kpp, address, fio_manager, position_manager) VALUES (10175, 'ПАО «МОСХЛАДОКОМБИНАТ №9»', 'ПУБЛИЧНОЕ АКЦИОНЕРНОЕ ОБЩЕСТВО «МОСКОВСКИЙ ХЛАДОКОМБИНАТ №9»', '1027739090213', '7715008152', '771501001', 'г Москва, Огородный проезд, д 16', 'Семихатов Сергей Александрович', 'ГЕНЕРАЛЬНЫЙ ДИРЕКТОР');
INSERT INTO esrd.organization (id, short_name_lf, full_name_lf, ogrn, inn, kpp, address, fio_manager, position_manager) VALUES (10017, 'АО "МЕЖДУНАРОДНЫЙ АЭРОПОРТ "ВНУКОВО"', 'АКЦИОНЕРНОЕ ОБЩЕСТВО "МЕЖДУНАРОДНЫЙ АЭРОПОРТ "ВНУКОВО"', '1027700024835', '7710404473', '772901001', 'г Москва, ул Рейсовая 2-я, д 2 к 3', 'Сапрыкин Дмитрий Петрович', 'ГЕНЕРАЛЬНЫЙ ДИРЕКТОР');
INSERT INTO esrd.organization (id, short_name_lf, full_name_lf, ogrn, inn, kpp, address, fio_manager, position_manager) VALUES (10183, 'ФГБНУ «ФНЦИРИП ИМ. М.П. ЧУМАКОВА РАН»', 'ФЕДЕРАЛЬНОЕ ГОСУДАРСТВЕННОЕ БЮДЖЕТНОЕ НАУЧНОЕ УЧРЕЖДЕНИЕ «ФЕДЕРАЛЬНЫЙ НАУЧНЫЙ ЦЕНТР ИССЛЕДОВАНИЙ И РАЗРАБОТКИ ИММУНОБИОЛОГИЧЕСКИХ ПРЕПАРАТОВ ИМ. М.П. ЧУМАКОВА РАН»', '1167746624847', '7751023847', '775101001', '108819, ГОРОД МОСКВА, ПОСЕЛЕНИЕ МОСКОВСКИЙ, ПОСЕЛОК ИНСТИТУТА ПОЛИОМИЕЛИТА, ДОМОВЛАДЕН 8, КОРПУС 1', 'Ишмухаметов Айдар Айратович', 'ГЕНЕРАЛЬНЫЙ ДИРЕКТОР');
INSERT INTO esrd.organization (id, short_name_lf, full_name_lf, ogrn, inn, kpp, address, fio_manager, position_manager) VALUES (10043, 'АО "ТЕХНОПОЛИС "МОСКВА"', 'АКЦИОНЕРНОЕ ОБЩЕСТВО "ТЕХНОПОЛИС "МОСКВА"', '5177746281180', '9723038972', '772301001', 'г Москва, Волгоградский пр-кт, д 42 к 13', 'Ищенко Игорь Владимирович', 'ГЕНЕРАЛЬНЫЙ ДИРЕКТОР');
INSERT INTO esrd.organization (id, short_name_lf, full_name_lf, ogrn, inn, kpp, address, fio_manager, position_manager) VALUES (10074, 'ЗАО «ВЭЙНЕТТ ТРЭДИНГ»', 'ЗАКРЫТОЕ АКЦИОНЕРНОЕ ОБЩЕСТВО «ВЭЙНЕТТ ТРЭДИНГ»', '1047796856029', '7702543160', '770201001', 'г Москва, пр-кт Мира, д 39 стр 2', 'Григорян Рубен Цолакович', 'ЗАМЕСТИТЕЛЬ ГЕНЕРАЛЬНОГО ДИРЕКТОРА');
INSERT INTO esrd.organization (id, short_name_lf, full_name_lf, ogrn, inn, kpp, address, fio_manager, position_manager) VALUES (10097, 'ООО «ВИЗИТ-МОСКВА»', 'ОБЩЕСТВО С ОГРАНИЧЕННОЙ ОТВЕТСТВЕННОСТЬЮ «ВИЗИТ-МОСКВА»', '1027739169534', '7703026485', '770301001', 'г Москва, ул Бронная М., д 23 стр 2', 'Зайцев Владимир Юрьевич', 'ГЕНЕРАЛЬНЫЙ ДИРЕКТОР');
INSERT INTO esrd.organization (id, short_name_lf, full_name_lf, ogrn, inn, kpp, address, fio_manager, position_manager) VALUES (10025, 'АО «НИЦЭВТ»', 'АКЦИОНЕРНОЕ ОБЩЕСТВО «НАУЧНО - ИССЛЕДОВАТЕЛЬСКИЙ ЦЕНТР ЭЛЕКТРОННОЙ ВЫЧИСЛИТЕЛЬНОЙ ТЕХНИКИ»', '1027700015298', '7726019325', '772601001', 'г Москва, Варшавское шоссе, д 125', 'Симонов Константин Борисович', 'ВРЕМЕННЫЙ ГЕНЕРАЛЬНЫЙ ДИРЕКТОР');
INSERT INTO esrd.organization (id, short_name_lf, full_name_lf, ogrn, inn, kpp, address, fio_manager, position_manager) VALUES (10138, 'ООО «РИ ЭНЕРГО»', 'ОБЩЕСТВО С ОГРАНИЧЕННОЙ ОТВЕТСТВЕННОСТЬЮ «РИ ЭНЕРГО»', '1147748158447', '7725258634', '772501001', '115280, ГОРОД МОСКВА, УЛИЦА ЛЕНИНСКАЯ СЛОБОДА, ДОМ 23, СТР 16, ПОМЕЩЕНИЕ VII', 'Чирков Антон Сергеевич', 'ГЕНЕРАЛЬНЫЙ ДИРЕКТОР');
INSERT INTO esrd.organization (id, short_name_lf, full_name_lf, ogrn, inn, kpp, address, fio_manager, position_manager) VALUES (10169, 'ПАО «ГАЗПРОМ»', 'ПУБЛИЧНОЕ АКЦИОНЕРНОЕ ОБЩЕСТВО «ГАЗПРОМ»', '1027700070518', '7736050003', '772801001', 'г Москва, ул Намёткина, д 16', 'Миллер Алексей Борисович', 'ПРЕДСЕДАТЕЛЬ ПРАВЛЕНИЯ');
INSERT INTO esrd.organization (id, short_name_lf, full_name_lf, ogrn, inn, kpp, address, fio_manager, position_manager) VALUES (10004, 'АО «ГАЗПРОМНЕФТЬ - МНПЗ»', 'АКЦИОНЕРНОЕ ОБЩЕСТВО «ГАЗПРОМНЕФТЬ - МОСКОВСКИЙ НПЗ»', '1027700500190', '7723006328', '772301001', 'г Москва, Капотня 2-й кв-л, д 1 к 3', 'Зубер Виталий Игоревич', 'ГЕНЕРАЛЬНЫЙ ДИРЕКТОР');
INSERT INTO esrd.organization (id, short_name_lf, full_name_lf, ogrn, inn, kpp, address, fio_manager, position_manager) VALUES (10054, 'ГБУ ПНИ № 5', 'ГОСУДАРСТВЕННОЕ БЮДЖЕТНОЕ УЧРЕЖДЕНИЕ ГОРОДА МОСКВЫ ПСИХОНЕВРОЛОГИЧЕСКИЙ ИНТЕРНАТ № 5 ДЕПАРТАМЕНТА ТРУДА И СОЦИАЛЬНОЙ ЗАЩИТЫ НАСЕЛЕНИЯ ГОРОДА МОСКВЫ', '1035000910724', '5003009280', '775101001', 'г Москва, поселение Филимонковское, поселок Филимонки, тер ПНИ N5', 'Лопаткина Наталья Владимировна', 'ДИРЕКТОР');
INSERT INTO esrd.organization (id, short_name_lf, full_name_lf, ogrn, inn, kpp, address, fio_manager, position_manager) VALUES (10085, 'ОАО «КИМПОР»', 'ОТКРЫТОЕ АКЦИОНЕРНОЕ ОБЩЕСТВО «КРАСНОПАХОРСКИЙ ЗАВОД КОМПОЗИЦИОННЫХ ИЗДЕЛИЙ ИЗ МЕТАЛЛИЧЕСКИХ ПОРОШКОВ»', '1025007513255', '5074000276', '775101001', 'г Москва, поселение Краснопахорское, село Былово, д 7А', 'Балай Раиса Мовлевна', 'Генеральный директор');
INSERT INTO esrd.organization (id, short_name_lf, full_name_lf, ogrn, inn, kpp, address, fio_manager, position_manager) VALUES (10164, 'ООО «ЭНЕРГОЦЕНТР»', 'ОБЩЕСТВО С ОГРАНИЧЕННОЙ ОТВЕТСТВЕННОСТЬЮ «ЭНЕРГОЦЕНТР»', '1075020003816', '5020052207', '502001001', '141603, ОБЛАСТЬ МОСКОВСКАЯ, ГОРОД КЛИН, ШОССЕ ЛЕНИНГРАДСКОЕ, 88 КМ, 18', 'Металличенко Андрей Владимирович', 'ГЕНЕРАЛЬНЫЙ ДИРЕКТОР');
INSERT INTO esrd.organization (id, short_name_lf, full_name_lf, ogrn, inn, kpp, address, fio_manager, position_manager) VALUES (10143, 'ООО «СТРОЙРУБЕЖ»', 'ОБЩЕСТВО С ОГРАНИЧЕННОЙ ОТВЕТСТВЕННОСТЬЮ «СТРОЙРУБЕЖ»', '1077758849630', '7722619924', '775101001', 'г Москва, г Троицк, ул 2-я Изумрудная, д 8, кв 1', 'Кутафин Александр Николаевич', 'ГЕНЕРАЛЬНЫЙ ДИРЕКТОР');
INSERT INTO esrd.organization (id, short_name_lf, full_name_lf, ogrn, inn, kpp, address, fio_manager, position_manager) VALUES (10205, 'ЧУ "ДИРЕКЦИЯ "ПЕРЕДЕЛКИНО" ОООП "ОБЩЕРОССИЙСКОЕ ЛИТЕРАТУРНОЕ СООБЩЕСТВО"', 'ЧАСТНОЕ УЧРЕЖДЕНИЕ "ДИРЕКЦИЯ ПО ЭКСПЛУАТАЦИИ ГОРОДКА ПИСАТЕЛЕЙ "ПЕРЕДЕЛКИНО" ОБЩЕРОССИЙСКОЙ ОБЩЕСТВЕННОЙ ОРГАНИЗАЦИИ ПИСАТЕЛЕЙ "ОБЩЕРОССИЙСКОЕ ЛИТЕРАТУРНОЕ СООБЩЕСТВО"', '1035000912484', '5003028042', '775101001', '142784, ГОРОД МОСКВА, ПОСЕЛЕНИЕ ВНУКОВСКОЕ, НАСЕЛЕННЫЙ ПУНКТ ДСК "МИЧУРИНЕЦ", УЛИЦА ПОГОДИНА, 4', 'Коваленко Петр Иванович', 'Директор');
INSERT INTO esrd.organization (id, short_name_lf, full_name_lf, ogrn, inn, kpp, address, fio_manager, position_manager) VALUES (10056, 'ГБУСО МО "ЦЕНТР СОЦИАЛЬНО-МЕДИЦИНСКОЙ РЕАБИЛИТАЦИИ ИНВАЛИДОВ И ВЕТЕРАНОВ БОЕВЫХ ДЕЙСТВИЙ "ЯСЕНКИ"', 'ГОСУДАРСТВЕННОЕ БЮДЖЕТНОЕ УЧРЕЖДЕНИЕ СОЦИАЛЬНОГО ОБСЛУЖИВАНИЯ МОСКОВСКОЙ ОБЛАСТИ "ЦЕНТР СОЦИАЛЬНО-МЕДИЦИНСКОЙ РЕАБИЛИТАЦИИ ИНВАЛИДОВ И ВЕТЕРАНОВ БОЕВЫХ ДЕЙСТВИЙ "ЯСЕНКИ"', '1065074070709', '5074035310', '503601001', 'Московская обл, г Подольск, ул Литейная, д 6/8', 'Шушаников Александр Павлович', 'ДИРЕКТОР');
INSERT INTO esrd.organization (id, short_name_lf, full_name_lf, ogrn, inn, kpp, address, fio_manager, position_manager) VALUES (10149, 'ООО «ТСК МОСЭНЕРГО»', 'ОБЩЕСТВО С ОГРАНИЧЕННОЙ ОТВЕТСТВЕННОСТЬЮ «ТЕПЛОСНАБЖАЮЩАЯ КОМПАНИЯ МОСЭНЕРГО»', '5117746022257', '7729698690', '775101001', '108811, ГОРОД МОСКВА, ПОСЕЛЕНИЕ МОСКОВСКИЙ, ДЕРЕВНЯ ГОВОРОВО, КИЛОМЕТР МКАД 47, СТРОЕНИЕ 21, ЭТ 4 ЛИТ А1 КОМ 8', 'Волков Анатолий Владимирович', 'ВРЕМЕННО ИСПОЛНЯЮЩИЙ ОБЯЗАННОСТИ ГЕНЕРАЛЬНОГО ДИРЕКТОРА');
INSERT INTO esrd.organization (id, short_name_lf, full_name_lf, ogrn, inn, kpp, address, fio_manager, position_manager) VALUES (10032, 'АО "НПО "ВЗЛЕТ"', 'АКЦИОНЕРНОЕ ОБЩЕСТВО "НАУЧНО-ПРОИЗВОДСТВЕННОЕ ОБЪЕДИНЕНИЕ "ВЗЛЕТ"', '1027700267946', '7732021555', '772901001', 'г Москва, ул Производственная, д 6', 'Возмитель Андрей Евгеньевич', 'ГЕНЕРАЛЬНЫЙ ДИРЕКТОР');
INSERT INTO esrd.organization (id, short_name_lf, full_name_lf, ogrn, inn, kpp, address, fio_manager, position_manager) VALUES (10105, 'ООО «ГОРТРАНСЭНЕРГО»', 'ОБЩЕСТВО С ОГРАНИЧЕННОЙ ОТВЕТСТВЕННОСТЬЮ «ГОРТРАНСЭНЕРГО»', '1107746818948', '7718822144', '772001001', 'г Москва, ул Кетчерская, д 13', 'Гущин Дмитрий Анатольевич', 'ГЕНЕРАЛЬНЫЙ ДИРЕКТОР');
INSERT INTO esrd.organization (id, short_name_lf, full_name_lf, ogrn, inn, kpp, address, fio_manager, position_manager) VALUES (10063, 'ГУП «МОСВОДОСТОК»', 'ГОСУДАРСТВЕННОЕ УНИТАРНОЕ ПРЕДПРИЯТИЕ ГОРОДА МОСКВЫ ПО ЭКСПЛУАТАЦИИ МОСКОВСКИХ ВОДООТВОДЯЩИХ СИСТЕМ «МОСВОДОСТОК»', '1027739015567', '7705013033', '770501001', 'г Москва, ул Новокузнецкая, д 26/8 стр 1', 'Ишханян Константин Рафаэлович', 'ГЕНЕРАЛЬНЫЙ ДИРЕКТОР');
INSERT INTO esrd.organization (id, short_name_lf, full_name_lf, ogrn, inn, kpp, address, fio_manager, position_manager) VALUES (10173, 'ПАО «МОСКОВСКАЯ ОБЪЕДИНЕННАЯ ЭЛЕКТРОСЕТЕВАЯ КОМПАНИЯ« ПАО »МОЭСК»', 'ПУБЛИЧНОЕ АКЦИОНЕРНОЕ ОБЩЕСТВО «МОСКОВСКАЯ ОБЪЕДИНЕННАЯ ЭЛЕКТРОСЕТЕВАЯ КОМПАНИЯ»', '1057746555811', '5036065113', '772501001', 'г Москва, проезд Павелецкий 2-й, д 3 стр 2', 'Синютин Петр Алексеевич', 'ГЕНЕРАЛЬНЫЙ ДИРЕКТОР');
INSERT INTO esrd.organization (id, short_name_lf, full_name_lf, ogrn, inn, kpp, address, fio_manager, position_manager) VALUES (10200, 'ФГУП ППЗ «ПТИЧНОЕ»', 'ФЕДЕРАЛЬНОЕ ГОСУДАРСТВЕННОЕ УНИТАРНОЕ ПРЕДПРИЯТИЕ ПЛЕМЕННОЙ ПТИЦЕВОДЧЕСКИЙ ЗАВОД «ПТИЧНОЕ»', '1035005903173', '5030005679', '775101001', 'г Москва, поселение Первомайское, поселок Птичное, ул Центральная усадьба, д 1', 'Чеченко Владимир Федорович', 'КОНКУРСНЫЙ УПРАВЛЯЮЩИЙ');
INSERT INTO esrd.organization (id, short_name_lf, full_name_lf, ogrn, inn, kpp, address, fio_manager, position_manager) VALUES (10087, 'ОАО "МЗ "МАЯК"', 'ОТКРЫТОЕ АКЦИОНЕРНОЕ ОБЩЕСТВО "МАШИНОСТРОИТЕЛЬНЫЙ ЗАВОД "МАЯК"', '1027700319954', '7719024042', '771901001', 'г Москва, ул Ибрагимова, д 31', 'Карпов Сергей Владимирович', 'ГЕНЕРАЛЬНЫЙ ДИРЕКТОР');
INSERT INTO esrd.organization (id, short_name_lf, full_name_lf, ogrn, inn, kpp, address, fio_manager, position_manager) VALUES (10079, 'ОАО «ОСТАНКИНСКИЙ МОЛОЧНЫЙ КОМБИНАТ«, ОАО »ОМК»', 'ОТКРЫТОЕ АКЦИОНЕРНОЕ ОБЩЕСТВО «ОСТАНКИНСКИЙ МОЛОЧНЫЙ КОМБИНАТ»', '1027739359977', '7715087436', '771501001', 'г Москва, ул Руставели, д 14', 'Куранов Алексей Игоревич', 'КОНКУРСНЫЙ УПРАВЛЯЮЩИЙ');
INSERT INTO esrd.organization (id, short_name_lf, full_name_lf, ogrn, inn, kpp, address, fio_manager, position_manager) VALUES (10184, 'АКАДЕМИЯ ГПС МЧС РОССИИ', 'ФЕДЕРАЛЬНОЕ ГОСУДАРСТВЕННОЕ БЮДЖЕТНОЕ ОБРАЗОВАТЕЛЬНОЕ УЧРЕЖДЕНИЕ ВЫСШЕГО ОБРАЗОВАНИЯ «АКАДЕМИЯ ГОСУДАРСТВЕННОЙ ПРОТИВОПОЖАРНОЙ СЛУЖБЫ МИНИСТЕРСТВА РОССИЙСКОЙ ФЕДЕРАЦИИ ПО ДЕЛАМ ГРАЖДАНСКОЙ ОБОРОНЫ, ЧРЕЗВЫЧАЙНЫМ СИТУАЦИЯМ И ЛИКВИДАЦИИ ПОСЛЕДСТВИЙ СТИХИЙНЫХ БЕДСТВИЙ»', '1027739451684', '7717035419', '771701001', 'г Москва, ул Бориса Галушкина, д 4', 'Супруновский Анатолий Михайлович', 'НАЧАЛЬНИК АКАДЕМИИ ГПС МЧС РОССИИ');
INSERT INTO esrd.organization (id, short_name_lf, full_name_lf, ogrn, inn, kpp, address, fio_manager, position_manager) VALUES (10042, 'АО «ТЭП»', 'АКЦИОНЕРНОЕ ОБЩЕСТВО «ТЕПЛОЭНЕРГЕТИЧЕСКОЕ ПРЕДПРИЯТИЕ»', '1145029013392', '5029191766', '502901001', 'Московская обл, г Мытищи, ул Колпакова, д 2 к 10, пом 204', 'Осин Андрей Евгеньевич', 'ГЕНЕРАЛЬНЫЙ ДИРЕКТОР');
INSERT INTO esrd.organization (id, short_name_lf, full_name_lf, ogrn, inn, kpp, address, fio_manager, position_manager) VALUES (10073, 'АО «МЭМЗ ПАМЯТИ РЕВОЛЮЦИИ 1905 ГОДА»', 'АКЦИОНЕРНОЕ ОБЩЕСТВО «МОСКОВСКИЙ ЭЛЕКТРОМАШИНОСТРОИТЕЛЬНЫЙ ЗАВОД ПАМЯТИ РЕВОЛЮЦИИ 1905 ГОДА»', '1027739183230', '7703071061', '770301001', 'г Москва, ул Пресненский Вал, д 27 стр 11', 'Романовский Александр Георгиевич', 'ГЕНЕРАЛЬНЫЙ ДИРЕКТОР');
INSERT INTO esrd.organization (id, short_name_lf, full_name_lf, ogrn, inn, kpp, address, fio_manager, position_manager) VALUES (10096, 'ООО «АТЛАНТИКА»', 'ОБЩЕСТВО С ОГРАНИЧЕННОЙ ОТВЕТСТВЕННОСТЬЮ «АТЛАНТИКА»', '1037739831645', '7714507871', '772401001', '115230, ГОРОД МОСКВА, ПРОЕЗД ХЛЕБОЗАВОДСКИЙ, ДОМ 7, СТРОЕНИЕ 9, ЭТ 9 ПОМ XVIII КОМ 3', 'Кондратьев Руслан Владимирович', 'ГЕНЕРАЛЬНЫЙ ДИРЕКТОР');
INSERT INTO esrd.organization (id, short_name_lf, full_name_lf, ogrn, inn, kpp, address, fio_manager, position_manager) VALUES (10026, 'АО "НПО "ЛЭМЗ"', 'АКЦИОНЕРНОЕ ОБЩЕСТВО "НАУЧНО-ПРОИЗВОДСТВЕННОЕ ОБЪЕДИНЕНИЕ "ЛИАНОЗОВСКИЙ ЭЛЕКТРОМЕХАНИЧЕСКИЙ ЗАВОД"', '1027713010841', '7713357824', '771301001', 'г Москва, Дмитровское шоссе, д 110', 'Бендерский Геннадий Петрович', 'ГЕНЕРАЛЬНЫЙ ДИРЕКТОР');
INSERT INTO esrd.organization (id, short_name_lf, full_name_lf, ogrn, inn, kpp, address, fio_manager, position_manager) VALUES (10137, 'ООО «РЕМЭНЕРГО»', 'ОБЩЕСТВО С ОГРАНИЧЕННОЙ ОТВЕТСТВЕННОСТЬЮ «РЕМЭНЕРГО»', '1107746691326', '7718817521', '771801001', '107113, ГОРОД МОСКВА, ПЛОЩАДЬ СОКОЛЬНИЧЕСКАЯ, ДОМ 4А, ЭТАЖ 3, ПОМЕЩЕНИЕ IV - КОМ. 11 (РМЖ4)', 'Лугина Юрий Юрьевич', 'ГЕНЕРАЛЬНЫЙ ДИРЕКТОР');
INSERT INTO esrd.organization (id, short_name_lf, full_name_lf, ogrn, inn, kpp, address, fio_manager, position_manager) VALUES (10168, 'ООО КСЦ «ПЕРЕДЕЛКИНО»', 'ОБЩЕСТВО С ОГРАНИЧЕННОЙ ОТВЕТСТВЕННОСТЬЮ "КАРДИОЛОГИЧЕСКИЙ САНАТОРНЫЙ ЦЕНТР "ПЕРЕДЕЛКИНО"', '1177746010584', '9729049138', '772901001', 'г Москва, ул Лазенки 6-я, д 2 стр 2', 'Сучков Максим Александрович', 'ГЕНЕРАЛЬНЫЙ ДИРЕКТОР');
INSERT INTO esrd.organization (id, short_name_lf, full_name_lf, ogrn, inn, kpp, address, fio_manager, position_manager) VALUES (10005, 'АО «ГУОВ»', 'АКЦИОНЕРНОЕ ОБЩЕСТВО «ГЛАВНОЕ УПРАВЛЕНИЕ ОБУСТРОЙСТВА ВОЙСК»', '1097746390224', '7703702341', '770401001', 'г Москва, Комсомольский пр-кт, д 18 стр 3', '', '');
INSERT INTO esrd.organization (id, short_name_lf, full_name_lf, ogrn, inn, kpp, address, fio_manager, position_manager) VALUES (10119, 'ООО "КОМПЛЕКСНЫЕ СИСТЕМЫ "С"', 'ОБЩЕСТВО С ОГРАНИЧЕННОЙ ОТВЕТСТВЕННОСТЬЮ "КОМПЛЕКСНЫЕ СИСТЕМЫ "С"', '1157746272067', '7709453589', '775101001', 'г Москва, поселение Краснопахорское, деревня Раево, ул Ирландская, влд 1Б стр 1', 'Леонтьева Татьяна Сергеевна', 'ГЕНЕРАЛЬНЫЙ ДИРЕКТОР');
INSERT INTO esrd.organization (id, short_name_lf, full_name_lf, ogrn, inn, kpp, address, fio_manager, position_manager) VALUES (10053, 'ГБУ «ГОРМОСТ»', 'ГОСУДАРСТВЕННОЕ БЮДЖЕТНОЕ УЧРЕЖДЕНИЕ ГОРОДА МОСКВЫ ПО ЭКСПЛУАТАЦИИ И РЕМОНТУ ИНЖЕНЕРНЫХ СООРУЖЕНИЙ «ГОРМОСТ»', '5117746071119', '7722765428', '772201001', 'г Москва, пер Золоторожский Верхн., д 5 стр 3', 'Иванков Юрий Анатольевич', 'РУКОВОДИТЕЛЬ');
INSERT INTO esrd.organization (id, short_name_lf, full_name_lf, ogrn, inn, kpp, address, fio_manager, position_manager) VALUES (10084, 'ОАО «КВАНТ-Н»', 'ОТКРЫТОЕ АКЦИОНЕРНОЕ ОБЩЕСТВО «КВАНТ-Н»', '1037717025884', '7717149230', '771701001', 'г Москва, ул Мытищинская 3-я, д 16', 'Коновалов Александр Владимирович', 'ГЕНЕРАЛЬНЫЙ ДИРЕКТОР');
INSERT INTO esrd.organization (id, short_name_lf, full_name_lf, ogrn, inn, kpp, address, fio_manager, position_manager) VALUES (10199, 'ФГУП "АПК "ВОСКРЕСЕНСКИЙ"', 'ФЕДЕРАЛЬНОЕ ГОСУДАРСТВЕННОЕ УНИТАРНОЕ ПРЕДПРИЯТИЕ "АГРОПРОМЫШЛЕННЫЙ КОМПЛЕКС "ВОСКРЕСЕНСКИЙ" УПРАВЛЕНИЯ ДЕЛАМИ ПРЕЗИДЕНТА РОССИЙСКОЙ ФЕДЕРАЦИИ', '1035000909382', '5003034790', '775101001', 'г Москва, поселение Воскресенское, поселок Воскресенское, д 39А', 'Хазыров Виль Вадитович', 'ГЕНЕРАЛЬНЫЙ ДИРЕКТОР');
INSERT INTO esrd.organization (id, short_name_lf, full_name_lf, ogrn, inn, kpp, address, fio_manager, position_manager) VALUES (10117, 'ООО «ИСТОЧНИК»', 'ОБЩЕСТВО С ОГРАНИЧЕННОЙ ОТВЕТСТВЕННОСТЬЮ «ИСТОЧНИК»', '1035000918952', '5003045746', '775101001', '108814, ГОРОД МОСКВА, ПОСЕЛЕНИЕ СОСЕНСКОЕ, УЛИЦА НИКОЛО-ХОВАНСКАЯ, ДОМ 28, СТРОЕНИЕ 5, ПОМЕЩЕНИЕ А13-1 БЛОК 13 ЭТАЖ 4', 'Нахшунов Лев Ильич', 'ГЕНЕРАЛЬНЫЙ ДИРЕКТОР');
INSERT INTO esrd.organization (id, short_name_lf, full_name_lf, ogrn, inn, kpp, address, fio_manager, position_manager) VALUES (10148, 'ООО «ТЕПЛОСЕТЬЭНЕРГО»', 'ОБЩЕСТВО С ОГРАНИЧЕННОЙ ОТВЕТСТВЕННОСТЬЮ «ТЕПЛОСЕТЬЭНЕРГО»', '1147746382233', '7721828474', '770301001', '123022, ГОРОД МОСКВА, УЛИЦА ЗВЕНИГОРОДСКАЯ 2-Я, ДОМ 13, СТР 41, ЭТ 4 ПОМ I КОМ 15К', 'Данченко Мария Владимировна', 'ГЕНЕРАЛЬНЫЙ ДИРЕКТОР');
INSERT INTO esrd.organization (id, short_name_lf, full_name_lf, ogrn, inn, kpp, address, fio_manager, position_manager) VALUES (10000, 'АО «99 ЗАТО»', 'АКЦИОНЕРНОЕ ОБЩЕСТВО «99 ЗАВОД АВИАЦИОННОГО ТЕХНОЛОГИЧЕСКОГО ОБОРУДОВАНИЯ»', '1147746385500', '7751520180', '775101001', 'г Москва, г Щербинка, ул Дорожная, д 5', '', '');
INSERT INTO esrd.organization (id, short_name_lf, full_name_lf, ogrn, inn, kpp, address, fio_manager, position_manager) VALUES (10031, 'АО «НИИТФА»', 'АКЦИОНЕРНОЕ ОБЩЕСТВО «НАУЧНО-ИССЛЕДОВАТЕЛЬСКИЙ ИНСТИТУТ ТЕХНИЧЕСКОЙ ФИЗИКИ И АВТОМАТИЗАЦИИ»', '5087746235825', '7726606316', '772601001', 'г Москва, Варшавское шоссе, д 46', 'Ковалев Сергей Николаевич', 'ГЕНЕРАЛЬНЫЙ ДИРЕКТОР');
INSERT INTO esrd.organization (id, short_name_lf, full_name_lf, ogrn, inn, kpp, address, fio_manager, position_manager) VALUES (10094, 'ОАО «ТМЗ»', 'ОТКРЫТОЕ АКЦИОНЕРНОЕ ОБЩЕСТВО «ТУШИНСКИЙ МАШИНОСТРОИТЕЛЬНЫЙ ЗАВОД»', '1027700331053', '7733022008', '773301001', 'г Москва, ул Свободы, д 35', 'Адушкин Юрий Алексеевич', 'КОНКУРСНЫЙ УПРАВЛЯЮЩИЙ');
INSERT INTO esrd.organization (id, short_name_lf, full_name_lf, ogrn, inn, kpp, address, fio_manager, position_manager) VALUES (10174, 'ПАО «МОЭК»', 'ПУБЛИЧНОЕ АКЦИОНЕРНОЕ ОБЩЕСТВО «МОСКОВСКАЯ ОБЪЕДИНЕННАЯ ЭНЕРГЕТИЧЕСКАЯ КОМПАНИЯ»', '1047796974092', '7720518494', '772901001', '119526, ГОРОД МОСКВА, ПРОСПЕКТ ВЕРНАДСКОГО, ДОМ 101, КОРПУС 3, ЭТ/КАБ 20/2017', '', '');
INSERT INTO esrd.organization (id, short_name_lf, full_name_lf, ogrn, inn, kpp, address, fio_manager, position_manager) VALUES (10088, 'ОАО «НОВОМОСКОВСКИЙ ТЕХНОПАРК»', 'ОТКРЫТОЕ АКЦИОНЕРНОЕ ОБЩЕСТВО «НОВОМОСКОВСКИЙ ТЕХНОПАРК»', '1025000657648', '5003004676', '500301001', '142700, ОБЛАСТЬ МОСКОВСКАЯ, РАЙОН ЛЕНИНСКИЙ, ГОРОД ВИДНОЕ, УЛИЦА ОЛЬХОВАЯ, ДОМ 8, ПОМ/КОМ 1/9', 'Верушкина Людмила', 'ГЕНЕРАЛЬНЫЙ ДИРЕКТОР');
INSERT INTO esrd.organization (id, short_name_lf, full_name_lf, ogrn, inn, kpp, address, fio_manager, position_manager) VALUES (10158, 'ООО «ЭТК № 2»', 'ОБЩЕСТВО С ОГРАНИЧЕННОЙ ОТВЕТСТВЕННОСТЬЮ «ЭКСПЛУАТАЦИОННО-ТЕХНИЧЕСКАЯ КОМПАНИЯ № 2»', '1057749669581', '7704583464', '775101001', '108814, ГОРОД МОСКВА, ПОСЕЛЕНИЕ СОСЕНСКОЕ, ПОСЕЛОК КОММУНАРКА, УЛИЦА ЛАЗУРНАЯ, ДОМ 3, ЭТ 1 ПОМ IV КОМ 2', 'Белянкин Илья Владимирович', 'ГЕНЕРАЛЬНЫЙ ДИРЕКТОР');
INSERT INTO esrd.organization (id, short_name_lf, full_name_lf, ogrn, inn, kpp, address, fio_manager, position_manager) VALUES (10185, 'НИУ МГСУ, ФГБОУ ВО «НИУ МГСУ«, ФГБОУ ВО »НАЦИОНАЛЬНЫЙ ИССЛЕДОВАТЕЛЬСКИЙ МОСКОВСКИЙ ГОСУДАРСТВЕННЫЙ СТРОИТЕЛЬНЫЙ УНИВЕРСИТЕТ»', 'ФЕДЕРАЛЬНОЕ ГОСУДАРСТВЕННОЕ БЮДЖЕТНОЕ ОБРАЗОВАТЕЛЬНОЕ УЧРЕЖДЕНИЕ ВЫСШЕГО ОБРАЗОВАНИЯ «НАЦИОНАЛЬНЫЙ ИССЛЕДОВАТЕЛЬСКИЙ МОСКОВСКИЙ ГОСУДАРСТВЕННЫЙ СТРОИТЕЛЬНЫЙ УНИВЕРСИТЕТ»', '1027700575044', '7716103391', '771601001', 'г Москва, Ярославское шоссе, д 26', 'Волков Андрей Анатольевич', 'ИСПОЛНЯЮЩИЙ ОБЯЗАННОСТИ РЕКТОРА');
INSERT INTO esrd.organization (id, short_name_lf, full_name_lf, ogrn, inn, kpp, address, fio_manager, position_manager) VALUES (10041, 'АО «ТЭИК»', 'АКЦИОНЕРНОЕ ОБЩЕСТВО «ТЕПЛОЭНЕРГЕТИЧЕСКАЯ ИНВЕСТИЦИОННАЯ КОМПАНИЯ»', '1055014708308', '5036064448', '503601001', 'Московская обл, г Подольск, ул Орджоникидзе, д 8, пом 301', 'Рожко Александр Николаевич', 'ГЕНЕРАЛЬНЫЙ ДИРЕКТОР');
INSERT INTO esrd.organization (id, short_name_lf, full_name_lf, ogrn, inn, kpp, address, fio_manager, position_manager) VALUES (10072, 'АО «СМАК»', 'АКЦИОНЕРНОЕ ОБЩЕСТВО "СЕВЕРНАЯ МОСКОВСКАЯ АКЦИОНЕРНАЯ КОМПАНИЯ "СМАК"', '1027700039388', '7716014889', '771501001', '127410, ГОРОД МОСКВА, ШОССЕ АЛТУФЬЕВСКОЕ, ДОМ 33Г, ЭТ 2 ПОМ III КОМ 1', 'Головков Андрей Анатольевич', 'Генеральный директор');
INSERT INTO esrd.organization (id, short_name_lf, full_name_lf, ogrn, inn, kpp, address, fio_manager, position_manager) VALUES (10014, 'АО "КУРОРТ "МИХАЙЛОВСКОЕ"', 'АКЦИОНЕРНОЕ ОБЩЕСТВО "КУРОРТ "МИХАЙЛОВСКОЕ"', '1025007511605', '5074005348', '775101001', 'г Москва, поселение Михайлово-Ярцевское, село Михайловское', 'Бессонов Дмитрий Анатольевич', 'ГЕНЕРАЛЬНЫЙ ДИРЕКТОР');
INSERT INTO esrd.organization (id, short_name_lf, full_name_lf, ogrn, inn, kpp, address, fio_manager, position_manager) VALUES (10095, 'ООО «АРДИАЙ РЕСУРС»', 'ОБЩЕСТВО С ОГРАНИЧЕННОЙ ОТВЕТСТВЕННОСТЬЮ «АРДИАЙ РЕСУРС»', '1065030021726', '5030055180', '775101001', '108810, ГОРОД МОСКВА, ПОСЕЛЕНИЕ МАРУШКИНСКОЕ, ПОСЕЛОК СОВХОЗА КРЁКШИНО, УЛИЦА МОЛОДЕЖНАЯ, СТРОЕНИЕ 10, ЭТАЖ 2 КАБ 56', 'Овченков Юрий Михайлович', 'ГЕНЕРАЛЬНЫЙ ДИРЕКТОР');
INSERT INTO esrd.organization (id, short_name_lf, full_name_lf, ogrn, inn, kpp, address, fio_manager, position_manager) VALUES (10027, 'АО "НПО "МРТЗ"', 'АКЦИОНЕРНОЕ ОБЩЕСТВО "НАУЧНО-ПРОИЗВОДСТВЕННОЕ ОБЪЕДИНЕНИЕ "МОСКОВСКИЙ РАДИОТЕХНИЧЕСКИЙ ЗАВОД"', '1027739090708', '7731018133', '773101001', 'г Москва, ул Верейская, д 29', 'Бочков Сергей Валентинович', 'ГЕНЕРАЛЬНЫЙ ДИРЕКТОР');
INSERT INTO esrd.organization (id, short_name_lf, full_name_lf, ogrn, inn, kpp, address, fio_manager, position_manager) VALUES (10136, 'ООО «РЭС»', 'ОБЩЕСТВО С ОГРАНИЧЕННОЙ ОТВЕТСТВЕННОСТЬЮ «РЕГИОНЭНЕРГОСЕРВИС»', '1065032059641', '5032159515', '775101001', '108811, ГОРОД МОСКВА, ПОСЕЛЕНИЕ МОСКОВСКИЙ, ГОРОД МОСКОВСКИЙ, ПРОЕЗД ПЕРЕДЕЛЬЦЕВСКИЙ, СТРОЕНИЕ 2, ЭТАЖ 2 КАБ 20', 'Тимошенко Алексей Борисович', 'ГЕНЕРАЛЬНЫЙ ДИРЕКТОР');
INSERT INTO esrd.organization (id, short_name_lf, full_name_lf, ogrn, inn, kpp, address, fio_manager, position_manager) VALUES (10167, 'ООО ИПГ «СИНЭФ»', 'ОБЩЕСТВО С ОГРАНИЧЕННОЙ ОТВЕТСТВЕННОСТЬЮ ИНВЕСТИЦИОННО-ПРОЕКТНАЯ ГРУППА «СИНЭФ»', '5067746962070', '7719606210', '772501001', '115114, ГОРОД МОСКВА, ПРОЕЗД ПАВЕЛЕЦКИЙ 2-Й, ДОМ 5, СТРОЕНИЕ 1, Э 2 ПОМ IV К 18 ОФ 15', 'Шелобанова Юлия Павловна', 'ГЕНЕРАЛЬНЫЙ ДИРЕКТОР');
INSERT INTO esrd.organization (id, short_name_lf, full_name_lf, ogrn, inn, kpp, address, fio_manager, position_manager) VALUES (10006, 'АО «ГОЗНАК»', 'АКЦИОНЕРНОЕ ОБЩЕСТВО «ГОЗНАК»', '1167847225281', '7813252159', '781301001', 'г Санкт-Петербург, тер Петропавловская Крепость, д 3 литер г', 'Трачук Аркадий Владимирович', 'ГЕНЕРАЛЬНЫЙ ДИРЕКТОР');
INSERT INTO esrd.organization (id, short_name_lf, full_name_lf, ogrn, inn, kpp, address, fio_manager, position_manager) VALUES (10116, 'ООО «ИНЖТРАСС-СТРОЙ»', 'ОБЩЕСТВО С ОГРАНИЧЕННОЙ ОТВЕТСТВЕННОСТЬЮ «ИНЖТРАСС-СТРОЙ»', '1027739793883', '7723159532', '772901001', '119454, ГОРОД МОСКВА, ПРОСПЕКТ ВЕРНАДСКОГО, ДОМ 78, СТРОЕНИЕ 7, ЭТАЖ 3 ПОМ.I КОМН.59Б', 'Бублик Татьяна Викторовна', 'КОНКУРСНЫЙ УПРАВЛЯЮЩИЙ');
INSERT INTO esrd.organization (id, short_name_lf, full_name_lf, ogrn, inn, kpp, address, fio_manager, position_manager) VALUES (10147, 'ООО «ТЕПЛОСЕРВИС»', 'ОБЩЕСТВО С ОГРАНИЧЕННОЙ ОТВЕТСТВЕННОСТЬЮ «ТЕПЛОСЕРВИС»', '1115074008191', '5074117066', '775101001', 'г Москва, поселение Рязановское, поселок Знамя Октября, мкр Родники, д 5, оф 2', 'Пучнин Петр Павлович', 'Генеральный директор');
INSERT INTO esrd.organization (id, short_name_lf, full_name_lf, ogrn, inn, kpp, address, fio_manager, position_manager) VALUES (10196, 'ФГУП "НТЦ "АТЛАС"', 'ФЕДЕРАЛЬНОЕ ГОСУДАРСТВЕННОЕ УНИТАРНОЕ ПРЕДПРИЯТИЕ "НАУЧНО-ТЕХНИЧЕСКИЙ ЦЕНТР "АТЛАС"', '1027739411402', '7715027275', '771501001', 'г Москва, ул Образцова, д 38', 'Гридин Александр Николаевич', 'ВРЕМЕННО ИСПОЛНЯЮЩИЙ ОБЯЗАННОСТИ ГЕНЕРАЛЬНОГО ДИРЕКТОРА');
INSERT INTO esrd.organization (id, short_name_lf, full_name_lf, ogrn, inn, kpp, address, fio_manager, position_manager) VALUES (10062, 'ГУП «ЭКОТЕХПРОМ»', 'ГОСУДАРСТВЕННОЕ УНИТАРНОЕ ПРЕДПРИЯТИЕ ГОРОДА МОСКВЫ «ЭКОТЕХПРОМ»', '1027739016161', '7706043312', '770601001', 'г Москва, ул Полянка Б., д 42 стр 1', 'Чиркин Андрей Борисович', 'ГЕНЕРАЛЬНЫЙ ДИРЕКТОР');
INSERT INTO esrd.organization (id, short_name_lf, full_name_lf, ogrn, inn, kpp, address, fio_manager, position_manager) VALUES (10093, 'АО «ТСОЮЗ»', 'АКЦИОНЕРНОЕ ОБЩЕСТВО «ТЕРРИТОРИАЛЬНАЯ СЕТЕВАЯ ОРГАНИЗАЦИЯ ЮГО-ЗАПАДА»', '1137746517809', '7727807054', '772701001', 'г Москва, ул Профсоюзная, д 3, пом 308', 'Хачатуров Дмитрий Олегович', 'ГЕНЕРАЛЬНЫЙ ДИРЕКТОР');
INSERT INTO esrd.organization (id, short_name_lf, full_name_lf, ogrn, inn, kpp, address, fio_manager, position_manager) VALUES (10160, 'ООО «ЭНЕРГИЯ ТЕПЛА»', 'ОБЩЕСТВО С ОГРАНИЧЕННОЙ ОТВЕТСТВЕННОСТЬЮ «ЭНЕРГИЯ ТЕПЛА»', '1107746501807', '7724751741', '772401001', 'г Москва, Каширское шоссе, д 5 к 1, комн 2', 'Гольцев Павел Евгеньевич', 'Генеральный директор');
INSERT INTO esrd.organization (id, short_name_lf, full_name_lf, ogrn, inn, kpp, address, fio_manager, position_manager) VALUES (10145, 'ООО «ТЕПЛОВИК»', 'ОБЩЕСТВО С ОГРАНИЧЕННОЙ ОТВЕТСТВЕННОСТЬЮ «ТЕПЛОВИК»', '1147746872855', '7705365268', '770501001', '115035, ГОРОД МОСКВА, УЛИЦА САДОВНИЧЕСКАЯ, ДОМ 82, СТРОЕНИЕ 2, ПОМ/ЭТ/КОМ Х/1/52', 'Васильев Александр Николаевич', 'ГЕНЕРАЛЬНЫЙ ДИРЕКТОР');
INSERT INTO esrd.organization (id, short_name_lf, full_name_lf, ogrn, inn, kpp, address, fio_manager, position_manager) VALUES (10201, 'ФКУЗ «САНАТОРИЙ «ВАТУТИНКИ» МВД РОССИИ»', 'ФЕДЕРАЛЬНОЕ КАЗЕННОЕ УЧРЕЖДЕНИЕ ЗДРАВООХРАНЕНИЯ «САНАТОРИЙ «ВАТУТИНКИ» МИНИСТЕРСТВА ВНУТРЕННИХ ДЕЛ РОССИЙСКОЙ ФЕДЕРАЦИИ»', '1025006034569', '5046005882', '775101001', 'г Москва, г Троицк', 'Кустов Анатолий Иванович', 'НАЧАЛЬНИК');
INSERT INTO esrd.organization (id, short_name_lf, full_name_lf, ogrn, inn, kpp, address, fio_manager, position_manager) VALUES (10126, 'ООО «НОВОЕ СТРОИТЕЛЬСТВО»', 'ОБЩЕСТВО С ОГРАНИЧЕННОЙ ОТВЕТСТВЕННОСТЬЮ «НОВОЕ СТРОИТЕЛЬСТВО»', '1047796627845', '7709563302', '770901001', 'г Москва, ул Марксистская, д 34 к 7', 'Бугай Дмитрий Александрович', 'ГЕНЕРАЛЬНЫЙ ДИРЕКТОР');
INSERT INTO esrd.organization (id, short_name_lf, full_name_lf, ogrn, inn, kpp, address, fio_manager, position_manager) VALUES (10157, 'ООО «ТЭКЭНЕРГО»', 'ОБЩЕСТВО С ОГРАНИЧЕННОЙ ОТВЕТСТВЕННОСТЬЮ «ТЭКЭНЕРГО»', '1137746868775', '7701371736', '772801001', '117463, ГОРОД МОСКВА, ПРОСПЕКТ НОВОЯСЕНЕВСКИЙ, ДОМ 32, КОРПУС 1, ПОМЕЩЕНИЕ VI КОМНАТА 2 ОФИС 51', '', '');
INSERT INTO esrd.organization (id, short_name_lf, full_name_lf, ogrn, inn, kpp, address, fio_manager, position_manager) VALUES (10186, 'ФГБОУ ВО "НИУ "МЭИ"', 'ФЕДЕРАЛЬНОЕ ГОСУДАРСТВЕННОЕ БЮДЖЕТНОЕ ОБРАЗОВАТЕЛЬНОЕ УЧРЕЖДЕНИЕ ВЫСШЕГО ОБРАЗОВАНИЯ "НАЦИОНАЛЬНЫЙ ИССЛЕДОВАТЕЛЬСКИЙ УНИВЕРСИТЕТ "МЭИ"', '1027700251644', '7722019652', '772201001', 'г Москва, ул Красноказарменная, д 14', 'Рогалев Николай Дмитриевич', 'РЕКТОР');
INSERT INTO esrd.organization (id, short_name_lf, full_name_lf, ogrn, inn, kpp, address, fio_manager, position_manager) VALUES (10040, 'АО "ТПО "КИНОСТУДИЯ ИМ. М. ГОРЬКОГО"', 'АКЦИОНЕРНОЕ ОБЩЕСТВО "ТВОРЧЕСКО-ПРОИЗВОДСТВЕННОЕ ОБЪЕДИНЕНИЕ "ЦЕНТРАЛЬНАЯ КИНОСТУДИЯ ДЕТСКИХ И ЮНОШЕСКИХ ФИЛЬМОВ ИМ. М. ГОРЬКОГО"', '1037717030537', '7717149198', '771701001', 'г Москва, ул Сергея Эйзенштейна, д 8', 'Зернов Сергей Анатольевич', 'ГЕНЕРАЛЬНЫЙ ДИРЕКТОР');
INSERT INTO esrd.organization (id, short_name_lf, full_name_lf, ogrn, inn, kpp, address, fio_manager, position_manager) VALUES (10071, 'ЗАО "САНАТОРИЙ "ЕРИНО"', 'ЗАКРЫТОЕ АКЦИОНЕРНОЕ ОБЩЕСТВО "САНАТОРИЙ "ЕРИНО"', '1025007509372', '5074017181', '775101001', 'г Москва, поселение Рязановское, поселок Ерино', 'Прокопюк Юрий Петрович', 'ИСПОЛНЯЮЩИЙ ОБЯЗАННОСТИ ГЕНЕРАЛЬНОГО ДИРЕКТОРА');
INSERT INTO esrd.organization (id, short_name_lf, full_name_lf, ogrn, inn, kpp, address, fio_manager, position_manager) VALUES (10135, 'ООО «ПРП ЭНЕРГО»', 'ОБЩЕСТВО С ОГРАНИЧЕННОЙ ОТВЕТСТВЕННОСТЬЮ «ПРП ЭНЕРГО»', '1127746073652', '7721749173', '771501001', 'г Москва, ул Гостиничная, д 3, оф 418', 'Шведов Денис Сергеевич', 'КОНКУРСНЫЙ УПРАВЛЯЮЩИЙ');
INSERT INTO esrd.organization (id, short_name_lf, full_name_lf, ogrn, inn, kpp, address, fio_manager, position_manager) VALUES (10166, 'ООО АВИАПРЕДПРИЯТИЕ «ГАЗПРОМ АВИА»', 'ОБЩЕСТВО С ОГРАНИЧЕННОЙ ОТВЕТСТВЕННОСТЬЮ АВИАПРЕДПРИЯТИЕ «ГАЗПРОМ АВИА»', '1025007509768', '7736046504', '775101001', 'г Москва, поселение Рязановское, п/о Рязаново, тер Остафьево Аэропорт', 'Овчаренко Андрей Станиславович', 'ГЕНЕРАЛЬНЫЙ ДИРЕКТОР');
INSERT INTO esrd.organization (id, short_name_lf, full_name_lf, ogrn, inn, kpp, address, fio_manager, position_manager) VALUES (10007, 'АО «ГНЦ РФ ТРИНИТИ»', 'АКЦИОНЕРНОЕ ОБЩЕСТВО «ГОСУДАРСТВЕННЫЙ НАУЧНЫЙ ЦЕНТР РОССИЙСКОЙ ФЕДЕРАЦИИ ТРОИЦКИЙ ИНСТИТУТ ИННОВАЦИОННЫХ И ТЕРМОЯДЕРНЫХ ИССЛЕДОВАНИЙ»', '1157746176400', '7751002460', '775101001', 'г Москва, г Троицк, ул Пушковых, влд 12', 'Марков Дмитрий Владимирович', 'ГЕНЕРАЛЬНЫЙ ДИРЕКТОР');
INSERT INTO esrd.organization (id, short_name_lf, full_name_lf, ogrn, inn, kpp, address, fio_manager, position_manager) VALUES (10051, 'АО «ЭНЕРГОКОМПЛЕКС»', 'АКЦИОНЕРНОЕ ОБЩЕСТВО «ЭНЕРГОКОМПЛЕКС»', '1047796933447', '7714580857', '774501001', 'г Москва, Остаповский проезд, д 4 стр 28', 'Майоров Андрей Владимирович', 'ГЕНЕРАЛЬНЫЙ ДИРЕКТОР');
INSERT INTO esrd.organization (id, short_name_lf, full_name_lf, ogrn, inn, kpp, address, fio_manager, position_manager) VALUES (10104, 'ООО «ГОРТЕПЛО»', 'ОБЩЕСТВО С ОГРАНИЧЕННОЙ ОТВЕТСТВЕННОСТЬЮ «ГОРОДСКОЕ ТЕПЛОСНАБЖЕНИЕ»', '1167746243675', '7702398730', '770201001', '129110, ГОРОД МОСКВА, ПЕРЕУЛОК ОРЛОВО-ДАВЫДОВСКИЙ, ДОМ 1, ПОМЕЩЕНИЕ III', 'Волков Денис Викторович', 'ГЕНЕРАЛЬНЫЙ ДИРЕКТОР');
INSERT INTO esrd.organization (id, short_name_lf, full_name_lf, ogrn, inn, kpp, address, fio_manager, position_manager) VALUES (10142, 'ООО «СОЦИУМ-СОКОЛ»', 'ОБЩЕСТВО С ОГРАНИЧЕННОЙ ОТВЕТСТВЕННОСТЬЮ «СОЦИУМ-СОКОЛ»', '1077746306241', '7743629970', '774301001', 'г Москва, Ленинградский пр-кт, д 80 к 16', 'Данько Андрей Вячеславович', 'ГЕНЕРАЛЬНЫЙ ДИРЕКТОР');
INSERT INTO esrd.organization (id, short_name_lf, full_name_lf, ogrn, inn, kpp, address, fio_manager, position_manager) VALUES (10115, 'ООО «ИНЖРЕМОНТСЕРВИС»', 'ОБЩЕСТВО С ОГРАНИЧЕННОЙ ОТВЕТСТВЕННОСТЬЮ «ИНЖРЕМОНТСЕРВИС»', '1027739332170', '7715021530', '771501001', '127018, ГОРОД МОСКВА, УЛИЦА СУЩЁВСКИЙ ВАЛ, ДОМ 43, ЭТАЖ 3 ПОМЕЩЕНИЕ 36.10.ПОМ 1', 'Нестурх Юрий Андреевич', 'Генеральный директор');
INSERT INTO esrd.organization (id, short_name_lf, full_name_lf, ogrn, inn, kpp, address, fio_manager, position_manager) VALUES (10118, 'ООО "КОМПЛЕКСНЫЕ СИСТЕМЫ "А"', 'ОБЩЕСТВО С ОГРАНИЧЕННОЙ ОТВЕТСТВЕННОСТЬЮ "КОМПЛЕКСНЫЕ СИСТЕМЫ "А"', '1157746269350', '7709453476', '775101001', 'г Москва, поселение Десеновское, Буковая аллея, д 2 соор 1', 'Глушковский Андрей Дмитриевич', 'ГЕНЕРАЛЬНЫЙ ДИРЕКТОР');
INSERT INTO esrd.organization (id, short_name_lf, full_name_lf, ogrn, inn, kpp, address, fio_manager, position_manager) VALUES (10163, 'ООО «ЭНЕРГОСЕТИ»', 'ОБЩЕСТВО С ОГРАНИЧЕННОЙ ОТВЕТСТВЕННОСТЬЮ «ЭНЕРГЕТИЧЕСКИЕ СЕТИ»', '5107746050616', '7731663126', '773101001', 'г Москва, ул Верейская, д 29 стр 43', 'Косин Владимир Вениаминович', 'ГЕНЕРАЛЬНЫЙ ДИРЕКТОР');
INSERT INTO esrd.organization (id, short_name_lf, full_name_lf, ogrn, inn, kpp, address, fio_manager, position_manager) VALUES (10127, 'ООО «НЬЮ ПРОПЕРТИ»', 'ОБЩЕСТВО С ОГРАНИЧЕННОЙ ОТВЕТСТВЕННОСТЬЮ «НЬЮ ПРОПЕРТИ»', '1117746537952', '7743822973', '774301001', '125502, ГОРОД МОСКВА, УЛИЦА ПЕТРОЗАВОДСКАЯ, ДОМ 9, КОРПУС 2, Э 1 ПОМ VIII КОМН 1 (РМД2)', 'Долгов Алексей Леонидович', 'ГЕНЕРАЛЬНЫЙ ДИРЕКТОР');
INSERT INTO esrd.organization (id, short_name_lf, full_name_lf, ogrn, inn, kpp, address, fio_manager, position_manager) VALUES (10030, 'АО "НПЦ ГАЗОТУРБОСТРОЕНИЯ "САЛЮТ"', 'АКЦИОНЕРНОЕ ОБЩЕСТВО "НАУЧНО-ПРОИЗВОДСТВЕННЫЙ ЦЕНТР ГАЗОТУРБОСТРОЕНИЯ "САЛЮТ"', '1157746315539', '7719409437', '771901001', 'г Москва, пр-кт Будённого, д 16 к 2', '', '');
INSERT INTO esrd.organization (id, short_name_lf, full_name_lf, ogrn, inn, kpp, address, fio_manager, position_manager) VALUES (10061, 'ГУП «СТРОЙЭКСПРОМ»', 'ГОСУДАРСТВЕННОЕ УНИТАРНОЕ ПРЕДПРИЯТИЕ ГОРОДА МОСКВЫ «СТРОИТЕЛЬСТВО И ЭКСПЛУАТАЦИЯ ПРОМЫШЛЕННЫХ ОБЪЕКТОВ»', '1037739298068', '7718015479', '772301001', 'г Москва, Волгоградский пр-кт, д 42 к 13', 'Ищенко Игорь Владимирович', 'ГЕНЕРАЛЬНЫЙ ДИРЕКТОР');
INSERT INTO esrd.organization (id, short_name_lf, full_name_lf, ogrn, inn, kpp, address, fio_manager, position_manager) VALUES (10092, 'ОАО «РСП»', 'ОТКРЫТОЕ АКЦИОНЕРНОЕ ОБЩЕСТВО «РЕМОНТНО-СТРОИТЕЛЬНОЕ ПРЕДПРИЯТИЕ»', '1105074005332', '5074114756', '507401001', 'Московская обл, г Подольск, поселок Кузнечики, ул Октябрьский мост, д 8А', 'Ильин Николай Васильевич', 'ГЕНЕРАЛЬНЫЙ ДИРЕКТОР');
INSERT INTO esrd.organization (id, short_name_lf, full_name_lf, ogrn, inn, kpp, address, fio_manager, position_manager) VALUES (10192, 'ФГБУ «ЦЖКУ» МИНОБОРОНЫ РОССИИ', 'ФЕДЕРАЛЬНОЕ ГОСУДАРСТВЕННОЕ БЮДЖЕТНОЕ УЧРЕЖДЕНИЕ «ЦЕНТРАЛЬНОЕ ЖИЛИЩНО-КОММУНАЛЬНОЕ УПРАВЛЕНИЕ» МИНИСТЕРСТВА ОБОРОНЫ РОССИЙСКОЙ ФЕДЕРАЦИИ', '1027700430889', '7729314745', '770101001', 'г Москва, ул Спартаковская, д 2Б', 'Жданов Александр Анатольевич', 'НАЧАЛЬНИК');
INSERT INTO esrd.organization (id, short_name_lf, full_name_lf, ogrn, inn, kpp, address, fio_manager, position_manager) VALUES (10125, 'ООО «НАГАТИНО-ЭНЕРГОСЕТЬ»', 'ОБЩЕСТВО С ОГРАНИЧЕННОЙ ОТВЕТСТВЕННОСТЬЮ «НАГАТИНО-ЭНЕРГОСЕТЬ»', '5087746296127', '7725648497', '772501001', 'г Москва, пр-кт Андропова, д 22, комн 45А', 'Панченко Кирилл Анатольевич', 'ГЕНЕРАЛЬНЫЙ ДИРЕКТОР');
INSERT INTO esrd.organization (id, short_name_lf, full_name_lf, ogrn, inn, kpp, address, fio_manager, position_manager) VALUES (10156, 'ООО «ТСК НОВАЯ МОСКВА»', 'ОБЩЕСТВО С ОГРАНИЧЕННОЙ ОТВЕТСТВЕННОСТЬЮ «ТСК НОВАЯ МОСКВА»', '1125034001058', '5034043820', '772901001', 'г Москва, ул Терёшково, д 3', '', '');
INSERT INTO esrd.organization (id, short_name_lf, full_name_lf, ogrn, inn, kpp, address, fio_manager, position_manager) VALUES (10146, 'ООО «ТЕПЛОРЕСУРС»', 'ОБЩЕСТВО С ОГРАНИЧЕННОЙ ОТВЕТСТВЕННОСТЬЮ «ТЕПЛОРЕСУРС»', '1137746571423', '7751513055', '775101001', '108851, ГОРОД МОСКВА, ГОРОД ЩЕРБИНКА, УЛИЦА ЖЕЛЕЗНОДОРОЖНАЯ, ДОМ 32, СТРОЕНИЕ 2, ЭТАЖ 2 ПОМ 4', 'Ефременко Сергей Валерьевич', 'ДИРЕКТОР');
INSERT INTO esrd.organization (id, short_name_lf, full_name_lf, ogrn, inn, kpp, address, fio_manager, position_manager) VALUES (10008, 'АО «ГУ ЖКХ»', 'АКЦИОНЕРНОЕ ОБЩЕСТВО «ГЛАВНОЕ УПРАВЛЕНИЕ ЖИЛИЩНО-КОММУНАЛЬНОГО ХОЗЯЙСТВА»', '1095110000325', '5116000922', '770101001', '105005, ГОРОД МОСКВА, ПЕРЕУЛОК ПОСЛАННИКОВ, ДОМ 3, СТРОЕНИЕ 5, ЭТАЖ 1 ОФИС 1', 'Волокитин Дмитрий Александрович', 'ГЕНЕРАЛЬНЫЙ ДИРЕКТОР');
INSERT INTO esrd.organization (id, short_name_lf, full_name_lf, ogrn, inn, kpp, address, fio_manager, position_manager) VALUES (10070, 'ЗАО «РИСТОКА»', 'ЗАКРЫТОЕ АКЦИОНЕРНОЕ ОБЩЕСТВО «РИСТОКА»', '1027700582843', '7722201848', '772201001', '109316, ГОРОД МОСКВА, УЛИЦА ТАЛАЛИХИНА, 41, 14', 'Ерхов Леонид Владимирович', 'ГЕНЕРАЛЬНЫЙ ДИРЕКТОР');
INSERT INTO esrd.organization (id, short_name_lf, full_name_lf, ogrn, inn, kpp, address, fio_manager, position_manager) VALUES (10187, 'НИЦ «КУРЧАТОВСКИЙ ИНСТИТУТ» - ИТЭФ', 'ФЕДЕРАЛЬНОЕ ГОСУДАРСТВЕННОЕ БЮДЖЕТНОЕ УЧРЕЖДЕНИЕ "ИНСТИТУТ ТЕОРЕТИЧЕСКОЙ И ЭКСПЕРИМЕНТАЛЬНОЙ ФИЗИКИ ИМЕНИ А.И. АЛИХАНОВА НАЦИОНАЛЬНОГО ИССЛЕДОВАТЕЛЬСКОГО ЦЕНТРА "КУРЧАТОВСКИЙ ИНСТИТУТ"', '1127746291848', '7727777000', '772701001', 'г Москва, ул Черёмушкинская Б., д 25', 'Егорычев Виктор Юрьевич', 'ДИРЕКТОР');
INSERT INTO esrd.organization (id, short_name_lf, full_name_lf, ogrn, inn, kpp, address, fio_manager, position_manager) VALUES (10002, 'АО «ВНИИХТ»', 'АКЦИОНЕРНОЕ ОБЩЕСТВО «ВЕДУЩИЙ НАУЧНО-ИССЛЕДОВАТЕЛЬСКИЙ ИНСТИТУТ ХИМИЧЕСКОЙ ТЕХНОЛОГИИ»', '5087746165910', '7724675770', '772401001', 'г Москва, Каширское шоссе, д 33', 'Бештоев Бетал Заурбекович', 'ГЕНЕРАЛЬНЫЙ ДИРЕКТОР');
INSERT INTO esrd.organization (id, short_name_lf, full_name_lf, ogrn, inn, kpp, address, fio_manager, position_manager) VALUES (10012, 'АО «СКЛ»', 'АКЦИОНЕРНОЕ ОБЩЕСТВО «СБЫТОВАЯ КОМПАНИЯ ЛУЧ»', '1095018009019', '5018141474', '501801001', 'Московская обл, г Королев, ул Грабина, д 18, пом 1', 'Бойцов Владимир Владимирович', 'ДИРЕКТОР');
INSERT INTO esrd.organization (id, short_name_lf, full_name_lf, ogrn, inn, kpp, address, fio_manager, position_manager) VALUES (10165, 'ООО «ЭНЕРГОЦЕНТР»', 'ОБЩЕСТВО С ОГРАНИЧЕННОЙ ОТВЕТСТВЕННОСТЬЮ «ЭНЕРГОЦЕНТР»', '1147746796427', '7722848963', '772501001', 'г Москва, ул Автозаводская, д 23А к 3', 'Енин Дмитрий Александрович', 'ГЕНЕРАЛЬНЫЙ ДИРЕКТОР');
INSERT INTO esrd.organization (id, short_name_lf, full_name_lf, ogrn, inn, kpp, address, fio_manager, position_manager) VALUES (10177, 'ПАО «ФСК ЕЭС»', 'ПУБЛИЧНОЕ АКЦИОНЕРНОЕ ОБЩЕСТВО «ФЕДЕРАЛЬНАЯ СЕТЕВАЯ КОМПАНИЯ ЕДИНОЙ ЭНЕРГЕТИЧЕСКОЙ СИСТЕМЫ»', '1024701893336', '4716016979', '772801001', 'г Москва, ул Академика Челомея, д 5А', 'Муров Андрей Евгеньевич', 'ПРЕДСЕДАТЕЛЬ ПРАВЛЕНИЯ');
INSERT INTO esrd.organization (id, short_name_lf, full_name_lf, ogrn, inn, kpp, address, fio_manager, position_manager) VALUES (10034, 'АО «ОБОРОНЭНЕРГОСБЫТ»', 'АКЦИОНЕРНОЕ ОБЩЕСТВО «ОБОРОНЭНЕРГОСБЫТ»', '1097746448315', '7704731218', '771501001', 'г Москва, ул Образцова, д 4А к 1', 'Гиченко Алексей Юрьевич', 'КОНКУРСНЫЙ УПРАВЛЯЮЩИЙ');
INSERT INTO esrd.organization (id, short_name_lf, full_name_lf, ogrn, inn, kpp, address, fio_manager, position_manager) VALUES (10018, 'АО «МОСВОДОКАНАЛ»', 'АКЦИОНЕРНОЕ ОБЩЕСТВО «МОСВОДОКАНАЛ»', '1127747298250', '7701984274', '770101001', 'г Москва, Плетешковский пер, д 2', 'Пономаренко Александр Михайлович', 'ГЕНЕРАЛЬНЫЙ ДИРЕКТОР ОАО "МОСВОДОКАНАЛ"');
INSERT INTO esrd.organization (id, short_name_lf, full_name_lf, ogrn, inn, kpp, address, fio_manager, position_manager) VALUES (10103, 'ООО «ГИДРОИНЖ»', 'ОБЩЕСТВО С ОГРАНИЧЕННОЙ ОТВЕТСТВЕННОСТЬЮ «ГИДРОИНЖ»', '1187746779582', '7751147680', '775101001', '108814, ГОРОД МОСКВА, ПОСЕЛЕНИЕ СОСЕНСКОЕ, ПОСЕЛОК КОММУНАРКА, УЛИЦА ЛАЗУРНАЯ, ДОМ 3, ЭТ/ПОМ/КОМ 1/IV/2', 'Белянкин Илья Владимирович', 'ГЕНЕРАЛЬНЫЙ ДИРЕКТОР');
INSERT INTO esrd.organization (id, short_name_lf, full_name_lf, ogrn, inn, kpp, address, fio_manager, position_manager) VALUES (10023, 'АО «НИУИФ»', 'АКЦИОНЕРНОЕ ОБЩЕСТВО «НАУЧНО-ИССЛЕДОВАТЕЛЬСКИЙ ИНСТИТУТ ПО УДОБРЕНИЯМ И ИНСЕКТОФУНГИЦИДАМ ИМЕНИ ПРОФЕССОРА Я.В.САМОЙЛОВА»', '1027700150257', '7736032036', '352801001', 'Вологодская обл, г Череповец, Северное шоссе, д 75', 'Поздеев Кирилл Николаевич', 'ГЕНЕРАЛЬНЫЙ ДИРЕКТОР');
INSERT INTO esrd.organization (id, short_name_lf, full_name_lf, ogrn, inn, kpp, address, fio_manager, position_manager) VALUES (10019, 'АО «МОСГАЗ»', 'АКЦИОНЕРНОЕ ОБЩЕСТВО «МОСГАЗ»', '1127747295686', '7709919968', '770901001', 'г Москва, Мрузовский пер, д 11 стр 1', 'Гасангаджиев Гасан Гизбуллагович', 'ГЕНЕРАЛЬНЫЙ ДИРЕКТОР');
INSERT INTO esrd.organization (id, short_name_lf, full_name_lf, ogrn, inn, kpp, address, fio_manager, position_manager) VALUES (10114, 'ООО «ИС 1»', 'ОБЩЕСТВО С ОГРАНИЧЕННОЙ ОТВЕТСТВЕННОСТЬЮ «ИНЖЕНЕРНЫЕ СИСТЕМЫ 1»', '1187746281502', '7751141030', '775101001', 'г Москва, ул Нововатутинская 3-я, д 7, пом 18', 'Веселов Андрей Александрович', 'ГЕНЕРАЛЬНЫЙ ДИРЕКТОР');
INSERT INTO esrd.organization (id, short_name_lf, full_name_lf, ogrn, inn, kpp, address, fio_manager, position_manager) VALUES (10077, 'МУП «ТРОИЦКТЕПЛОЭНЕРГО»', '"МУНИЦИПАЛЬНОЕ УНИТАРНОЕ ПРЕДПРИЯТИЕ "ТРОИЦКТЕПЛОЭНЕРГО"', '1025006035636', '5046049865', '775101001', 'г Москва, г Троицк, ул Лесная, д 8А', 'Егорычев Михаил Юрьевич', 'ДИРЕКТОР');
INSERT INTO esrd.organization (id, short_name_lf, full_name_lf, ogrn, inn, kpp, address, fio_manager, position_manager) VALUES (10176, 'АО «МОСЭНЕРГОСБЫТ»', 'АКЦИОНЕРНОЕ ОБЩЕСТВО «МОСЭНЕРГОСБЫТ»', '1057746557329', '7736520080', '773601001', 'г Москва, ул Вавилова, д 9', 'Ковалев Андрей Викторович', 'ГЕНЕРАЛЬНЫЙ ДИРЕКТОР');
INSERT INTO esrd.organization (id, short_name_lf, full_name_lf, ogrn, inn, kpp, address, fio_manager, position_manager) VALUES (10052, 'АО «ГКНПЦ ИМ. М.В. ХРУНИЧЕВА»', 'АКЦИОНЕРНОЕ ОБЩЕСТВО «ГОСУДАРСТВЕННЫЙ КОСМИЧЕСКИЙ НАУЧНО-ПРОИЗВОДСТВЕННЫЙ ЦЕНТР ИМЕНИ М.В. ХРУНИЧЕВА»', '5177746220361', '7730239877', '773001001', 'г Москва, ул Новозаводская, д 18', 'Варочко Алексей Григорьевич', 'ГЕНЕРАЛЬНЫЙ ДИРЕКТОР');
INSERT INTO esrd.organization (id, short_name_lf, full_name_lf, ogrn, inn, kpp, address, fio_manager, position_manager) VALUES (10060, 'ГУП «МОСКОВСКИЙ МЕТРОПОЛИТЕН»', 'ГОСУДАРСТВЕННОЕ УНИТАРНОЕ ПРЕДПРИЯТИЕ ГОРОДА МОСКВЫ «МОСКОВСКИЙ ОРДЕНА ЛЕНИНА И ОРДЕНА ТРУДОВОГО КРАСНОГО ЗНАМЕНИ МЕТРОПОЛИТЕН ИМЕНИ В.И. ЛЕНИНА»', '1027700096280', '7702038150', '770201001', 'г Москва, пр-кт Мира, д 41 стр 2', 'Козловский Виктор Николаевич', 'НАЧАЛЬНИК МЕТРОПОЛИТЕНА');
INSERT INTO esrd.organization (id, short_name_lf, full_name_lf, ogrn, inn, kpp, address, fio_manager, position_manager) VALUES (10080, 'ООО «АВАНГАРД-АГРО-ТУЛА»', 'ОБЩЕСТВО С ОГРАНИЧЕННОЙ ОТВЕТСТВЕННОСТЬЮ «АВАНГАРД-АГРО-ТУЛА»', '1147154043717', '7107553032', '710701001', 'г Тула, ул Советская, д 59', 'Лещёв Максим Викторович', 'ГЕНЕРАЛЬНЫЙ ДИРЕКТОР');
INSERT INTO esrd.organization (id, short_name_lf, full_name_lf, ogrn, inn, kpp, address, fio_manager, position_manager) VALUES (10044, 'АО «ТРОИЦКАЯ КАМВОЛЬНАЯ ФАБРИКА»', 'АКЦИОНЕРНОЕ ОБЩЕСТВО «ТРОИЦКАЯ КАМВОЛЬНАЯ ФАБРИКА»', '1025006038342', '5046005770', '682901001', 'г Тамбов, б-р Строителей, д 4 литер ш, пом 5', 'Колесников Алексей Владимирович', 'ГЕНЕРАЛЬНЫЙ ДИРЕКТОР');
INSERT INTO esrd.organization (id, short_name_lf, full_name_lf, ogrn, inn, kpp, address, fio_manager, position_manager) VALUES (10106, 'ООО «ГРАДИНВЕСТ»', 'ОБЩЕСТВО С ОГРАНИЧЕННОЙ ОТВЕТСТВЕННОСТЬЮ «ГРАДИНВЕСТ»', '5087746141522', '7729609724', '500101001', 'Московская обл, г Балашиха, мкр 1 Мая, д 39', 'Рулев Игорь Сергеевич', 'ГЕНЕРАЛЬНЫЙ ДИРЕКТОР');
INSERT INTO esrd.organization (id, short_name_lf, full_name_lf, ogrn, inn, kpp, address, fio_manager, position_manager) VALUES (10202, 'ГУП «МОСАВТОТРАНС»', 'ГОСУДАРСТВЕННОЕ УНИТАРНОЕ ПРЕДПРИЯТИЕ ГОРОДА МОСКВЫ «МОСАВТОТРАНС»', '1027739240825', '7710308586', '771001001', 'г Москва, ул Бутырский Вал, д 22 стр 3', 'Трухманова Марина Александровна', 'Руководитель ликвидационной комиссии');
INSERT INTO esrd.organization (id, short_name_lf, full_name_lf, ogrn, inn, kpp, address, fio_manager, position_manager) VALUES (10124, 'ООО «МПЗ»', 'ОБЩЕСТВО С ОГРАНИЧЕННОЙ ОТВЕТСТВЕННОСТЬЮ «МОСКОВСКИЙ ПРОЖЕКТОРНЫЙ ЗАВОД»', '5147746193898', '7720827686', '772001001', 'г Москва, шоссе Энтузиастов, д 56 стр 33', 'Дробыш Игорь Васильевич', 'ГЕНЕРАЛЬНЫЙ ДИРЕКТОР');
INSERT INTO esrd.organization (id, short_name_lf, full_name_lf, ogrn, inn, kpp, address, fio_manager, position_manager) VALUES (10155, 'ООО «ТЕХПРОМЭКСПЕРТ»', 'ОБЩЕСТВО С ОГРАНИЧЕННОЙ ОТВЕТСТВЕННОСТЬЮ «ТЕХПРОМЭКСПЕРТ»', '1117746620166', '7706760077', '773001001', '121170, ГОРОД МОСКВА, ПРОСПЕКТ КУТУЗОВСКИЙ, ДОМ 36, СТРОЕНИЕ 8, ПОМЕЩЕНИЕ I,КОМНАТА №7,ЭТАЖ 1', 'Мандрон Степан Владимирович', 'ГЕНЕРАЛЬНЫЙ ДИРЕКТОР');
INSERT INTO esrd.organization (id, short_name_lf, full_name_lf, ogrn, inn, kpp, address, fio_manager, position_manager) VALUES (10038, 'АО «СОКОЛ-ЭНЕРГО»', 'АКЦИОНЕРНОЕ ОБЩЕСТВО «СОКОЛ-ЭНЕРГО»', '1177746534514', '7743211526', '774301001', 'г Москва, Ленинградский пр-кт, д 80 к 23', 'Дереш Вячеслав Геннадьевич', 'ГЕНЕРАЛЬНЫЙ ДИРЕКТОР');
INSERT INTO esrd.organization (id, short_name_lf, full_name_lf, ogrn, inn, kpp, address, fio_manager, position_manager) VALUES (10069, 'ЗАО «РЕФОРМА Р. В. С.»', 'ЗАКРЫТОЕ АКЦИОНЕРНОЕ ОБЩЕСТВО «РЕФОРМА Р. В. С.»', '5077746725997', '7731566725', '773101001', 'г Москва, ул Ярцевская, д 22 стр 1', 'Шуляк Владимир Станиславович', 'Генеральный директор');
INSERT INTO esrd.organization (id, short_name_lf, full_name_lf, ogrn, inn, kpp, address, fio_manager, position_manager) VALUES (10188, 'ФГБУ «КАНАЛ ИМЕНИ МОСКВЫ»', 'ФЕДЕРАЛЬНОЕ ГОСУДАРСТВЕННОЕ БЮДЖЕТНОЕ УЧРЕЖДЕНИЕ «КАНАЛ ИМЕНИ МОСКВЫ»', '1157746363983', '7733231361', '773301001', 'г Москва, ул Водников, д 1', 'Елянюшкин Герман Вячеславович', 'РУКОВОДИТЕЛЬ');
INSERT INTO esrd.organization (id, short_name_lf, full_name_lf, ogrn, inn, kpp, address, fio_manager, position_manager) VALUES (10091, 'ОАО «РОТ ФРОНТ»', 'ОТКРЫТОЕ АКЦИОНЕРНОЕ ОБЩЕСТВО «РОТ ФРОНТ»', '1027700042985', '7705033216', '770501001', 'г Москва, пер Новокузнецкий 2-й, д 13/15', '', '');
INSERT INTO esrd.organization (id, short_name_lf, full_name_lf, ogrn, inn, kpp, address, fio_manager, position_manager) VALUES (10133, 'ООО «ПРОМЭНЕРГОТЕХ»', 'ОБЩЕСТВО С ОГРАНИЧЕННОЙ ОТВЕТСТВЕННОСТЬЮ «ПРОМЭНЕРГОТЕХ»', '1107746983376', '7725709887', '771501001', '127410, ГОРОД МОСКВА, ШОССЕ АЛТУФЬЕВСКОЕ, ДОМ 43, СТРОЕНИЕ 2, ЭТ 2 ПОМ I КОМ 46', 'Широкова Надежда Иннокентьевна', 'ГЕНЕРАЛЬНЫЙ ДИРЕКТОР');
INSERT INTO esrd.organization (id, short_name_lf, full_name_lf, ogrn, inn, kpp, address, fio_manager, position_manager) VALUES (10081, 'ОАО «БУТОВСКИЙ ХИМИЧЕСКИЙ ЗАВОД»', 'ОТКРЫТОЕ АКЦИОНЕРНОЕ ОБЩЕСТВО «БУТОВСКИЙ ХИМИЧЕСКИЙ ЗАВОД»', '1027739596642', '5000000401', '772701001', 'г Москва, ул Горловская 1-я, д 4', 'Новикова Александра Филипповна', 'Генеральный директор');
INSERT INTO esrd.organization (id, short_name_lf, full_name_lf, ogrn, inn, kpp, address, fio_manager, position_manager) VALUES (10178, 'ФБУЗ «ЛЕЧЕБНО-РЕАБИЛИТАЦИОННЫЙ ЦЕНТР МИНЭКОНОМРАЗВИТИЯ РОССИИ»', 'ФЕДЕРАЛЬНОЕ БЮДЖЕТНОЕ УЧРЕЖДЕНИЕ ЗДРАВООХРАНЕНИЯ «ЛЕЧЕБНО-РЕАБИЛИТАЦИОННЫЙ ЦЕНТР МИНИСТЕРСТВА ЭКОНОМИЧЕСКОГО РАЗВИТИЯ РОССИЙСКОЙ ФЕДЕРАЦИИ»', '5147746032033', '7751524258', '775101001', 'г Москва, поселение Вороновское, село Вороново', 'Плотников Антон Олегович', 'ДИРЕКТОР');
INSERT INTO esrd.organization (id, short_name_lf, full_name_lf, ogrn, inn, kpp, address, fio_manager, position_manager) VALUES (10049, 'АО «ЭПО»', 'АКЦИОНЕРНОЕ ОБЩЕСТВО «ЩЕРБИНСКИЙ ЗАВОД ЭЛЕКТРОПЛАВЛЕННЫХ ОГНЕУПОРОВ»', '1025007512397', '5051000030', '775101001', 'г Москва, г Щербинка, ул Южная, д 2', 'Бычков Виталий Евгеньевич', 'ГЕНЕРАЛЬНЫЙ ДИРЕКТОР');
INSERT INTO esrd.organization (id, short_name_lf, full_name_lf, ogrn, inn, kpp, address, fio_manager, position_manager) VALUES (10102, 'ООО «ГЕРУДА»', 'ОБЩЕСТВО С ОГРАНИЧЕННОЙ ОТВЕТСТВЕННОСТЬЮ «ГЕРУДА»', '1037715047040', '7715383058', '775101001', '108811, ГОРОД МОСКВА, ПОСЕЛЕНИЕ МОСКОВСКИЙ, ГОРОД МОСКОВСКИЙ, УЛИЦА ХАБАРОВА, ДОМОВЛАД 15, СТРОЕНИЕ 1', 'Хоменко Валерий Николаевич', 'ГЕНЕРАЛЬНЫЙ ДИРЕКТОР');
INSERT INTO esrd.organization (id, short_name_lf, full_name_lf, ogrn, inn, kpp, address, fio_manager, position_manager) VALUES (10020, 'АО «МОСОБЛГАЗ»', 'АКЦИОНЕРНОЕ ОБЩЕСТВО «МОСОБЛГАЗ»', '1175024034734', '5032292612', '503201001', '143082, ОБЛАСТЬ МОСКОВСКАЯ, РАЙОН ОДИНЦОВСКИЙ, ДЕРЕВНЯ РАЗДОРЫ, КИЛОМЕТР РУБЛЕВО-УСПЕНСКОЕ ШОССЕ 1, ДОМ 1, КОРП/ЭТАЖ Б/9, КАБИНЕТ 901', 'Голубков Дмитрий Аркадьевич', 'ГЕНЕРАЛЬНЫЙ ДИРЕКТОР');
INSERT INTO esrd.organization (id, short_name_lf, full_name_lf, ogrn, inn, kpp, address, fio_manager, position_manager) VALUES (10113, 'ООО «ИНВЕСТТРАСТ»', 'ОБЩЕСТВО С ОГРАНИЧЕННОЙ ОТВЕТСТВЕННОСТЬЮ «ИНВЕСТТРАСТ»', '1077759455894', '7730567081', '775101001', 'г Москва, ул Нововатутинская 3-я, д 7', 'Гаврилов Илья Григорьевич', 'ГЕНЕРАЛЬНЫЙ ДИРЕКТОР');
INSERT INTO esrd.organization (id, short_name_lf, full_name_lf, ogrn, inn, kpp, address, fio_manager, position_manager) VALUES (10144, 'ООО «ТАКОМА-ЛАЙН»', 'ОБЩЕСТВО С ОГРАНИЧЕННОЙ ОТВЕТСТВЕННОСТЬЮ «ТАКОМА-ЛАЙН»', '1027739040768', '7729389356', '770401001', 'г Москва, пер Обыденский 1-й, д 12 стр 1', 'Кузнецов Сергей Александрович', 'ГЕНЕРАЛЬНЫЙ ДИРЕКТОР');
INSERT INTO esrd.organization (id, short_name_lf, full_name_lf, ogrn, inn, kpp, address, fio_manager, position_manager) VALUES (10050, 'АО «ЭНЕРГОИНВЕСТ»', 'АКЦИОНЕРНОЕ ОБЩЕСТВО «ЭНЕРГОИНВЕСТ»', '1097746770582', '7727705694', '771501001', 'г Москва, ул Образцова, д 31 стр 1', 'Кукушкин Владислав Иванович', 'ГЕНЕРАЛЬНЫЙ ДИРЕКТОР');
INSERT INTO esrd.organization (id, short_name_lf, full_name_lf, ogrn, inn, kpp, address, fio_manager, position_manager) VALUES (10028, 'АО "НПП "ВОЛНА"', 'АКЦИОНЕРНОЕ ОБЩЕСТВО "НАУЧНО-ПРОИЗВОДСТВЕННОЕ ПРЕДПРИЯТИЕ "ВОЛНА"', '1067746243454', '7726534774', '772601001', 'г Москва, Варшавское шоссе, д 26', 'Евсиенков Юрий Александрович', 'ГЕНЕРАЛЬНЫЙ ДИРЕКТОР');
INSERT INTO esrd.organization (id, short_name_lf, full_name_lf, ogrn, inn, kpp, address, fio_manager, position_manager) VALUES (10059, 'ГУП «МОСГОРТРАНС»', 'ГОСУДАРСТВЕННОЕ УНИТАРНОЕ ПРЕДПРИЯТИЕ ГОРОДА МОСКВЫ «МОСГОРТРАНС»', '1037739376223', '7705002602', '770501001', 'г Москва, Раушская наб, д 22/21 стр 1', 'Антонов Леонид Павлович', 'ГЕНЕРАЛЬНЫЙ ДИРЕКТОР');
INSERT INTO esrd.organization (id, short_name_lf, full_name_lf, ogrn, inn, kpp, address, fio_manager, position_manager) VALUES (10090, 'ОАО «РЖД»', 'ОТКРЫТОЕ АКЦИОНЕРНОЕ ОБЩЕСТВО «РОССИЙСКИЕ ЖЕЛЕЗНЫЕ ДОРОГИ»', '1037739877295', '7708503727', '770801001', 'г Москва, ул Басманная Нов., д 2', 'Белозёров Олег Валентинович', 'ГЕНЕРАЛЬНЫЙ ДИРЕКТОР-ПРЕДСЕДАТЕЛЬ ПРАВЛЕНИЯ');
INSERT INTO esrd.organization (id, short_name_lf, full_name_lf, ogrn, inn, kpp, address, fio_manager, position_manager) VALUES (10197, 'ФГУП «ФТ-ЦЕНТР»', 'ФЕДЕРАЛЬНОЕ ГОСУДАРСТВЕННОЕ УНИТАРНОЕ ПРЕДПРИЯТИЕ «ФЕДЕРАЛЬНЫЙ КОМПЬЮТЕРНЫЙ ЦЕНТР ФОНДОВЫХ И ТОВАРНЫХ ИНФОРМАЦИОННЫХ ТЕХНОЛОГИЙ (ФТ-ЦЕНТР)»', '1027739401271', '7709007859', '770501001', 'г Москва, ул Гончарная, д 35/5 стр 1', 'Мирошкин Виталий Викторович', 'И.О.ГЕНЕРАЛЬНОГО ДИРЕКТОРА');
INSERT INTO esrd.organization (id, short_name_lf, full_name_lf, ogrn, inn, kpp, address, fio_manager, position_manager) VALUES (10123, 'ООО «КУЗНЕЦОВСКИЙ КОМБИНАТ»', 'ОБЩЕСТВО С ОГРАНИЧЕННОЙ ОТВЕТСТВЕННОСТЬЮ «КУЗНЕЦОВСКИЙ КОМБИНАТ»', '1055005613200', '5030049820', '775101001', 'г Москва, поселение Новофедоровское, деревня Яковлевское', 'Попович Ирина Михайловна', 'ГЕНЕРАЛЬНЫЙ ДИРЕКТОР');
INSERT INTO esrd.organization (id, short_name_lf, full_name_lf, ogrn, inn, kpp, address, fio_manager, position_manager) VALUES (10154, 'ООО «ТЕПЛОЭНЕРГО»', 'ОБЩЕСТВО С ОГРАНИЧЕННОЙ ОТВЕТСТВЕННОСТЬЮ «ТЕПЛОЭНЕРГО»', '1147746871800', '7709959600', '770901001', 'г Москва, Мрузовский пер, д 12А к 1', 'Ручкин Николай Николаевич', 'ГЕНЕРАЛЬНЫЙ ДИРЕКТОР');
INSERT INTO esrd.organization (id, short_name_lf, full_name_lf, ogrn, inn, kpp, address, fio_manager, position_manager) VALUES (10161, 'ООО «ЭНЕРГОПРОМИНВЕСТ»', 'ОБЩЕСТВО С ОГРАНИЧЕННОЙ ОТВЕТСТВЕННОСТЬЮ «ЭНЕРГОПРОМИНВЕСТ»', '1057748250339', '7713565253', '770501001', 'г Москва, Климентовский пер, д 10 стр 3', 'Лесников Павел Сергеевич', 'КОНКУРСНЫЙ УПРАВЛЯЮЩИЙ');
INSERT INTO esrd.organization (id, short_name_lf, full_name_lf, ogrn, inn, kpp, address, fio_manager, position_manager) VALUES (10037, 'АО «СИНТЕЗ ГРУПП»', 'АКЦИОНЕРНОЕ ОБЩЕСТВО «СИНТЕЗ ГРУПП»', '1067759055242', '7719609274', '770501001', 'г Москва, Климентовский пер, д 10 стр 3', 'Мордвинов Олег Георгиевич', 'ГЕНЕРАЛЬНЫЙ ДИРЕКТОР');
INSERT INTO esrd.organization (id, short_name_lf, full_name_lf, ogrn, inn, kpp, address, fio_manager, position_manager) VALUES (10068, 'ЗАО «МКМ»', 'ЗАКРЫТОЕ АКЦИОНЕРНОЕ ОБЩЕСТВО «МОСКАБЕЛЬМЕТ»', '1027739160305', '7722015841', '772201001', 'г Москва, ул Кабельная 2-я, д 2', 'Моряков Павел Валерьевич', 'ГЕНЕРАЛЬНЫЙ ДИРЕКТОР');
INSERT INTO esrd.organization (id, short_name_lf, full_name_lf, ogrn, inn, kpp, address, fio_manager, position_manager) VALUES (10189, 'ФГБУ "ОК "БОР"', 'ФЕДЕРАЛЬНОЕ ГОСУДАРСТВЕННОЕ БЮДЖЕТНОЕ УЧРЕЖДЕНИЕ "ОЗДОРОВИТЕЛЬНЫЙ КОМПЛЕКС "БОР" УПРАВЛЕНИЯ ДЕЛАМИ ПРЕЗИДЕНТА РОССИЙСКОЙ ФЕДЕРАЦИИ', '1075009005939', '5009061310', '500901001', 'Московская обл, г Домодедово, деревня Одинцово, тер Бор', 'Колупаев Георгий Александрович', 'ГЕНЕРАЛЬНЫЙ ДИРЕКТОР');
INSERT INTO esrd.organization (id, short_name_lf, full_name_lf, ogrn, inn, kpp, address, fio_manager, position_manager) VALUES (10204, 'БАНК РОССИИ', 'ЦЕНТРАЛЬНЫЙ БАНК РОССИЙСКОЙ ФЕДЕРАЦИИ', '1037700013020', '7702235133', '770201001', 'г Москва, ул Неглинная, д 12', 'Набиуллина Эльвира Сахипзадовна', 'ПРЕДСЕДАТЕЛЬ БАНКА РОССИИ');
INSERT INTO esrd.organization (id, short_name_lf, full_name_lf, ogrn, inn, kpp, address, fio_manager, position_manager) VALUES (10132, 'ООО "ПК "ЖЕЛАТИН"', 'ОБЩЕСТВО С ОГРАНИЧЕННОЙ ОТВЕТСТВЕННОСТЬЮ "ПРОМЫШЛЕННАЯ КОМПАНИЯ "ЖЕЛАТИН"', '1027739152913', '7734171958', '772201001', '109518, ГОРОД МОСКВА, ПРОЕЗД ГРАЙВОРОНОВСКИЙ 1-Й, ДОМ 20, СТРОЕНИЕ 35, ЭТАЖ 2 ОФИС 200', 'Акташ Ондер', 'ГЕНЕРАЛЬНЫЙ ДИРЕКТОР');
INSERT INTO esrd.organization (id, short_name_lf, full_name_lf, ogrn, inn, kpp, address, fio_manager, position_manager) VALUES (10082, 'ОАО «ДУБРОВИЦЫ»', 'ОТКРЫТОЕ АКЦИОНЕРНОЕ ОБЩЕСТВО «ДУБРОВИЦЫ»', '1055014738734', '5074030168', '507401001', 'Московская обл, г Подольск, поселок Дубровицы, д 59', 'Васильев Андрей Геннадьевич', 'ГЕНЕРАЛЬНЫЙ ДИРЕКТОР');
INSERT INTO esrd.organization (id, short_name_lf, full_name_lf, ogrn, inn, kpp, address, fio_manager, position_manager) VALUES (10039, 'АО «СОЦИУМ-ЭНЕРГОСИСТЕМЫ»', 'АКЦИОНЕРНОЕ ОБЩЕСТВО «СОЦИУМ-ЭНЕРГОСИСТЕМЫ»', '1177746893400', '7743222662', '774301001', 'г Москва, Ленинградский пр-кт, д 80 к 40, пом II комн 1', 'Дереш Вячеслав Геннадьевич', 'ГЕНЕРАЛЬНЫЙ ДИРЕКТОР');
INSERT INTO esrd.organization (id, short_name_lf, full_name_lf, ogrn, inn, kpp, address, fio_manager, position_manager) VALUES (10179, 'МИСИС, НИТУ «МИСИС»', 'ФЕДЕРАЛЬНОЕ ГОСУДАРСТВЕННОЕ АВТОНОМНОЕ ОБРАЗОВАТЕЛЬНОЕ УЧРЕЖДЕНИЕ ВЫСШЕГО ОБРАЗОВАНИЯ "НАЦИОНАЛЬНЫЙ ИССЛЕДОВАТЕЛЬСКИЙ ТЕХНОЛОГИЧЕСКИЙ УНИВЕРСИТЕТ "МИСИС"', '1027739439749', '7706019535', '770601001', 'г Москва, Ленинский пр-кт, д 4', 'Черникова Алевтина Анатольевна', 'РЕКТОР');
INSERT INTO esrd.organization (id, short_name_lf, full_name_lf, ogrn, inn, kpp, address, fio_manager, position_manager) VALUES (10048, 'АО «ЦЕНТРАЛЬНАЯ ППК»', 'АКЦИОНЕРНОЕ ОБЩЕСТВО «ЦЕНТРАЛЬНАЯ ПРИГОРОДНАЯ ПАССАЖИРСКАЯ КОМПАНИЯ»', '1057749440781', '7705705370', '770501001', 'г Москва, Павелецкая пл, д 1А', 'Дьяконов Максим Юрьевич', 'ГЕНЕРАЛЬНЫЙ ДИРЕКТОР');
INSERT INTO esrd.organization (id, short_name_lf, full_name_lf, ogrn, inn, kpp, address, fio_manager, position_manager) VALUES (10101, 'ООО «ГАММА»', 'ОБЩЕСТВО С ОГРАНИЧЕННОЙ ОТВЕТСТВЕННОСТЬЮ «ГАММА»', '1117746534234', '7716693038', '775101001', '108815, ГОРОД МОСКВА, ПОСЕЛЕНИЕ ФИЛИМОНКОВСКОЕ, ПОСЕЛОК МАРЬИНО, УЛИЦА КНУТОВСКАЯ, ВЛАДЕНИЕ 16, СООРУЖЕНИЕ 1', 'Бондарева Анастасия Константиновна', 'ГЕНЕРАЛЬНЫЙ ДИРЕКТОР');
INSERT INTO esrd.organization (id, short_name_lf, full_name_lf, ogrn, inn, kpp, address, fio_manager, position_manager) VALUES (10021, 'АО «МСК ЭНЕРГО»', 'АКЦИОНЕРНОЕ ОБЩЕСТВО «МСК ЭНЕРГОСЕТЬ»', '1035003351657', '5018054863', '501801001', 'Московская обл, г Королев, ул Гагарина, д 10А, пом 11', 'Прокопенко Андрей Васильевич', 'ГЕНЕРАЛЬНЫЙ ДИРЕКТОР');
INSERT INTO esrd.organization (id, short_name_lf, full_name_lf, ogrn, inn, kpp, address, fio_manager, position_manager) VALUES (10112, 'ООО "ЖКХ "ВОДОКАНАЛ+"', 'ОБЩЕСТВО С ОГРАНИЧЕННОЙ ОТВЕТСТВЕННОСТЬЮ "ЖИЛИЩНО-КОММУНАЛЬНОЕ ХОЗЯЙСТВО "ВОДОКАНАЛ+"', '1117746947273', '7706765710', '772201001', '111020, ГОРОД МОСКВА, УЛИЦА СИНИЧКИНА 2-Я, ДОМ 9А, СТРОЕНИЕ 4, Э/ПОМ/К/ОФ 3/I/4/7', 'Иткин Игорь Леонидович', 'ГЕНЕРАЛЬНЫЙ ДИРЕКТОР');
INSERT INTO esrd.organization (id, short_name_lf, full_name_lf, ogrn, inn, kpp, address, fio_manager, position_manager) VALUES (10009, 'АО «ДУКС»', 'АКЦИОНЕРНОЕ ОБЩЕСТВО «ДУКС»', '1027700010579', '7714077682', '771401001', 'г Москва, ул Правды, д 8', 'Уткин Игорь Васильевич', 'ИСПОЛНИТЕЛЬНЫЙ ДИРЕКТОР');
INSERT INTO esrd.organization (id, short_name_lf, full_name_lf, ogrn, inn, kpp, address, fio_manager, position_manager) VALUES (10058, 'ГКУ «АМПП»', 'ГОСУДАРСТВЕННОЕ КАЗЕННОЕ УЧРЕЖДЕНИЕ ГОРОДА МОСКВЫ «АДМИНИСТРАТОР МОСКОВСКОГО ПАРКОВОЧНОГО ПРОСТРАНСТВА»', '1127747079790', '7714887870', '771401001', 'г Москва, ул Скаковая, д 19', 'Гривняк Александр Иванович', 'ГЕНЕРАЛЬНЫЙ ДИРЕКТОР');

INSERT INTO esrd.department (id, top_level, name) VALUES (500, false, 'Отдел подготовки совещаний');
INSERT INTO esrd.department (id, top_level, name) VALUES (501, false, 'Отдел обработки корреспонденции');
INSERT INTO esrd.department (id, top_level, name) VALUES (502, false, 'Отдел контроля');
INSERT INTO esrd.department (id, top_level, name) VALUES (503, false, 'Пресс-служба Комплекса');
INSERT INTO esrd.department (id, top_level, name) VALUES (504, false, 'Отдел мониторинга доходов бюджета');
INSERT INTO esrd.department (id, top_level, name) VALUES (505, false, 'Отдел сводного бюджетного планирования');
INSERT INTO esrd.department (id, top_level, name) VALUES (506, false, 'Отдел налоговой политики и мобилизации доходов');
INSERT INTO esrd.department (id, top_level, name) VALUES (507, false, 'Отдел администрирования торгового сбора');
INSERT INTO esrd.department (id, top_level, name) VALUES (508, false, 'Отдел методологии  государственных программ');
INSERT INTO esrd.department (id, top_level, name) VALUES (509, false, 'Отдел экономического анализа и прогнозирования');
INSERT INTO esrd.department (id, top_level, name) VALUES (510, false, 'Отдел сводных работ и анализа реализации указов Президента РФ в области социально-экономической политики');
INSERT INTO esrd.department (id, top_level, name) VALUES (511, false, 'Отдел стратегического планирования и анализа реализации Государственных программ');
INSERT INTO esrd.department (id, top_level, name) VALUES (512, false, 'Отдел анализа секторов экономики');
INSERT INTO esrd.department (id, top_level, name) VALUES (513, false, 'Отдел планирования, сопровождения и контроля проектов');
INSERT INTO esrd.department (id, top_level, name) VALUES (514, false, 'Сектор IT');
INSERT INTO esrd.department (id, top_level, name) VALUES (515, false, 'Отдел градостроительной политики');
INSERT INTO esrd.department (id, top_level, name) VALUES (516, false, 'Отдел свода АИП и отраслевых показателей');
INSERT INTO esrd.department (id, top_level, name) VALUES (517, false, 'Отдел строительства объектов социальной сферы');
INSERT INTO esrd.department (id, top_level, name) VALUES (518, false, 'Отдел развития транспорта и дорожно-мостового строительства');
INSERT INTO esrd.department (id, top_level, name) VALUES (519, false, 'Отдел развития инженерии');
INSERT INTO esrd.department (id, top_level, name) VALUES (520, false, 'Отдел жилищного строительства');
INSERT INTO esrd.department (id, top_level, name) VALUES (521, false, 'Отдел экономики образования и культуры');
INSERT INTO esrd.department (id, top_level, name) VALUES (522, false, 'Сектор экономики культуры, общественных и межрегиональных связей');
INSERT INTO esrd.department (id, top_level, name) VALUES (523, false, 'Отдел экономики социальной защиты и прочих отраслей');
INSERT INTO esrd.department (id, top_level, name) VALUES (524, false, 'Отдел развития жилищного хозяйства и содержания территорий города');
INSERT INTO esrd.department (id, top_level, name) VALUES (525, false, 'Отдел охраны окружающей среды и совершенствования системы расчетов за ЖКУ');
INSERT INTO esrd.department (id, top_level, name) VALUES (526, false, 'Планово-экономический отдел');
INSERT INTO esrd.department (id, top_level, name) VALUES (527, false, 'Контрактная служба');
INSERT INTO esrd.department (id, top_level, name) VALUES (528, false, 'Отдел государственного заказа');
INSERT INTO esrd.department (id, top_level, name) VALUES (529, false, 'Отдел государственной службы и кадров');
INSERT INTO esrd.department (id, top_level, name) VALUES (530, false, 'Отдел входящей и исходящей корреспонденции');
INSERT INTO esrd.department (id, top_level, name) VALUES (531, false, 'Отдел контроля исполнения поручений');
INSERT INTO esrd.department (id, top_level, name) VALUES (532, false, 'Отдел организационно-технического обеспечения');
INSERT INTO esrd.department (id, top_level, name) VALUES (533, false, 'Отдел контроля');
INSERT INTO esrd.department (id, top_level, name) VALUES (534, false, 'Отдел цен и тарифной политики в городском хозяйстве');
INSERT INTO esrd.department (id, top_level, name) VALUES (535, false, 'Отдел экономических нормативов и начальных (максимальных) цен контрактов');
INSERT INTO esrd.department (id, top_level, name) VALUES (536, false, 'Отдел стандартизации государственных закупок');
INSERT INTO esrd.department (id, top_level, name) VALUES (537, false, 'Сектор тарифного регулировния жилищно-коммунальных услуг');
INSERT INTO esrd.department (id, top_level, name) VALUES (538, false, 'Отдел договоров, нормативной работы и судебной практики');
INSERT INTO esrd.department (id, top_level, name) VALUES (539, false, 'Отдел подготовки нормативных актов и применения законодательства в сфере государственного регулирования тарифов');
INSERT INTO esrd.department (id, top_level, name) VALUES (540, false, 'Отдел правовой защиты и досудебного урегулирования споров');
INSERT INTO esrd.department (id, top_level, name) VALUES (541, false, 'Сектор правления');
INSERT INTO esrd.department (id, top_level, name) VALUES (542, false, 'Отдел регулирования тарифов на транспортные услуги для организаций');
INSERT INTO esrd.department (id, top_level, name) VALUES (543, false, 'Отдел регулирования тарифов на транспортные услуги для населения');
INSERT INTO esrd.department (id, top_level, name) VALUES (544, false, 'Отдел экономики транспорта');
INSERT INTO esrd.department (id, top_level, name) VALUES (545, false, 'Отдел топливно-энергетических балансов');
INSERT INTO esrd.department (id, top_level, name) VALUES (546, false, 'Отдел инвестиционной политики');
INSERT INTO esrd.department (id, top_level, name) VALUES (547, false, 'Отдел регулирования тарифов (цен) в сфере электроэнергетики');
INSERT INTO esrd.department (id, top_level, name) VALUES (548, false, 'Отдел регулирования платы за технологическое присоединение к электрическим сетям');
INSERT INTO esrd.department (id, top_level, name) VALUES (549, false, 'Отдел регулирования тарифов (цен) в сфере теплоснабжения');
INSERT INTO esrd.department (id, top_level, name) VALUES (550, false, 'Отдел регулирования тарифов в сфере холодного водоснабжения и водоотведения');
INSERT INTO esrd.department (id, top_level, name) VALUES (551, false, 'Отдел регулирования тарифов в сфере обращения с отходами');
INSERT INTO esrd.department (id, top_level, name) VALUES (552, false, 'Отдел регулирования тарифов на присоединение к сетям ресурсоснабжающих организаций');
INSERT INTO esrd.department (id, top_level, name) VALUES (553, false, 'Сектор сопровождения процессов');
INSERT INTO esrd.department (id, top_level, name) VALUES (554, false, 'Отдел оценки акционерного капитала, финансовых активов и рассмотрения отчетов');
INSERT INTO esrd.department (id, top_level, name) VALUES (555, false, 'Отдел оценки недвижимости');
INSERT INTO esrd.department (id, top_level, name) VALUES (556, false, 'Отдел оценки прав аренды и постановки на баланс');
INSERT INTO esrd.department (id, top_level, name, chief_user_id) VALUES (561, true, 'Управление заместителя Мэра Москвы в Правительстве Москвы по вопросам экономической политики и имущественно-земельных отношений', 4130);
INSERT INTO esrd.department (id, top_level, name, chief_user_id) VALUES (562, true, 'Управление бюджетной и налоговой политики', 4099);
INSERT INTO esrd.department (id, top_level, name) VALUES (563, true, 'Управление сводных экономических показателей');
INSERT INTO esrd.department (id, top_level, name, chief_user_id) VALUES (564, true, 'Управление информатизации и связи', 4035);
INSERT INTO esrd.department (id, top_level, name, chief_user_id) VALUES (565, true, 'Сводное управление бюджетных инвестиций', 4044);
INSERT INTO esrd.department (id, top_level, name, chief_user_id) VALUES (566, true, 'Управление миграционной политики', 4075);
INSERT INTO esrd.department (id, top_level, name, chief_user_id) VALUES (567, true, 'Управление бюджетных инвестиций дорожно-мостового, жилищного строительства и объектов инженерии', 4015);
INSERT INTO esrd.department (id, top_level, name, chief_user_id) VALUES (568, true, 'Управление экономики отраслей социальной сферы', 4252);
INSERT INTO esrd.department (id, top_level, name, chief_user_id) VALUES (569, true, 'Управление экономики жилищного хозяйства', 4071);
INSERT INTO esrd.department (id, top_level, name, chief_user_id) VALUES (570, true, 'Управление бюджетного планирования, бухгалтерского учета и государственного заказа', 4046);
INSERT INTO esrd.department (id, top_level, name, chief_user_id) VALUES (571, true, 'Управление координации деятельности Департамента и государственной гражданской службы', 4279);
INSERT INTO esrd.department (id, top_level, name) VALUES (572, true, 'Административно-хозяйственное управление');
INSERT INTO esrd.department (id, top_level, name, chief_user_id) VALUES (573, true, 'Управление ценовой и тарифной политики', 4022);
INSERT INTO esrd.department (id, top_level, name, chief_user_id) VALUES (574, true, 'Управление стандартизации государственных закупок и тарифного регулирования в сфере ЖКХ', 4184);
INSERT INTO esrd.department (id, top_level, name, chief_user_id) VALUES (575, true, 'Юридическое Управление', 4084);
INSERT INTO esrd.department (id, top_level, name, chief_user_id) VALUES (576, true, 'Первый отдел', 4364);
INSERT INTO esrd.department (id, top_level, name, chief_user_id) VALUES (577, true, 'Второй отдел', 4339);
INSERT INTO esrd.department (id, top_level, name, chief_user_id) VALUES (578, true, 'Управление регулирования тарифов на услуги транспортных организаций', 4141);
INSERT INTO esrd.department (id, top_level, name, chief_user_id) VALUES (579, true, 'Управление топливно-энергетических балансов и инвестиционной политики', 4233);
INSERT INTO esrd.department (id, top_level, name, chief_user_id) VALUES (580, true, 'Управление регулирования тарифов в электроэнергетике', 4116);
INSERT INTO esrd.department (id, top_level, name, chief_user_id) VALUES (581, true, 'Управление ценообразования в теплоснабжении и коммунальной сфере', 4329);
INSERT INTO esrd.department (id, top_level, name, chief_user_id) VALUES (582, true, 'Управление оценки', 4205);
INSERT INTO esrd.department (id, top_level, name) VALUES (583, false, 'Руководство Департамента');
INSERT INTO esrd.department (id, top_level, name) VALUES (584, false, 'Руководитель');
INSERT INTO esrd.department (id, top_level, name, chief_user_id) VALUES (585, true, 'Управление финансового контроля и аудита', 4311);
INSERT INTO esrd.department (id, top_level, name) VALUES (586, false, 'Пресс-служба Департамента');
INSERT INTO esrd.department (id, top_level, name) VALUES (587, false, 'Отдел экономики здравоохранения, физической культуры и спорта');
INSERT INTO esrd.department (id, top_level, chief_user_id, name) VALUES (588, true, null, 'Без адресата');

INSERT INTO esrd.department_child_departments(department_id, child_departments_id) VALUES (561, 500);
INSERT INTO esrd.department_child_departments(department_id, child_departments_id) VALUES (561, 501);
INSERT INTO esrd.department_child_departments(department_id, child_departments_id) VALUES (561, 502);
INSERT INTO esrd.department_child_departments(department_id, child_departments_id) VALUES (561, 503);
INSERT INTO esrd.department_child_departments(department_id, child_departments_id) VALUES (561, 504);
INSERT INTO esrd.department_child_departments(department_id, child_departments_id) VALUES (562, 505);
INSERT INTO esrd.department_child_departments(department_id, child_departments_id) VALUES (562, 506);
INSERT INTO esrd.department_child_departments(department_id, child_departments_id) VALUES (562, 507);
INSERT INTO esrd.department_child_departments(department_id, child_departments_id) VALUES (562, 508);
INSERT INTO esrd.department_child_departments(department_id, child_departments_id) VALUES (562, 509);
INSERT INTO esrd.department_child_departments(department_id, child_departments_id) VALUES (563, 510);
INSERT INTO esrd.department_child_departments(department_id, child_departments_id) VALUES (563, 511);
INSERT INTO esrd.department_child_departments(department_id, child_departments_id) VALUES (563, 512);
INSERT INTO esrd.department_child_departments(department_id, child_departments_id) VALUES (564, 513);
INSERT INTO esrd.department_child_departments(department_id, child_departments_id) VALUES (564, 514);
INSERT INTO esrd.department_child_departments(department_id, child_departments_id) VALUES (565, 515);
INSERT INTO esrd.department_child_departments(department_id, child_departments_id) VALUES (565, 516);
INSERT INTO esrd.department_child_departments(department_id, child_departments_id) VALUES (565, 517);
INSERT INTO esrd.department_child_departments(department_id, child_departments_id) VALUES (567, 518);
INSERT INTO esrd.department_child_departments(department_id, child_departments_id) VALUES (567, 519);
INSERT INTO esrd.department_child_departments(department_id, child_departments_id) VALUES (567, 520);
INSERT INTO esrd.department_child_departments(department_id, child_departments_id) VALUES (568, 521);
INSERT INTO esrd.department_child_departments(department_id, child_departments_id) VALUES (568, 522);
INSERT INTO esrd.department_child_departments(department_id, child_departments_id) VALUES (568, 523);
INSERT INTO esrd.department_child_departments(department_id, child_departments_id) VALUES (569, 524);
INSERT INTO esrd.department_child_departments(department_id, child_departments_id) VALUES (569, 525);
INSERT INTO esrd.department_child_departments(department_id, child_departments_id) VALUES (570, 526);
INSERT INTO esrd.department_child_departments(department_id, child_departments_id) VALUES (570, 527);
INSERT INTO esrd.department_child_departments(department_id, child_departments_id) VALUES (570, 528);
INSERT INTO esrd.department_child_departments(department_id, child_departments_id) VALUES (571, 529);
INSERT INTO esrd.department_child_departments(department_id, child_departments_id) VALUES (571, 530);
INSERT INTO esrd.department_child_departments(department_id, child_departments_id) VALUES (571, 531);
INSERT INTO esrd.department_child_departments(department_id, child_departments_id) VALUES (572, 532);
INSERT INTO esrd.department_child_departments(department_id, child_departments_id) VALUES (585, 533);
INSERT INTO esrd.department_child_departments(department_id, child_departments_id) VALUES (573, 534);
INSERT INTO esrd.department_child_departments(department_id, child_departments_id) VALUES (573, 535);
INSERT INTO esrd.department_child_departments(department_id, child_departments_id) VALUES (574, 536);
INSERT INTO esrd.department_child_departments(department_id, child_departments_id) VALUES (574, 537);
INSERT INTO esrd.department_child_departments(department_id, child_departments_id) VALUES (575, 538);
INSERT INTO esrd.department_child_departments(department_id, child_departments_id) VALUES (575, 539);
INSERT INTO esrd.department_child_departments(department_id, child_departments_id) VALUES (575, 540);
INSERT INTO esrd.department_child_departments(department_id, child_departments_id) VALUES (575, 541);
INSERT INTO esrd.department_child_departments(department_id, child_departments_id) VALUES (578, 542);
INSERT INTO esrd.department_child_departments(department_id, child_departments_id) VALUES (578, 543);
INSERT INTO esrd.department_child_departments(department_id, child_departments_id) VALUES (578, 544);
INSERT INTO esrd.department_child_departments(department_id, child_departments_id) VALUES (579, 545);
INSERT INTO esrd.department_child_departments(department_id, child_departments_id) VALUES (579, 546);
INSERT INTO esrd.department_child_departments(department_id, child_departments_id) VALUES (580, 547);
INSERT INTO esrd.department_child_departments(department_id, child_departments_id) VALUES (580, 548);
INSERT INTO esrd.department_child_departments(department_id, child_departments_id) VALUES (581, 549);
INSERT INTO esrd.department_child_departments(department_id, child_departments_id) VALUES (581, 550);
INSERT INTO esrd.department_child_departments(department_id, child_departments_id) VALUES (581, 551);
INSERT INTO esrd.department_child_departments(department_id, child_departments_id) VALUES (581, 552);
INSERT INTO esrd.department_child_departments(department_id, child_departments_id) VALUES (582, 553);
INSERT INTO esrd.department_child_departments(department_id, child_departments_id) VALUES (582, 554);
INSERT INTO esrd.department_child_departments(department_id, child_departments_id) VALUES (582, 555);
INSERT INTO esrd.department_child_departments(department_id, child_departments_id) VALUES (582, 556);
INSERT INTO esrd.department_child_departments(department_id, child_departments_id) VALUES (571, 586);

INSERT INTO esrd.users (id, name, lastname, firstname, patronym, position, short_position, full_position, dative_fullname, dative_position, email, phone, department_id) VALUES (4000, 'admin', 'Махров', 'Станислав', 'Станиславович', 'Начальник отдела', 'Начальник отдела автоматизации процессов в промышленности', 'Начальник отдела автоматизации процессов в промышленности Департамента экономической политики и развития города Москвы', 'Махрову Станиславу Станислаовичу', 'Начальнику отдела автоматизации процессов в промышленности', 'MakhrovSS1@mos.ru', '15451', null);
INSERT INTO esrd.users (id, name, lastname, firstname, patronym, position, short_position, full_position, dative_fullname, dative_position, email, phone, department_id) VALUES (4001, 'user1', 'Иванов', 'Иван', 'Иванович', 'Главный специалист', null, null, null, null, 'IvanovII@mos.ru', null, null);
INSERT INTO esrd.users (id, name, lastname, firstname, patronym, position, short_position, full_position, dative_fullname, dative_position, email, phone, department_id) VALUES (4002, 'user2', 'Тестов', 'Тест', 'Тестович', 'Начальник Управлени', 'Начальник управления ценообразования в теплоснабжении и коммунальной сфере', 'Начальник управления ценообразования в теплоснабжении и коммунальной сфере Департамента экономической политики и развития города Москвы', 'Тестову Тесту Тестовичу', 'Начальнику управления ценообразования в теплоснабжении и коммунальной сфере Департамента экономической политики и развития города Москвы', 'TestovTT@mos.ru', null, null);
INSERT INTO esrd.users (id, name, lastname, firstname, patronym, position, short_position, full_position, dative_fullname, dative_position, email, phone, department_id) VALUES (4003, 'KKozhin', 'Кожин', 'Константин', 'Сергеевич', null, null, null, null, null, null, '', null);
INSERT INTO esrd.users (id, name, lastname, firstname, patronym, position, short_position, full_position, dative_fullname, dative_position, email, phone, department_id) VALUES (4004, 'NPopova', 'Попова', 'Наталья', 'Леонидовна', 'Консультант', null, null, null, null, 'PopovaNL@mos.ru', '19413', 501);
INSERT INTO esrd.users (id, name, lastname, firstname, patronym, position, short_position, full_position, dative_fullname, dative_position, email, phone, department_id) VALUES (4005, 'SKorotaeva', 'Коротаева', 'Светлана', 'Петровна', 'Зам. начальника Управления', null, null, null, null, 'KorotaevaSP@mos.ru', '17417', 523);
INSERT INTO esrd.users (id, name, lastname, firstname, patronym, position, short_position, full_position, dative_fullname, dative_position, email, phone, department_id) VALUES (4006, 'MPiskare', 'Пискарева', 'Марина', 'Викторовна', 'Советник', null, null, null, null, 'PiskarevaMV@mos.ru', '17414', 516);
INSERT INTO esrd.users (id, name, lastname, firstname, patronym, position, short_position, full_position, dative_fullname, dative_position, email, phone, department_id) VALUES (4007, 'TSomova', 'Сомова', 'Татьяна', 'Ивановна', 'Советник', null, null, null, null, 'SomovaTI@mos.ru', '19410', 565);
INSERT INTO esrd.users (id, name, lastname, firstname, patronym, position, short_position, full_position, dative_fullname, dative_position, email, phone, department_id) VALUES (4008, 'EStepanov', 'Степанова', 'Елена', 'Константиновна', 'Зам. начальника Управления', null, null, null, null, 'StepanovaEK@mos.ru', '17445', 570);
INSERT INTO esrd.users (id, name, lastname, firstname, patronym, position, short_position, full_position, dative_fullname, dative_position, email, phone, department_id) VALUES (4009, 'VPankin', 'Панкин', 'Виктор', 'Алексеевич', null, null, null, null, null, null, null, null);
INSERT INTO esrd.users (id, name, lastname, firstname, patronym, position, short_position, full_position, dative_fullname, dative_position, email, phone, department_id) VALUES (4010, 'SProhoro', 'Прохоров', 'Сергей', 'Александрович', null, null, null, null, null, null, null, null);
INSERT INTO esrd.users (id, name, lastname, firstname, patronym, position, short_position, full_position, dative_fullname, dative_position, email, phone, department_id) VALUES (4011, 'VShirjaev', 'Ширяев', 'Владимир', 'Алексеевич', 'Специалист I категории', null, null, null, null, 'ShiryaevVA@mos.ru', '14371', 532);
INSERT INTO esrd.users (id, name, lastname, firstname, patronym, position, short_position, full_position, dative_fullname, dative_position, email, phone, department_id) VALUES (4012, 'EJakutovich', 'Якутович', 'Евгения', 'Александровна', 'Советник', null, null, null, null, 'YakutovichEA@mos.ru', '17287', 531);
INSERT INTO esrd.users (id, name, lastname, firstname, patronym, position, short_position, full_position, dative_fullname, dative_position, email, phone, department_id) VALUES (4013, 'IMinaev', 'Минаев', 'Илья', 'Ильич', null, null, null, null, null, null, '', null);
INSERT INTO esrd.users (id, name, lastname, firstname, patronym, position, short_position, full_position, dative_fullname, dative_position, email, phone, department_id) VALUES (4014, 'LGrigoreva', 'Григорьева', 'Лина', 'Борисовна', 'Советник', null, null, null, null, 'GrigorievaLB@mos.ru', '19376', 502);
INSERT INTO esrd.users (id, name, lastname, firstname, patronym, position, short_position, full_position, dative_fullname, dative_position, email, phone, department_id) VALUES (4015, 'ESinjako', 'Синякова', 'Екатерина', 'Викторовна', 'Начальник Управления', null, null, null, null, 'SinyakovaEV@mos.ru', '19753', 567);
INSERT INTO esrd.users (id, name, lastname, firstname, patronym, position, short_position, full_position, dative_fullname, dative_position, email, phone, department_id) VALUES (4016, 'MNekrasova', 'Некрасова', 'Мария', 'Александровна', 'Зам. начальника Управления', null, null, null, null, 'NekrasovaMA@mos.ru', '19744', 567);
INSERT INTO esrd.users (id, name, lastname, firstname, patronym, position, short_position, full_position, dative_fullname, dative_position, email, phone, department_id) VALUES (4017, 'EfimovVV', 'Ефимов', 'Владимир', 'Владимирович', 'Заместитель Мэра Москвы в Правительстве Москвы по вопросам экономической политики и имущественно-земельных отношений', null, null, null, null, null, null, 584);
INSERT INTO esrd.users (id, name, lastname, firstname, patronym, position, short_position, full_position, dative_fullname, dative_position, email, phone, department_id) VALUES (4018, 'BukinskayaEV', 'Букинская', 'Елизавета', 'Вадимовна', 'Начальник отдела', null, null, null, null, 'BukinskayaEV@mos.ru', '19723', 519);
INSERT INTO esrd.users (id, name, lastname, firstname, patronym, position, short_position, full_position, dative_fullname, dative_position, email, phone, department_id) VALUES (4019, 'MGavrile', 'Гавриленкова', 'Марина', 'Александровна', 'Зам. начальника Управления', null, null, null, null, 'GavrilenkovaMA@mos.ru', '17223', 573);
INSERT INTO esrd.users (id, name, lastname, firstname, patronym, position, short_position, full_position, dative_fullname, dative_position, email, phone, department_id) VALUES (4020, 'IZimina', 'Зимина', 'Ирина', 'Александровна', 'Советник', null, null, null, null, 'ZiminaIA@mos.ru', '17218', 512);
INSERT INTO esrd.users (id, name, lastname, firstname, patronym, position, short_position, full_position, dative_fullname, dative_position, email, phone, department_id) VALUES (4021, 'MUljanov', 'Ульянова', 'Марина', 'Николаевна', null, null, null, null, null, null, '', null);
INSERT INTO esrd.users (id, name, lastname, firstname, patronym, position, short_position, full_position, dative_fullname, dative_position, email, phone, department_id) VALUES (4022, 'LVapaeva', 'Вапаева', 'Людмила', 'Чарыевна', 'Начальник Управления', null, null, null, null, 'VapaevaLC@mos.ru', '15055', 573);
INSERT INTO esrd.users (id, name, lastname, firstname, patronym, position, short_position, full_position, dative_fullname, dative_position, email, phone, department_id) VALUES (4023, 'ARasnicov', 'Расницов', 'Андрей', 'Михайлович', 'Начальник отдела', null, null, null, null, 'RasnitsovAM@mos.ru', '17413', 513);
INSERT INTO esrd.users (id, name, lastname, firstname, patronym, position, short_position, full_position, dative_fullname, dative_position, email, phone, department_id) VALUES (4024, 'EDMihailova', 'Михайлова', 'Екатерина', 'Дмитриевна', null, null, null, null, null, null, '', null);
INSERT INTO esrd.users (id, name, lastname, firstname, patronym, position, short_position, full_position, dative_fullname, dative_position, email, phone, department_id) VALUES (4025, 'GBessonov', 'Бессонов', 'Геннадий', 'Вячеславович', 'Гл. специалист', null, null, null, null, 'BessonovGV@mos.ru', '17273', 515);
INSERT INTO esrd.users (id, name, lastname, firstname, patronym, position, short_position, full_position, dative_fullname, dative_position, email, phone, department_id) VALUES (4026, 'LRashetina', 'Расчетина', 'Любовь', 'Викторовна', 'Зам. начальника Управления', null, null, null, null, 'RaschetinaLV@mos.ru', '19739', 567);
INSERT INTO esrd.users (id, name, lastname, firstname, patronym, position, short_position, full_position, dative_fullname, dative_position, email, phone, department_id) VALUES (4027, 'NKovalchuk', 'Ковальчук', 'Наталья', 'Юрьевна', 'Зам. начальника отдела', null, null, null, null, 'KovalchukNY@mos.ru', '15572', 517);
INSERT INTO esrd.users (id, name, lastname, firstname, patronym, position, short_position, full_position, dative_fullname, dative_position, email, phone, department_id) VALUES (4028, 'TPanina', 'Панина', 'Татьяна', 'Васильевна', 'Гл. специалист ', null, null, null, null, 'PaninaTV@gaui.mos.ru', '19725', 570);
INSERT INTO esrd.users (id, name, lastname, firstname, patronym, position, short_position, full_position, dative_fullname, dative_position, email, phone, department_id) VALUES (4029, 'YSolodovnikova', 'Солодовникова', 'Юлия', 'Николаевна', 'Советник', null, null, null, null, 'SolodovnikovaYN@mos.ru', '19669', 535);
INSERT INTO esrd.users (id, name, lastname, firstname, patronym, position, short_position, full_position, dative_fullname, dative_position, email, phone, department_id) VALUES (4030, 'VasilevaLA', 'Васильева', 'Любовь', 'Анберовна', null, null, null, null, null, '', null, null);
INSERT INTO esrd.users (id, name, lastname, firstname, patronym, position, short_position, full_position, dative_fullname, dative_position, email, phone, department_id) VALUES (4031, 'AGoryacheva', 'Горячева', 'Александра', 'Владимировна', 'Начальник отдела', null, null, null, null, 'GoryachevaAV@mos.ru', '17451', 520);
INSERT INTO esrd.users (id, name, lastname, firstname, patronym, position, short_position, full_position, dative_fullname, dative_position, email, phone, department_id) VALUES (4032, 'OPankratova', 'Панкратова', 'Ольга', 'Николаевна', 'Начальник отдела', null, null, null, null, 'PankratovaON@mos.ru', '17440', 518);
INSERT INTO esrd.users (id, name, lastname, firstname, patronym, position, short_position, full_position, dative_fullname, dative_position, email, phone, department_id) VALUES (4033, 'SamsonovDY', 'Самсонов', 'Дмитрий', 'Юрьевич', 'Советник Руководителя', null, null, null, null, null, '19445', 583);
INSERT INTO esrd.users (id, name, lastname, firstname, patronym, position, short_position, full_position, dative_fullname, dative_position, email, phone, department_id) VALUES (4034, 'MMjakshev', 'Мякшев', 'Михаил', 'Васильевич', 'Зам. начальника отдела', null, null, null, null, 'MyakshevMV@mos.ru', '17403', 518);
INSERT INTO esrd.users (id, name, lastname, firstname, patronym, position, short_position, full_position, dative_fullname, dative_position, email, phone, department_id) VALUES (4035, 'EPanov', 'Панов', 'Евгений', 'Александрович', 'Начальник Управления', null, null, null, null, 'PanovEA@mos.ru', '19735', 564);
INSERT INTO esrd.users (id, name, lastname, firstname, patronym, position, short_position, full_position, dative_fullname, dative_position, email, phone, department_id) VALUES (4036, 'MKazimirskiy', 'Казимирский', 'Максим', 'Александрович', 'Советник', null, null, null, null, 'KazimirskyMA@mos.ru', '19459', 517);
INSERT INTO esrd.users (id, name, lastname, firstname, patronym, position, short_position, full_position, dative_fullname, dative_position, email, phone, department_id) VALUES (4037, 'KudinovaMV', 'Кудинова', 'Марина', 'Владиславовна', 'Консультант', null, null, null, null, 'KudinovaMV@mos.ru', '19758', 509);
INSERT INTO esrd.users (id, name, lastname, firstname, patronym, position, short_position, full_position, dative_fullname, dative_position, email, phone, department_id) VALUES (4038, 'MPashkova', 'Пашкова', 'Мария', 'Эдуардовна', 'Зам. начальника Управления', null, null, null, null, 'PashkovaME@mos.ru', '19436', 575);
INSERT INTO esrd.users (id, name, lastname, firstname, patronym, position, short_position, full_position, dative_fullname, dative_position, email, phone, department_id) VALUES (4039, 'OCheremisinova', 'Черемисинова', 'Ольга', 'Борисовна', 'Советник', null, null, null, null, 'CheremisinovaOB@mos.ru', '10651', 538);
INSERT INTO esrd.users (id, name, lastname, firstname, patronym, position, short_position, full_position, dative_fullname, dative_position, email, phone, department_id) VALUES (4040, 'AFedkin', 'Федькин', 'Александр', 'Александрович', 'Начальник Управления', null, null, null, null, 'FedkinAA@mos.ru', '19718', 575);
INSERT INTO esrd.users (id, name, lastname, firstname, patronym, position, short_position, full_position, dative_fullname, dative_position, email, phone, department_id) VALUES (4041, 'EBaranova', 'Баранова', 'Елена', 'Николаевна', 'Зам. начальника отдела', null, null, null, null, 'BaranovaEN@mos.ru', '17298', 516);
INSERT INTO esrd.users (id, name, lastname, firstname, patronym, position, short_position, full_position, dative_fullname, dative_position, email, phone, department_id) VALUES (4042, 'ENikolaeva', 'Николаева', 'Елена', 'Викторовна', 'Консультант', null, null, null, null, 'NikolaevaEVi@mos.ru', '19457', 514);
INSERT INTO esrd.users (id, name, lastname, firstname, patronym, position, short_position, full_position, dative_fullname, dative_position, email, phone, department_id) VALUES (4043, 'OMarkova', 'Маркова', 'Ольга', 'Викторовна', 'Зам. начальника отдела', null, null, null, null, 'MarkovaOVi@mos.ru', '17244', 534);
INSERT INTO esrd.users (id, name, lastname, firstname, patronym, position, short_position, full_position, dative_fullname, dative_position, email, phone, department_id) VALUES (4044, 'LChumakova', 'Чумакова', 'Людмила', 'Витальевна', 'Начальник Управления', null, null, null, null, 'ChumakovaLV@mos.ru', '17465', 565);
INSERT INTO esrd.users (id, name, lastname, firstname, patronym, position, short_position, full_position, dative_fullname, dative_position, email, phone, department_id) VALUES (4045, 'SerovaYA', 'Серова', 'Юлия', 'Анатольевна', 'Гл. специалист', null, null, null, null, 'SerovaYA@mos.ru', '19724', 526);
INSERT INTO esrd.users (id, name, lastname, firstname, patronym, position, short_position, full_position, dative_fullname, dative_position, email, phone, department_id) VALUES (4046, 'AAlekseev', 'Алексеев', 'Эдуард', 'Викторович', 'Начальник Управления', 'Начальник Управления бюджетного планирования, бухгалтерского учета и государственного заказа', 'Начальник Управления бюджетного планирования, бухгалтерского учета и государственного заказа Департамента экономической политики и развития города Москвы', 'Алексееву Эдуарду Викторовичу', 'Начальнику Управления бюджетного планирования, бухгалтерского учета и государственного заказа', 'AlekseevEV@mos.ru', '15072', 570);
INSERT INTO esrd.users (id, name, lastname, firstname, patronym, position, short_position, full_position, dative_fullname, dative_position, email, phone, department_id) VALUES (4047, 'ZgonnikovaTA', 'Згонникова', 'Татьяна', 'Анатольевна', 'Начальник отдела', null, null, null, null, 'ZgonnikovaTA@mos.ru', '17444', 526);
INSERT INTO esrd.users (id, name, lastname, firstname, patronym, position, short_position, full_position, dative_fullname, dative_position, email, phone, department_id) VALUES (4048, 'KazakovAA', 'Казаков', 'Александр', 'Александрович', null, null, null, null, null, null, null, null);
INSERT INTO esrd.users (id, name, lastname, firstname, patronym, position, short_position, full_position, dative_fullname, dative_position, email, phone, department_id) VALUES (4049, 'DOsipov', 'Осипов', 'Дмитрий', 'Александрович', 'Начальник отдела', null, null, null, null, 'OsipovDA@mos.ru', '19451', 525);
INSERT INTO esrd.users (id, name, lastname, firstname, patronym, position, short_position, full_position, dative_fullname, dative_position, email, phone, department_id) VALUES (4050, 'VMin', 'Мин', 'Виктория', 'Сергеевна', null, null, null, null, null, null, null, null);
INSERT INTO esrd.users (id, name, lastname, firstname, patronym, position, short_position, full_position, dative_fullname, dative_position, email, phone, department_id) VALUES (4051, 'KuzmichevaLA', 'Кузьмичева', 'Любовь', 'Алексеевна', 'Начальник отдела', null, null, null, null, 'KuzmichevaLA@mos.ru', '17467', 515);
INSERT INTO esrd.users (id, name, lastname, firstname, patronym, position, short_position, full_position, dative_fullname, dative_position, email, phone, department_id) VALUES (4052, 'MMorozova', 'Морозова', 'Мария', 'Юрьевна', 'Гл. специалист', null, null, null, null, 'MorozovaMY@gaui.mos.ru', '17255', 531);
INSERT INTO esrd.users (id, name, lastname, firstname, patronym, position, short_position, full_position, dative_fullname, dative_position, email, phone, department_id) VALUES (4053, 'NYagodkina', 'Ягодкина', 'Наталья', 'Владимировна', 'Советник', null, null, null, null, 'YagodkinaNV@mos.ru', '19456', 530);
INSERT INTO esrd.users (id, name, lastname, firstname, patronym, position, short_position, full_position, dative_fullname, dative_position, email, phone, department_id) VALUES (4054, 'LLevykina', 'Левыкина', 'Лина', 'Павловна', 'Зам. начальника Управления', null, null, null, null, 'LevykinaLP@mos.ru', '17256', 563);
INSERT INTO esrd.users (id, name, lastname, firstname, patronym, position, short_position, full_position, dative_fullname, dative_position, email, phone, department_id) VALUES (4055, 'AShmelev', 'Шмелев', 'Александр', 'Евгеньевич', 'Советник', null, null, null, null, 'ShmelevAE@mos.ru', '17283', 512);
INSERT INTO esrd.users (id, name, lastname, firstname, patronym, position, short_position, full_position, dative_fullname, dative_position, email, phone, department_id) VALUES (4056, 'APopov', 'Попов', 'Александр', 'Станиславович', 'Зам. начальника отдела', null, null, null, null, 'PopovAS1@mos.ru', '17250', 512);
INSERT INTO esrd.users (id, name, lastname, firstname, patronym, position, short_position, full_position, dative_fullname, dative_position, email, phone, department_id) VALUES (4057, 'MZhabina', 'Жабина', 'Маргарита', 'Михайловна', 'Консультант', null, null, null, null, 'ZhabinaMM@mos.ru', '17203', 512);
INSERT INTO esrd.users (id, name, lastname, firstname, patronym, position, short_position, full_position, dative_fullname, dative_position, email, phone, department_id) VALUES (4058, 'MakarovaED', 'Макарова', 'Елена', 'Дмитриевна', 'Консультант', null, null, null, null, 'MakarovaED@mos.ru', '17232', 512);
INSERT INTO esrd.users (id, name, lastname, firstname, patronym, position, short_position, full_position, dative_fullname, dative_position, email, phone, department_id) VALUES (4059, 'EZhavoronkina', 'Жаворонкина', 'Елена', 'Викторовна', 'Консультант', null, null, null, null, 'ZhavoronkinaEV@mos.ru', '17446', 530);
INSERT INTO esrd.users (id, name, lastname, firstname, patronym, position, short_position, full_position, dative_fullname, dative_position, email, phone, department_id) VALUES (4060, 'MErmolaeva', 'Ермолаева', 'Мария', 'Леонтьевна', 'Гл. специалист', null, null, null, null, 'ErmolaevaML@mos.ru', '19751', 531);
INSERT INTO esrd.users (id, name, lastname, firstname, patronym, position, short_position, full_position, dative_fullname, dative_position, email, phone, department_id) VALUES (4061, 'IPolyakova', 'Полякова', 'Ирина', 'Николаевна', 'Советник', null, null, null, null, 'PolyakovaIN@mos.ru', '10460', 501);
INSERT INTO esrd.users (id, name, lastname, firstname, patronym, position, short_position, full_position, dative_fullname, dative_position, email, phone, department_id) VALUES (4062, 'APoljakova', 'Полякова', 'Анна', 'Владимировна', 'Советник', null, null, null, null, 'PolyakovaAV@mos.ru', '19716', 570);
INSERT INTO esrd.users (id, name, lastname, firstname, patronym, position, short_position, full_position, dative_fullname, dative_position, email, phone, department_id) VALUES (4063, 'ZubovSS', 'Зубов', 'Сергей', 'Сергеевич', 'Зам. начальника Управления', null, null, null, null, 'ZubovSS@mos.ru', '19712', 570);
INSERT INTO esrd.users (id, name, lastname, firstname, patronym, position, short_position, full_position, dative_fullname, dative_position, email, phone, department_id) VALUES (4064, 'LVologeva', 'Воложева', 'Лариса', 'Алексеевна', 'Советник', null, null, null, null, 'VolozhevaLA@mos.ru', '17238', 529);
INSERT INTO esrd.users (id, name, lastname, firstname, patronym, position, short_position, full_position, dative_fullname, dative_position, email, phone, department_id) VALUES (4065, 'TKorsako', 'Корсакова', 'Татьяна', 'Юрьевна', 'Зам. начальника Управления', null, null, null, null, 'KorsakovaTY@mos.ru', '18964', 571);
INSERT INTO esrd.users (id, name, lastname, firstname, patronym, position, short_position, full_position, dative_fullname, dative_position, email, phone, department_id) VALUES (4066, 'IStrelni', 'Стрельникова', 'Ирина', 'Ивановна', 'Начальник отдела', null, null, null, null, 'StrelnikovaII@mos.ru', '17447', 529);
INSERT INTO esrd.users (id, name, lastname, firstname, patronym, position, short_position, full_position, dative_fullname, dative_position, email, phone, department_id) VALUES (4067, 'MalyginaMN', 'Малыгина', 'Мария', 'Николаевна', 'Гл. специалист', null, null, null, null, 'MalyginaMN@develop.mos.ru', '17433', 529);
INSERT INTO esrd.users (id, name, lastname, firstname, patronym, position, short_position, full_position, dative_fullname, dative_position, email, phone, department_id) VALUES (4068, 'IBobkova', 'Бобкова', 'Ирина', 'Викторовна', 'Консультант', null, null, null, null, 'BobkovaIV@mos.ru', '17401', 529);
INSERT INTO esrd.users (id, name, lastname, firstname, patronym, position, short_position, full_position, dative_fullname, dative_position, email, phone, department_id) VALUES (4069, 'VFesik', 'Фесик', 'Валерия', 'Игоревна', 'Специалист', null, null, null, null, 'FesikVI@gaui.mos.ru', '19757', 529);
INSERT INTO esrd.users (id, name, lastname, firstname, patronym, position, short_position, full_position, dative_fullname, dative_position, email, phone, department_id) VALUES (4070, 'ksc', 'Kaspersky', 'Security', 'Center', null, null, null, null, null, null, null, null);
INSERT INTO esrd.users (id, name, lastname, firstname, patronym, position, short_position, full_position, dative_fullname, dative_position, email, phone, department_id) VALUES (4071, 'MAnnenkova', 'Анненкова', 'Мария', 'Алексеевна', 'Начальник Управления', null, null, null, null, 'AnnenkovaMA@mos.ru', '19449', 569);
INSERT INTO esrd.users (id, name, lastname, firstname, patronym, position, short_position, full_position, dative_fullname, dative_position, email, phone, department_id) VALUES (4072, 'MKrugalova', 'Кружалова', 'Мария', 'Александровна', 'Начальник отдела', null, null, null, null, 'KruzhalovaMA@mos.ru', '19447', 524);
INSERT INTO esrd.users (id, name, lastname, firstname, patronym, position, short_position, full_position, dative_fullname, dative_position, email, phone, department_id) VALUES (4073, 'ZFyahretdinova', 'Фяхретдинова', 'Зифа', 'Ханвяровна', 'Советник', null, null, null, null, 'FyakhretdinovaZK@mos.ru', '19442', 524);
INSERT INTO esrd.users (id, name, lastname, firstname, patronym, position, short_position, full_position, dative_fullname, dative_position, email, phone, department_id) VALUES (4074, 'EMedvedeva', 'Медведева', 'Екатерина', 'Валентиновна', 'Гл. специалист', null, null, null, null, 'MedvedevaEV2@mos.ru', '19452', 536);
INSERT INTO esrd.users (id, name, lastname, firstname, patronym, position, short_position, full_position, dative_fullname, dative_position, email, phone, department_id) VALUES (4075, 'KugakovEV', 'Кугаков', 'Евгений', 'Вячеславович', 'Начальник Управления', null, null, null, null, 'KugakovEV@mos.ru', '17411', 566);
INSERT INTO esrd.users (id, name, lastname, firstname, patronym, position, short_position, full_position, dative_fullname, dative_position, email, phone, department_id) VALUES (4076, 'ChekanovDA', 'Чеканов', 'Дмитрий', 'Анатольевич', 'Гл. специалист', null, null, null, null, 'ChekanovDA@mos.ru', '19714', 566);
INSERT INTO esrd.users (id, name, lastname, firstname, patronym, position, short_position, full_position, dative_fullname, dative_position, email, phone, department_id) VALUES (4077, 'KlishinaEA', 'Клишина', 'Екатерина', 'Александровна', null, null, null, null, null, null, null, null);
INSERT INTO esrd.users (id, name, lastname, firstname, patronym, position, short_position, full_position, dative_fullname, dative_position, email, phone, department_id) VALUES (4078, 'KochetkovMM', 'Кочетков', 'Михаил', 'Михайлович', 'Гл. специалист', null, null, null, null, 'KochetkovMM@mos.ru', '17257', 566);
INSERT INTO esrd.users (id, name, lastname, firstname, patronym, position, short_position, full_position, dative_fullname, dative_position, email, phone, department_id) VALUES (4079, 'MironovichAO', 'Миронович', 'Алина', 'Олеговна', 'Гл. специалист', null, null, null, null, 'MironovichAO@mos.ru', '19720', 566);
INSERT INTO esrd.users (id, name, lastname, firstname, patronym, position, short_position, full_position, dative_fullname, dative_position, email, phone, department_id) VALUES (4080, 'SergienkoVG', 'Сергиенко', 'Виктор', 'Геннадьевич', null, null, null, null, null, null, null, 566);
INSERT INTO esrd.users (id, name, lastname, firstname, patronym, position, short_position, full_position, dative_fullname, dative_position, email, phone, department_id) VALUES (4081, 'MatveevaAV', 'Матвеева', 'Анна', 'Валерьевна', null, null, null, null, null, null, null, null);
INSERT INTO esrd.users (id, name, lastname, firstname, patronym, position, short_position, full_position, dative_fullname, dative_position, email, phone, department_id) VALUES (4082, 'PelevinaMN', 'Пелевина', 'Мария', 'Николаевна', 'Начальник отдела', null, null, null, null, 'PelevinaMN@mos.ru', '14872', 539);
INSERT INTO esrd.users (id, name, lastname, firstname, patronym, position, short_position, full_position, dative_fullname, dative_position, email, phone, department_id) VALUES (4083, 'EvdokimovaON', 'Евдокимова', 'Ольга', 'Николаевна', 'Консультант', null, null, null, null, 'EvdokimovaON@mos.ru', '19496', 539);
INSERT INTO esrd.users (id, name, lastname, firstname, patronym, position, short_position, full_position, dative_fullname, dative_position, email, phone, department_id) VALUES (4084, 'ShirokovaEY', 'Широкова', 'Елена', 'Юрьевна', 'Зам. начальника Управления', 'Заместитель начальника юридического управления', 'Заместитель начальника юридического управления Департамента экономической политики и развития города Москвы', 'Широковой Елене Юрьевне', 'Заместителю начальника юридического управления', 'ShirokovaEY@mos.ru', '17247', 575);
INSERT INTO esrd.users (id, name, lastname, firstname, patronym, position, short_position, full_position, dative_fullname, dative_position, email, phone, department_id) VALUES (4085, 'TkachukTS', 'Ткачук', 'Тимур', 'Сергеевич', 'Начальник отдела', null, null, null, null, 'TkachukTS@mos.ru', '15037', 540);
INSERT INTO esrd.users (id, name, lastname, firstname, patronym, position, short_position, full_position, dative_fullname, dative_position, email, phone, department_id) VALUES (4086, 'KuzminaSA', 'Кузьмина', 'Светлана', 'Александровна', 'Консультант', null, null, null, null, 'ChekhranovaSA@mos.ru', '19492', 540);
INSERT INTO esrd.users (id, name, lastname, firstname, patronym, position, short_position, full_position, dative_fullname, dative_position, email, phone, department_id) VALUES (4087, 'IMilova', 'Милова', 'Ирина', 'Игоревна', 'Советник', null, null, null, null, 'MilovaII@mos.ru', '17225', 518);
INSERT INTO esrd.users (id, name, lastname, firstname, patronym, position, short_position, full_position, dative_fullname, dative_position, email, phone, department_id) VALUES (4088, 'EAristova', 'Аристова', 'Екатерина', 'Михайловна', 'Консультант', null, null, null, null, 'AristovaEM@mos.ru', '14889', 520);
INSERT INTO esrd.users (id, name, lastname, firstname, patronym, position, short_position, full_position, dative_fullname, dative_position, email, phone, department_id) VALUES (4089, 'AkishevaNY', 'Акишева', 'Наталья', 'Юрьевна', 'Консультант', null, null, null, null, 'AkishevaNY@mos.ru', '17462', 518);
INSERT INTO esrd.users (id, name, lastname, firstname, patronym, position, short_position, full_position, dative_fullname, dative_position, email, phone, department_id) VALUES (4090, 'LychenkovaEN', 'Лыченкова', 'Евгения', 'Николаевна', 'Гл. специалист', null, null, null, null, 'LychenkovaEN@mos.ru', '17455', 519);
INSERT INTO esrd.users (id, name, lastname, firstname, patronym, position, short_position, full_position, dative_fullname, dative_position, email, phone, department_id) VALUES (4091, 'MudrecovaEA', 'Мудрецова', 'Евгения', 'Александровна', 'Гл. специалист', null, null, null, null, 'MudretsovaEA@mos.ru', '17422', null);
INSERT INTO esrd.users (id, name, lastname, firstname, patronym, position, short_position, full_position, dative_fullname, dative_position, email, phone, department_id) VALUES (4092, 'AgapovaEA', 'Агапова', 'Елена', 'Александровна', 'Специалист I категории', null, null, null, null, 'AgapovaEA1@mos.ru', '17497', 524);
INSERT INTO esrd.users (id, name, lastname, firstname, patronym, position, short_position, full_position, dative_fullname, dative_position, email, phone, department_id) VALUES (4093, 'AGrishaev', 'Гришаев', 'Андрей', 'Владимирович', 'Гл. специалист', null, null, null, null, 'GrishaevAV@mos.ru', '17248', 525);
INSERT INTO esrd.users (id, name, lastname, firstname, patronym, position, short_position, full_position, dative_fullname, dative_position, email, phone, department_id) VALUES (4094, 'SilkinaNS', 'Силкина', 'Наталья', 'Сергеевна', 'Зам. начальника Управления', null, null, null, null, 'SilkinaNS@mos.ru', '17240', 569);
INSERT INTO esrd.users (id, name, lastname, firstname, patronym, position, short_position, full_position, dative_fullname, dative_position, email, phone, department_id) VALUES (4095, 'ODidenko', 'Диденко', 'Ольга', 'Владимировна', null, null, null, null, null, null, null, null);
INSERT INTO esrd.users (id, name, lastname, firstname, patronym, position, short_position, full_position, dative_fullname, dative_position, email, phone, department_id) VALUES (4096, 'ZhegalinaLI', 'Жегалина', 'Людмила', 'Ивановна', 'Зам. начальника отдела', null, null, null, null, 'ZhegalinaLI@mos.ru', '17252', 550);
INSERT INTO esrd.users (id, name, lastname, firstname, patronym, position, short_position, full_position, dative_fullname, dative_position, email, phone, department_id) VALUES (4097, 'GakaevMA', 'Гакаев', 'Мансур', 'Аднанович', 'Ведущий специалист', null, null, null, null, 'GakaevMA@mos.ru', '17228', 519);
INSERT INTO esrd.users (id, name, lastname, firstname, patronym, position, short_position, full_position, dative_fullname, dative_position, email, phone, department_id) VALUES (4098, 'VaginAY', 'Вагин', 'Александр', 'Юрьевич', 'Советник', null, null, null, null, 'VaginAY@mos.ru', '19749', 519);
INSERT INTO esrd.users (id, name, lastname, firstname, patronym, position, short_position, full_position, dative_fullname, dative_position, email, phone, department_id) VALUES (4099, 'NChumachenko', 'Чумаченко', 'Наталья', 'Сергеевна', 'Начальник Управления', null, null, null, null, 'ChumachenkoNS@mos.ru', '17236', 562);
INSERT INTO esrd.users (id, name, lastname, firstname, patronym, position, short_position, full_position, dative_fullname, dative_position, email, phone, department_id) VALUES (4100, 'BiryukovaON', 'Бирюкова', 'Ольга', 'Николаевна', 'Зам. начальника Управления', null, null, null, null, 'BiryukovaON@mos.ru', '17239', 562);
INSERT INTO esrd.users (id, name, lastname, firstname, patronym, position, short_position, full_position, dative_fullname, dative_position, email, phone, department_id) VALUES (4101, 'MyalkinaMV', 'Мялькина', 'Марина', 'Васильевна', 'ИО Руководителя Пресс-службы', null, null, null, null, 'MyalkinaMV@tax.mos.ru', '17292', 586);
INSERT INTO esrd.users (id, name, lastname, firstname, patronym, position, short_position, full_position, dative_fullname, dative_position, email, phone, department_id) VALUES (4102, 'SinyukovaEA', 'Синюкова', 'Екатерина', 'Андреевна', null, null, null, null, null, null, null, null);
INSERT INTO esrd.users (id, name, lastname, firstname, patronym, position, short_position, full_position, dative_fullname, dative_position, email, phone, department_id) VALUES (4103, 'ArzianiNV', 'Арзиани', 'Наталья', 'Викторовна', null, null, null, null, null, 'ArzianiNV@develop.mos.ru', '19717', 505);
INSERT INTO esrd.users (id, name, lastname, firstname, patronym, position, short_position, full_position, dative_fullname, dative_position, email, phone, department_id) VALUES (4104, 'AndreevaEB', 'Андреева', 'Екатерина', 'Борисовна', null, null, null, null, null, null, null, null);
INSERT INTO esrd.users (id, name, lastname, firstname, patronym, position, short_position, full_position, dative_fullname, dative_position, email, phone, department_id) VALUES (4105, 'HamzinRH', 'Хамзин', 'Ринат', 'Халимович', null, null, null, null, null, null, null, null);
INSERT INTO esrd.users (id, name, lastname, firstname, patronym, position, short_position, full_position, dative_fullname, dative_position, email, phone, department_id) VALUES (4106, 'BereznitskyDI', 'Березницкий', 'Дмитрий', 'Игоревич', null, null, null, null, null, null, null, null);
INSERT INTO esrd.users (id, name, lastname, firstname, patronym, position, short_position, full_position, dative_fullname, dative_position, email, phone, department_id) VALUES (4107, 'KonstantinovaTV', 'Константинова', 'Татьяна', 'Викторовна', 'Специалист', null, null, null, null, 'KonstantinovaTV@tax.mos.ru', '17190', 507);
INSERT INTO esrd.users (id, name, lastname, firstname, patronym, position, short_position, full_position, dative_fullname, dative_position, email, phone, department_id) VALUES (4108, 'HaritoshkinaMY', 'Харитошкина', 'Марина', 'Юрьевна', 'Помощник руководителя', null, null, null, null, 'KharitoshkinaMY@tax.mos.ru', '19450', 583);
INSERT INTO esrd.users (id, name, lastname, firstname, patronym, position, short_position, full_position, dative_fullname, dative_position, email, phone, department_id) VALUES (4109, 'ShishkinaTS', 'Шишкина', 'Татьяна', 'Сергеевна', null, null, null, null, null, null, null, 507);
INSERT INTO esrd.users (id, name, lastname, firstname, patronym, position, short_position, full_position, dative_fullname, dative_position, email, phone, department_id) VALUES (4110, 'IpatovaEA', 'Ипатова', 'Евгения', 'Александровна', 'Гл. специалист', null, null, null, null, 'IpatovaEA@mos.ru', '19419', null);
INSERT INTO esrd.users (id, name, lastname, firstname, patronym, position, short_position, full_position, dative_fullname, dative_position, email, phone, department_id) VALUES (4111, 'ShaforostovaOA', 'Шафоростова', 'Ольга', 'Александровна', null, null, null, null, null, null, null, null);
INSERT INTO esrd.users (id, name, lastname, firstname, patronym, position, short_position, full_position, dative_fullname, dative_position, email, phone, department_id) VALUES (4112, 'RazumovskayaNE', 'Разумовская', 'Наталья', 'Евгеньевна', 'Гл. специалист', null, null, null, null, 'RazumovskayaNE@mos.ru', '17212', 546);
INSERT INTO esrd.users (id, name, lastname, firstname, patronym, position, short_position, full_position, dative_fullname, dative_position, email, phone, department_id) VALUES (4113, 'NBaulina', 'Баулина', 'Наталья', 'Игорьевна', 'Начальник отдела', null, null, null, null, 'BaulinaNI@mos.ru', '19437', 538);
INSERT INTO esrd.users (id, name, lastname, firstname, patronym, position, short_position, full_position, dative_fullname, dative_position, email, phone, department_id) VALUES (4114, 'AgishevaIV', 'Агишева', 'Ирина', 'Вадимовна', 'Зам. начальника Управления', null, null, null, null, 'AgishevaIV@mos.ru', '19710', 575);
INSERT INTO esrd.users (id, name, lastname, firstname, patronym, position, short_position, full_position, dative_fullname, dative_position, email, phone, department_id) VALUES (4115, 'FedorovPD', 'Федоров', 'Прохор', 'Дмитриевич', 'Зам. руководителя', null, null, null, null, 'FedorovPD@mos.ru', '19747', 583);
INSERT INTO esrd.users (id, name, lastname, firstname, patronym, position, short_position, full_position, dative_fullname, dative_position, email, phone, department_id) VALUES (4116, 'KuzminaNV', 'Кузьмина', 'Наталья', 'Владимировна', 'Начальник Управления', null, null, null, null, 'KuzminaNVl@mos.ru', '17258', 580);
INSERT INTO esrd.users (id, name, lastname, firstname, patronym, position, short_position, full_position, dative_fullname, dative_position, email, phone, department_id) VALUES (4117, 'SemeshinAA', 'Семёшин', 'Александр', 'Андреевич', 'Консультант', null, null, null, null, 'SemeshinAA@mos.ru', '17231', 547);
INSERT INTO esrd.users (id, name, lastname, firstname, patronym, position, short_position, full_position, dative_fullname, dative_position, email, phone, department_id) VALUES (4118, 'ShatovaIA', 'Шатова', 'Ирина', 'Александровна', 'Начальник отдела', null, null, null, null, 'ShatovaIA1@mos.ru', '19666', 587);
INSERT INTO esrd.users (id, name, lastname, firstname, patronym, position, short_position, full_position, dative_fullname, dative_position, email, phone, department_id) VALUES (4119, 'NPetrova', 'Петрова', 'Наталья', 'Ивановна', 'Гл. специалист', null, null, null, null, 'PetrovaNI@mos.ru', '17412', 504);
INSERT INTO esrd.users (id, name, lastname, firstname, patronym, position, short_position, full_position, dative_fullname, dative_position, email, phone, department_id) VALUES (4120, 'OPorhun', 'Порхун', 'Ольга', 'Сергеевна', 'Начальник отдела', null, null, null, null, 'PorkhunOS@mos.ru', '19497', 523);
INSERT INTO esrd.users (id, name, lastname, firstname, patronym, position, short_position, full_position, dative_fullname, dative_position, email, phone, department_id) VALUES (4121, 'OGrosova', 'Гросова', 'Оксана', 'Александровна', 'Консультант', null, null, null, null, 'GrosovaOA@mos.ru', '17201', 513);
INSERT INTO esrd.users (id, name, lastname, firstname, patronym, position, short_position, full_position, dative_fullname, dative_position, email, phone, department_id) VALUES (4122, 'ArbatskyEI', 'Арбатский', 'Егор', 'Иванович', '', null, null, null, null, 'ArbatskyEI@develop.mos.ru', '15039', 562);
INSERT INTO esrd.users (id, name, lastname, firstname, patronym, position, short_position, full_position, dative_fullname, dative_position, email, phone, department_id) VALUES (4123, 'GSkripnichenko', 'Скрипниченко', 'Гюзель', 'Исламовна', 'Зав. сектором', null, null, null, null, 'SkripnichenkoGI@mos.ru', '17237', 537);
INSERT INTO esrd.users (id, name, lastname, firstname, patronym, position, short_position, full_position, dative_fullname, dative_position, email, phone, department_id) VALUES (4124, 'ShkuratovaMP', 'Шкуратова', 'Мария', 'Петровна', 'Приемная', null, null, null, null, 'ShkuratovaMP@develop.mos.ru', '17209', 583);
INSERT INTO esrd.users (id, name, lastname, firstname, patronym, position, short_position, full_position, dative_fullname, dative_position, email, phone, department_id) VALUES (4125, 'VareevaSV', 'Вареева', 'Светлана', 'Владимировна', 'Приемная', null, null, null, null, 'VareevaSV@mos.ru', '17468', 583);
INSERT INTO esrd.users (id, name, lastname, firstname, patronym, position, short_position, full_position, dative_fullname, dative_position, email, phone, department_id) VALUES (4126, 'TSoyNE', 'Цой', 'Наталья', 'Эфриковна', null, null, null, null, null, null, null, null);
INSERT INTO esrd.users (id, name, lastname, firstname, patronym, position, short_position, full_position, dative_fullname, dative_position, email, phone, department_id) VALUES (4127, 'MGluhova', 'Глухова', 'Мария', 'Валерьевна', 'Зам. начальника Управления', null, null, null, null, 'GluhovaMV@mos.ru', '18957', 570);
INSERT INTO esrd.users (id, name, lastname, firstname, patronym, position, short_position, full_position, dative_fullname, dative_position, email, phone, department_id) VALUES (4128, 'KErshov', 'Ершов', 'Кирилл', 'Игоревич', 'Зам. начальника Управления', null, null, null, null, 'ErshovKI@mos.ru', '14893', 565);
INSERT INTO esrd.users (id, name, lastname, firstname, patronym, position, short_position, full_position, dative_fullname, dative_position, email, phone, department_id) VALUES (4129, 'DZykov', 'Зыков', 'Дмитрий', 'Николаевич', 'Гл. специалист', null, null, null, null, 'ZykovDN@mos.ru', '15027', 570);
INSERT INTO esrd.users (id, name, lastname, firstname, patronym, position, short_position, full_position, dative_fullname, dative_position, email, phone, department_id) VALUES (4130, 'SpesivtsevaEY', 'Спесивцева', 'Елена', 'Юрьевна', 'Начальник Управления', null, null, null, null, 'SpesivtsevaEY@mos.ru', '19417', 561);
INSERT INTO esrd.users (id, name, lastname, firstname, patronym, position, short_position, full_position, dative_fullname, dative_position, email, phone, department_id) VALUES (4131, 'SukharevaAN', 'Сухарева', 'Аниса', 'Николаевна', 'Начальник отдела', null, null, null, null, 'SukharevaAN@mos.ru', '14840', 532);
INSERT INTO esrd.users (id, name, lastname, firstname, patronym, position, short_position, full_position, dative_fullname, dative_position, email, phone, department_id) VALUES (4132, 'LLepushenko', 'Лепушенко', 'Людмила', 'Валентиновна', 'Консультант', null, null, null, null, 'LepushenkoLV@mos.ru', '17480', 544);
INSERT INTO esrd.users (id, name, lastname, firstname, patronym, position, short_position, full_position, dative_fullname, dative_position, email, phone, department_id) VALUES (4133, 'NovohatskayaED', 'Новохатская', 'Екатерина', 'Дмитриевна', 'Ведущий специалист', null, null, null, null, 'NovokhatskayaED@mos.ru', '19431', 542);
INSERT INTO esrd.users (id, name, lastname, firstname, patronym, position, short_position, full_position, dative_fullname, dative_position, email, phone, department_id) VALUES (4134, 'FrolovaAV', 'Фролова', 'Александра', 'Вячеславовна', 'Зам. начальника отдела', null, null, null, null, 'FrolovaAVy@mos.ru', '14883', 543);
INSERT INTO esrd.users (id, name, lastname, firstname, patronym, position, short_position, full_position, dative_fullname, dative_position, email, phone, department_id) VALUES (4135, 'KostyukovaOV', 'Костюкова', 'Оксана', 'Владимировна', null, null, null, null, null, null, null, null);
INSERT INTO esrd.users (id, name, lastname, firstname, patronym, position, short_position, full_position, dative_fullname, dative_position, email, phone, department_id) VALUES (4136, 'RyzhovaVA', 'Рыжова', 'Валентина', 'Александровна', 'Начальник отдела', null, null, null, null, 'RyzhovaVA@mos.ru', '14885', 542);
INSERT INTO esrd.users (id, name, lastname, firstname, patronym, position, short_position, full_position, dative_fullname, dative_position, email, phone, department_id) VALUES (4137, 'BraunVV', 'Браун', 'Вера', 'Викторовна', 'Советник', null, null, null, null, 'BraunVV@mos.ru', '14884', 543);
INSERT INTO esrd.users (id, name, lastname, firstname, patronym, position, short_position, full_position, dative_fullname, dative_position, email, phone, department_id) VALUES (4138, 'CerkunovaOA', 'Церкунова', 'Ольга', 'Александровна', 'Консультант', null, null, null, null, 'TserkunovaOA@mos.ru', '14887', 542);
INSERT INTO esrd.users (id, name, lastname, firstname, patronym, position, short_position, full_position, dative_fullname, dative_position, email, phone, department_id) VALUES (4139, 'MarkinaAV', 'Маркина', 'Анастасия', 'Владимировна', 'Зам. начальника Управления, Начальник отдела', null, null, null, null, 'MarkinaAV1@mos.ru', '17438', 544);
INSERT INTO esrd.users (id, name, lastname, firstname, patronym, position, short_position, full_position, dative_fullname, dative_position, email, phone, department_id) VALUES (4140, 'ChugunovaMV', 'Чугунова', 'Марина', 'Викторовна', 'Ведущий специалист', null, null, null, null, 'ChugunovaMV1@mos.ru', '14892', 543);
INSERT INTO esrd.users (id, name, lastname, firstname, patronym, position, short_position, full_position, dative_fullname, dative_position, email, phone, department_id) VALUES (4141, 'ZharkovaIV', 'Жаркова', 'Ирина', 'Владимировна', 'ИО Начальника Управления', null, null, null, null, 'ZharkovaIV@mos.ru', '14858', 578);
INSERT INTO esrd.users (id, name, lastname, firstname, patronym, position, short_position, full_position, dative_fullname, dative_position, email, phone, department_id) VALUES (4142, 'VasilievaAV', 'Васильева', 'Анна', 'Владиславовна', 'Гл. специалист', null, null, null, null, 'VasilievaAV1@gaui.mos.ru', '18713', 500);
INSERT INTO esrd.users (id, name, lastname, firstname, patronym, position, short_position, full_position, dative_fullname, dative_position, email, phone, department_id) VALUES (4143, 'MinaevaOV', 'Минаева', 'Оксана', 'Владимировна', 'Начальник отдела', null, null, null, null, 'MinaevaOV@mos.ru', '17234', 500);
INSERT INTO esrd.users (id, name, lastname, firstname, patronym, position, short_position, full_position, dative_fullname, dative_position, email, phone, department_id) VALUES (4144, 'StasenkoMY', 'Стасенко', 'Михаил', 'Юрьевич', 'Зам. начальника Управления', null, null, null, null, 'StasenkoMY@mos.ru', '15038', 561);
INSERT INTO esrd.users (id, name, lastname, firstname, patronym, position, short_position, full_position, dative_fullname, dative_position, email, phone, department_id) VALUES (4145, 'KorolevaOG', 'Королева', 'Ольга', 'Григорьевна', 'Консультант', null, null, null, null, 'KorolevaOG@mos.ru', '19394', 500);
INSERT INTO esrd.users (id, name, lastname, firstname, patronym, position, short_position, full_position, dative_fullname, dative_position, email, phone, department_id) VALUES (4146, 'ZakrevskayaNA', 'Закревская', 'Наталия', 'Александровна', 'Гл. специалист', null, null, null, null, 'ZakrevskayaNA@gaui.mos.ru', '17259', 500);
INSERT INTO esrd.users (id, name, lastname, firstname, patronym, position, short_position, full_position, dative_fullname, dative_position, email, phone, department_id) VALUES (4147, 'TatarinovaTD', 'Татаринова', 'Татьяна', 'Дмитриевна', 'Зам.начальника отдела', null, null, null, null, 'TatarinovaTD@mos.ru', '15183', 502);
INSERT INTO esrd.users (id, name, lastname, firstname, patronym, position, short_position, full_position, dative_fullname, dative_position, email, phone, department_id) VALUES (4148, 'ProtsenkoVI', 'Проценко', 'Вера', 'Игоревна', null, null, null, null, null, null, null, null);
INSERT INTO esrd.users (id, name, lastname, firstname, patronym, position, short_position, full_position, dative_fullname, dative_position, email, phone, department_id) VALUES (4149, 'MBagreeva', 'Багреева', 'Мария', 'Андреевна', 'Первый зам. руководителя', null, null, null, null, 'BagreevaMA@mos.ru', '17264', 583);
INSERT INTO esrd.users (id, name, lastname, firstname, patronym, position, short_position, full_position, dative_fullname, dative_position, email, phone, department_id) VALUES (4150, 'SibrinAE', 'Сибрин', 'Александр', 'Эдуардович', 'Первый зам. руководителя', null, null, null, null, 'SibrinAE@mos.ru', '18959', 583);
INSERT INTO esrd.users (id, name, lastname, firstname, patronym, position, short_position, full_position, dative_fullname, dative_position, email, phone, department_id) VALUES (4151, 'KnyazevDV', 'Князев', 'Дмитрий', 'Владимирович', 'Начальник отдела', null, null, null, null, 'KnyazevDV@mos.ru', '14860', 555);
INSERT INTO esrd.users (id, name, lastname, firstname, patronym, position, short_position, full_position, dative_fullname, dative_position, email, phone, department_id) VALUES (4152, 'ChernihEI', 'Черных', 'Евгения', 'Игоревна', 'Зам. начальника отдела', null, null, null, null, 'ChernykhEI@mos.ru', '14861', 555);
INSERT INTO esrd.users (id, name, lastname, firstname, patronym, position, short_position, full_position, dative_fullname, dative_position, email, phone, department_id) VALUES (4153, 'VolkovaEV', 'Волкова', 'Екатерина', 'Валериевна', 'Советник', null, null, null, null, 'VolkovaEVa@mos.ru', '14867', 555);
INSERT INTO esrd.users (id, name, lastname, firstname, patronym, position, short_position, full_position, dative_fullname, dative_position, email, phone, department_id) VALUES (4154, 'ZaharovAS', 'Захаров', 'Антон', 'Станиславович', 'Советник', null, null, null, null, 'ZakharovAS1@mos.ru', '14862', 555);
INSERT INTO esrd.users (id, name, lastname, firstname, patronym, position, short_position, full_position, dative_fullname, dative_position, email, phone, department_id) VALUES (4155, 'VlasovYY', 'Власов', 'Юрий', 'Юрьевич', 'Ведущий специалист', null, null, null, null, 'VlasovYY@mos.ru', '14863', 555);
INSERT INTO esrd.users (id, name, lastname, firstname, patronym, position, short_position, full_position, dative_fullname, dative_position, email, phone, department_id) VALUES (4156, 'PetushkovaDS', 'Петушкова', 'Дарья', 'Сергеевна', 'Специалист 1-й категории', null, null, null, null, 'PetushkovaDS@mos.ru', '14864', 555);
INSERT INTO esrd.users (id, name, lastname, firstname, patronym, position, short_position, full_position, dative_fullname, dative_position, email, phone, department_id) VALUES (4157, 'TretyakovaAV', 'Третьякова', 'Анна', 'Викторовна', 'Специалист 1-й категории', null, null, null, null, 'TretyakovaAV@mos.ru', '14868', 555);
INSERT INTO esrd.users (id, name, lastname, firstname, patronym, position, short_position, full_position, dative_fullname, dative_position, email, phone, department_id) VALUES (4158, 'MorozovaIM', 'Морозова', 'Ирина', 'Михайловна', 'Начальник отдела', null, null, null, null, 'MorozovaIM@mos.ru', '14871', 556);
INSERT INTO esrd.users (id, name, lastname, firstname, patronym, position, short_position, full_position, dative_fullname, dative_position, email, phone, department_id) VALUES (4159, 'RomanovaOV', 'Романова', 'Ольга', 'Викторовна', 'Ведущий специалист', null, null, null, null, 'RomanovaOV4@mos.ru', '14875', 556);
INSERT INTO esrd.users (id, name, lastname, firstname, patronym, position, short_position, full_position, dative_fullname, dative_position, email, phone, department_id) VALUES (4160, 'KolosovaEN', 'Колосова', 'Екатерина', 'Николаевна', 'Специалист 1-й категории', null, null, null, null, 'KolosovaEN@mos.ru', '14874', 556);
INSERT INTO esrd.users (id, name, lastname, firstname, patronym, position, short_position, full_position, dative_fullname, dative_position, email, phone, department_id) VALUES (4161, 'SuslenkovDB', 'Сусленков', 'Дмитрий', 'Борисович', 'Зам. начальника Управления', null, null, null, null, 'SuslenkovDB@mos.ru', '14848', 582);
INSERT INTO esrd.users (id, name, lastname, firstname, patronym, position, short_position, full_position, dative_fullname, dative_position, email, phone, department_id) VALUES (4162, 'ShrabshteinAA', 'Шрабштейн', 'Анастасия', 'Анатольевна', null, null, null, null, null, null, null, null);
INSERT INTO esrd.users (id, name, lastname, firstname, patronym, position, short_position, full_position, dative_fullname, dative_position, email, phone, department_id) VALUES (4163, 'ElantsevAA', 'Еланцев', 'Андрей', 'Александрович', 'Зав. сектором', null, null, null, null, 'ElantsevAA@mos.ru', '14850', 553);
INSERT INTO esrd.users (id, name, lastname, firstname, patronym, position, short_position, full_position, dative_fullname, dative_position, email, phone, department_id) VALUES (4164, 'BarbashinaMV', 'Барбашина', 'Марина', 'Владимировна', 'Консультант', null, null, null, null, 'BarbashinaMV@mos.ru', '14851', 553);
INSERT INTO esrd.users (id, name, lastname, firstname, patronym, position, short_position, full_position, dative_fullname, dative_position, email, phone, department_id) VALUES (4165, 'BaranovaEV', 'Баранова', 'Елена', 'Викторовна', 'Гл. специалист', null, null, null, null, 'BaranovaEV3@mos.ru', '14852', 553);
INSERT INTO esrd.users (id, name, lastname, firstname, patronym, position, short_position, full_position, dative_fullname, dative_position, email, phone, department_id) VALUES (4166, 'ProkhorovaLV', 'Прохорова', 'Людмила', 'Васильевна', 'Гл. специалист', null, null, null, null, 'ProkhorovaLV2@mos.ru', '14853', 553);
INSERT INTO esrd.users (id, name, lastname, firstname, patronym, position, short_position, full_position, dative_fullname, dative_position, email, phone, department_id) VALUES (4167, 'SemenovAV', 'Семенов', 'Андрей', 'Вячеславович', null, null, null, null, null, null, null, null);
INSERT INTO esrd.users (id, name, lastname, firstname, patronym, position, short_position, full_position, dative_fullname, dative_position, email, phone, department_id) VALUES (4168, 'CHervyakovaIV', 'Червякова', 'Ирина', 'Валерьевна', 'Зам. начальника отдела', null, null, null, null, 'ChervyakovaIV@mos.ru', '14855', 554);
INSERT INTO esrd.users (id, name, lastname, firstname, patronym, position, short_position, full_position, dative_fullname, dative_position, email, phone, department_id) VALUES (4169, 'SerikovaEA', 'Серикова', 'Екатерина', 'Анатольевна', 'Советник', null, null, null, null, 'SerikovaEA@mos.ru', '14877', 554);
INSERT INTO esrd.users (id, name, lastname, firstname, patronym, position, short_position, full_position, dative_fullname, dative_position, email, phone, department_id) VALUES (4170, 'VolkovaIG', 'Волкова', 'Ирина', 'Геннадьевна', 'Консультант', null, null, null, null, 'VolkovaIG1@mos.ru', '14856', 554);
INSERT INTO esrd.users (id, name, lastname, firstname, patronym, position, short_position, full_position, dative_fullname, dative_position, email, phone, department_id) VALUES (4171, 'DanilinAV', 'Данилин', 'Андрей', 'Владимирович', 'Гл. специалист', null, null, null, null, 'DanilinAV1@mos.ru', '14870', 554);
INSERT INTO esrd.users (id, name, lastname, firstname, patronym, position, short_position, full_position, dative_fullname, dative_position, email, phone, department_id) VALUES (4172, 'TetushkinDN', 'Тётушкин', 'Дмитрий', 'Николаевич', 'Зам. руководителя', null, null, null, null, 'TetushkinDN@mos.ru', '10129', 583);
INSERT INTO esrd.users (id, name, lastname, firstname, patronym, position, short_position, full_position, dative_fullname, dative_position, email, phone, department_id) VALUES (4173, 'OMaslennikova', 'Масленникова', 'Оксана', 'Викторовна', 'Консультант', null, null, null, null, 'MaslennikovaOV@mos.ru', '19754', 513);
INSERT INTO esrd.users (id, name, lastname, firstname, patronym, position, short_position, full_position, dative_fullname, dative_position, email, phone, department_id) VALUES (4174, 'ShatilovAV', 'Шатилов', 'Андрей', 'Владимирович', 'Гл. специалист', null, null, null, null, 'ShatilovAV@mos.ru', '19458', 514);
INSERT INTO esrd.users (id, name, lastname, firstname, patronym, position, short_position, full_position, dative_fullname, dative_position, email, phone, department_id) VALUES (4175, 'GotsulovMV', 'Гоцулов', 'Максим', 'Витальевич', 'Зам. начальника Управления', null, null, null, null, 'GotsulovMV@mos.ru', '10126', 564);
INSERT INTO esrd.users (id, name, lastname, firstname, patronym, position, short_position, full_position, dative_fullname, dative_position, email, phone, department_id) VALUES (4176, 'BelovaAV', 'Белова', 'Алеся', 'Валерьевна', 'Заместитель начальника Управления, руководитель Контрактной службы', null, null, null, null, 'BelovaOV@mos.ru', '19729', 527);
INSERT INTO esrd.users (id, name, lastname, firstname, patronym, position, short_position, full_position, dative_fullname, dative_position, email, phone, department_id) VALUES (4177, 'SoldatovaEV', 'Солдатова', 'Екатерина', 'Викторовна', 'Советник', null, null, null, null, 'SoldatovaEV@mos.ru', '14899', 528);
INSERT INTO esrd.users (id, name, lastname, firstname, patronym, position, short_position, full_position, dative_fullname, dative_position, email, phone, department_id) VALUES (4178, 'ChernovaEV', 'Чернова', 'Екатерина', 'Викторовна', 'Начальник отдела', null, null, null, null, 'ChernovaEV@gaui.mos.ru', '14897', 528);
INSERT INTO esrd.users (id, name, lastname, firstname, patronym, position, short_position, full_position, dative_fullname, dative_position, email, phone, department_id) VALUES (4179, 'KirichkovaGE', 'Киричкова', 'Галина', 'Евгеньевна', 'Специалист I категории', null, null, null, null, 'KirichkovaGE@mos.ru', '14882', 533);
INSERT INTO esrd.users (id, name, lastname, firstname, patronym, position, short_position, full_position, dative_fullname, dative_position, email, phone, department_id) VALUES (4180, 'SyabitovaRV', 'Сябитова', 'Римма', 'Владиковна', 'Советник', null, null, null, null, 'SyabitovaRV1@mos.ru', '19727', 536);
INSERT INTO esrd.users (id, name, lastname, firstname, patronym, position, short_position, full_position, dative_fullname, dative_position, email, phone, department_id) VALUES (4181, 'GoryachevaNI', 'Горячева', 'Наталья', 'Ивановна', 'Гл. специалист', null, null, null, null, 'PaninaTV@gaui.mos.ru', '19725', 570);
INSERT INTO esrd.users (id, name, lastname, firstname, patronym, position, short_position, full_position, dative_fullname, dative_position, email, phone, department_id) VALUES (4182, 'NGoryacheva', 'Горячева', 'Наталия', 'Ивановна', 'Советник', null, null, null, null, 'GoryachevaNI@mos.ru', '17423', 570);
INSERT INTO esrd.users (id, name, lastname, firstname, patronym, position, short_position, full_position, dative_fullname, dative_position, email, phone, department_id) VALUES (4183, 'ShurovaTV', 'Шурова', 'Татьяна', 'Владимировна', 'Советник', null, null, null, null, 'ShurovaTV@mos.ru', '17424', 526);
INSERT INTO esrd.users (id, name, lastname, firstname, patronym, position, short_position, full_position, dative_fullname, dative_position, email, phone, department_id) VALUES (4184, 'EHalaburdina', 'Халабурдина', 'Елена', 'Игоревна', 'Начальник Управления', null, null, null, null, 'KhalaburdinaEI@mos.ru', '17418', 574);
INSERT INTO esrd.users (id, name, lastname, firstname, patronym, position, short_position, full_position, dative_fullname, dative_position, email, phone, department_id) VALUES (4185, 'NikitinaML', 'Никитина', 'Мария', 'Львовна', 'Зам. начальника Управления', null, null, null, null, 'NikitinaML@mos.ru', '19454', 574);
INSERT INTO esrd.users (id, name, lastname, firstname, patronym, position, short_position, full_position, dative_fullname, dative_position, email, phone, department_id) VALUES (4186, 'PetrenkoME', 'Петренко', 'Максим', 'Эдуардович', 'Начальник отдела', null, null, null, null, 'PetrenkoME@mos.ru', '19411', 536);
INSERT INTO esrd.users (id, name, lastname, firstname, patronym, position, short_position, full_position, dative_fullname, dative_position, email, phone, department_id) VALUES (4187, 'LovkovaEA', 'Ловкова', 'Елена', 'Анатольевна', 'Советник', null, null, null, null, 'LovkovaEA@mos.ru', '17436', 551);
INSERT INTO esrd.users (id, name, lastname, firstname, patronym, position, short_position, full_position, dative_fullname, dative_position, email, phone, department_id) VALUES (4188, 'ErmakovAG', 'Ермаков', 'Андрей', 'Геннадьевич', 'Зам. начальника Управления', null, null, null, null, 'ErmakovAG@mos.ru', '17419', 581);
INSERT INTO esrd.users (id, name, lastname, firstname, patronym, position, short_position, full_position, dative_fullname, dative_position, email, phone, department_id) VALUES (4189, 'KuznetsovaYP', 'Кузнецова', 'Юлия', 'Петровна', 'Зам. начальника отдела', null, null, null, null, 'KuznetsovaYP@mos.ru', '15002', 551);
INSERT INTO esrd.users (id, name, lastname, firstname, patronym, position, short_position, full_position, dative_fullname, dative_position, email, phone, department_id) VALUES (4190, 'BaronAA', 'Барон', 'Артем', 'Андреевич', 'Гл. специалист', null, null, null, null, 'BaronAA@mos.ru', '14838', 551);
INSERT INTO esrd.users (id, name, lastname, firstname, patronym, position, short_position, full_position, dative_fullname, dative_position, email, phone, department_id) VALUES (4191, 'RusskihIN', 'Русских', 'Ирина', 'Николаевна', 'Начальник отдела', null, null, null, null, 'RusskikhIN@mos.ru', '14834', null);
INSERT INTO esrd.users (id, name, lastname, firstname, patronym, position, short_position, full_position, dative_fullname, dative_position, email, phone, department_id) VALUES (4192, 'VolkovaON', 'Волкова', 'Ольга', 'Николаевна', 'Советник', null, null, null, null, 'VolkovaON2@mos.ru', '17233', 550);
INSERT INTO esrd.users (id, name, lastname, firstname, patronym, position, short_position, full_position, dative_fullname, dative_position, email, phone, department_id) VALUES (4193, 'LebedevaIA', 'Лебедева', 'Ирина', 'Александровна', 'Начальник отдела', null, null, null, null, 'LebedevaIA1@mos.ru', '17479', 550);
INSERT INTO esrd.users (id, name, lastname, firstname, patronym, position, short_position, full_position, dative_fullname, dative_position, email, phone, department_id) VALUES (4194, 'HvastochenkoON', 'Хвасточенко', 'Оксана', 'Николаевна', 'Гл. специалист', null, null, null, null, 'KhvastochenkoON@mos.ru', '19722', 550);
INSERT INTO esrd.users (id, name, lastname, firstname, patronym, position, short_position, full_position, dative_fullname, dative_position, email, phone, department_id) VALUES (4195, 'MininVN', 'Минин', 'Валерий', 'Николаевич', 'Зам. начальника Управления', null, null, null, null, 'MininVN@mos.ru', '14832', 581);
INSERT INTO esrd.users (id, name, lastname, firstname, patronym, position, short_position, full_position, dative_fullname, dative_position, email, phone, department_id) VALUES (4196, 'PlekhanovaEN', 'Плеханова', 'Екатерина', 'Николаевна', 'Консультант', null, null, null, null, 'PlekhanovaEN@mos.ru', '17439', 551);
INSERT INTO esrd.users (id, name, lastname, firstname, patronym, position, short_position, full_position, dative_fullname, dative_position, email, phone, department_id) VALUES (4197, 'KulikovaES', 'Куликова', 'Елена', 'Сергеевна', 'Зам. начальника Управления, начальник отдела', null, null, null, null, 'KrutovaES@mos.ru', '19740', 505);
INSERT INTO esrd.users (id, name, lastname, firstname, patronym, position, short_position, full_position, dative_fullname, dative_position, email, phone, department_id) VALUES (4198, 'GavdifattovaSN', 'Гавдифаттова', 'Софья', 'Николаевна', null, null, null, null, null, 'GavdifattovaSN@develop.mos.ru', '17282', 505);
INSERT INTO esrd.users (id, name, lastname, firstname, patronym, position, short_position, full_position, dative_fullname, dative_position, email, phone, department_id) VALUES (4199, 'PeregodovaEY', 'Перегодова', 'Елена', 'Юрьевна', null, null, null, null, null, null, null, null);
INSERT INTO esrd.users (id, name, lastname, firstname, patronym, position, short_position, full_position, dative_fullname, dative_position, email, phone, department_id) VALUES (4200, 'ChurkinaAV', 'Чуркина', 'Анна', 'Владимировна', 'Начальник отдела', null, null, null, null, 'ChurkinaAV@mos.ru', '17461', 508);
INSERT INTO esrd.users (id, name, lastname, firstname, patronym, position, short_position, full_position, dative_fullname, dative_position, email, phone, department_id) VALUES (4201, 'OreshkinGA', 'Орешкин', 'Григорий', 'Андреевич', null, null, null, null, null, 'OreshkinGA@develop.mos.ru', '19095', 505);
INSERT INTO esrd.users (id, name, lastname, firstname, patronym, position, short_position, full_position, dative_fullname, dative_position, email, phone, department_id) VALUES (4202, 'SHCHerbakovaNV', 'Щербакова', 'Наталья', 'Владимировна', null, null, null, null, null, 'ScherbakovaNV2@tax.mos.ru', '14896', 505);
INSERT INTO esrd.users (id, name, lastname, firstname, patronym, position, short_position, full_position, dative_fullname, dative_position, email, phone, department_id) VALUES (4203, 'DudinaLS', 'Дудина', 'Лариса', 'Сергеевна', 'Гл. специалист', null, null, null, null, 'DudinaLS@mos.ru', '17251', 505);
INSERT INTO esrd.users (id, name, lastname, firstname, patronym, position, short_position, full_position, dative_fullname, dative_position, email, phone, department_id) VALUES (4204, 'SporyshevaVV', 'Спорышева', 'Валентина', 'Валерьевна', 'Советник', null, null, null, null, 'SporyshevaVV@mos.ru', '17495', 505);
INSERT INTO esrd.users (id, name, lastname, firstname, patronym, position, short_position, full_position, dative_fullname, dative_position, email, phone, department_id) VALUES (4205, 'VasilievVV', 'Васильев', 'Виктор', 'Вячеславович', 'Начальник Управления', null, null, null, null, 'VasilievVV6@mos.ru', '14847', 582);
INSERT INTO esrd.users (id, name, lastname, firstname, patronym, position, short_position, full_position, dative_fullname, dative_position, email, phone, department_id) VALUES (4206, 'VolkovaNY', 'Волкова', 'Надежда', 'Юрьевна', null, null, null, null, null, null, null, null);
INSERT INTO esrd.users (id, name, lastname, firstname, patronym, position, short_position, full_position, dative_fullname, dative_position, email, phone, department_id) VALUES (4207, 'GlushkovaDA', 'Глушкова', 'Дарья', 'Анатольевна', null, null, null, null, null, null, null, null);
INSERT INTO esrd.users (id, name, lastname, firstname, patronym, position, short_position, full_position, dative_fullname, dative_position, email, phone, department_id) VALUES (4208, 'TyutyuginaIA', 'Тютюгина', 'Ирина', 'Александровна', 'Советник', null, null, null, null, 'TyutyuginaIA@mos.ru', '14873', 556);
INSERT INTO esrd.users (id, name, lastname, firstname, patronym, position, short_position, full_position, dative_fullname, dative_position, email, phone, department_id) VALUES (4209, 'VolchkovaEI', 'Волчкова', 'Елена', 'Иосифовна', 'Зам начальника Управления, начальник отдела', null, null, null, null, 'VolchkovaEI@gaui.mos.ru', '17230', 547);
INSERT INTO esrd.users (id, name, lastname, firstname, patronym, position, short_position, full_position, dative_fullname, dative_position, email, phone, department_id) VALUES (4210, 'SmirnovaMS', 'Смирнова', 'Маргарита', 'Сергеевна', 'Советник', null, null, null, null, 'SmirnovaMS1@mos.ru', '17242', 548);
INSERT INTO esrd.users (id, name, lastname, firstname, patronym, position, short_position, full_position, dative_fullname, dative_position, email, phone, department_id) VALUES (4211, 'krutovVV', 'Крутов', 'Владимир', 'Валерьевич', 'Начальник отдела', null, null, null, null, 'KrutovVV2@mos.ru', '17208', 548);
INSERT INTO esrd.users (id, name, lastname, firstname, patronym, position, short_position, full_position, dative_fullname, dative_position, email, phone, department_id) VALUES (4212, 'SHakhbazianSL', 'Шахбазян', 'Сюзанна', 'Левановна', null, null, null, null, null, null, null, null);
INSERT INTO esrd.users (id, name, lastname, firstname, patronym, position, short_position, full_position, dative_fullname, dative_position, email, phone, department_id) VALUES (4213, 'RyzhkovaOA', 'Рыжкова', 'Ольга', 'Алексеевна', 'Советник', null, null, null, null, 'RyzhkovaOA@mos.ru', '17453', 547);
INSERT INTO esrd.users (id, name, lastname, firstname, patronym, position, short_position, full_position, dative_fullname, dative_position, email, phone, department_id) VALUES (4214, 'BashkankovAP', 'Башканков', 'Александр', 'Павлович', null, null, null, null, null, null, null, null);
INSERT INTO esrd.users (id, name, lastname, firstname, patronym, position, short_position, full_position, dative_fullname, dative_position, email, phone, department_id) VALUES (4215, 'AkimovaEN', 'Акимова', 'Елена', 'Николаевна', 'Советник', null, null, null, null, 'AkimovaEN2@mos.ru', '17408', 547);
INSERT INTO esrd.users (id, name, lastname, firstname, patronym, position, short_position, full_position, dative_fullname, dative_position, email, phone, department_id) VALUES (4216, 'KHodenkovaNN', 'Ходенкова', 'Наталья', 'Николаевна', 'Консультант', null, null, null, null, 'HodenkovaNN@mos.ru', '17180', 547);
INSERT INTO esrd.users (id, name, lastname, firstname, patronym, position, short_position, full_position, dative_fullname, dative_position, email, phone, department_id) VALUES (4217, 'MorevaMO', 'Морева', 'Мария', 'Олеговна', null, null, null, null, null, null, null, 547);
INSERT INTO esrd.users (id, name, lastname, firstname, patronym, position, short_position, full_position, dative_fullname, dative_position, email, phone, department_id) VALUES (4218, 'ErmakovaVN', 'Ермакова', 'Вера', 'Николаевна', 'Консультант', null, null, null, null, 'ErmakovaVN@mos.ru', '17464', 547);
INSERT INTO esrd.users (id, name, lastname, firstname, patronym, position, short_position, full_position, dative_fullname, dative_position, email, phone, department_id) VALUES (4219, 'OleynikNA', 'Олейник', 'Наталья', 'Александровна', 'Специалист 1-й категории', null, null, null, null, 'OleynikNA@mos.ru', '17426', 548);
INSERT INTO esrd.users (id, name, lastname, firstname, patronym, position, short_position, full_position, dative_fullname, dative_position, email, phone, department_id) VALUES (4220, 'DavidovaII', 'Давыдова', 'Ирина', 'Игоревна', 'Советник', null, null, null, null, 'DavydovaII@mos.ru', '19719', 525);
INSERT INTO esrd.users (id, name, lastname, firstname, patronym, position, short_position, full_position, dative_fullname, dative_position, email, phone, department_id) VALUES (4221, 'PuzirevaEO', 'Пузырева', 'Елена', 'Олеговна', 'Специалист I категории', null, null, null, null, 'PuzirevaEO@mos.ru', '17430', 536);
INSERT INTO esrd.users (id, name, lastname, firstname, patronym, position, short_position, full_position, dative_fullname, dative_position, email, phone, department_id) VALUES (4222, 'mr430', 'Meeting', 'Room', '430', null, null, null, null, null, null, null, null);
INSERT INTO esrd.users (id, name, lastname, firstname, patronym, position, short_position, full_position, dative_fullname, dative_position, email, phone, department_id) VALUES (4223, 'EMaksimova', 'Максимова', 'Елена', 'Александровна', 'Советник', null, null, null, null, 'MaksimovaEA@mos.ru', '17288', 534);
INSERT INTO esrd.users (id, name, lastname, firstname, patronym, position, short_position, full_position, dative_fullname, dative_position, email, phone, department_id) VALUES (4224, 'NPotrivaeva', 'Потриваева', 'Наталья', 'Анатольевна', 'Советник', null, null, null, null, 'PotrivaevaNA@mos.ru', '19732', 534);
INSERT INTO esrd.users (id, name, lastname, firstname, patronym, position, short_position, full_position, dative_fullname, dative_position, email, phone, department_id) VALUES (4225, 'OKoposova', 'Копосова', 'Ольга', 'Рафаэлевна', 'Начальник отдела', null, null, null, null, 'KoposovaOR@mos.ru', '19736', 535);
INSERT INTO esrd.users (id, name, lastname, firstname, patronym, position, short_position, full_position, dative_fullname, dative_position, email, phone, department_id) VALUES (4226, 'APopkova', 'Попкова', 'Алина', 'Михайловна', 'Начальник отдела', null, null, null, null, 'PopkovaAM@mos.ru', '17280', 534);
INSERT INTO esrd.users (id, name, lastname, firstname, patronym, position, short_position, full_position, dative_fullname, dative_position, email, phone, department_id) VALUES (4227, 'IKatarzhuk', 'Катаржук', 'Ирина', 'Александровна', 'Зам. начальника Управления', null, null, null, null, 'KatarzhukIA@mos.ru', '18780', 573);
INSERT INTO esrd.users (id, name, lastname, firstname, patronym, position, short_position, full_position, dative_fullname, dative_position, email, phone, department_id) VALUES (4228, 'ZakharovPV', 'Захаров', 'Павел', 'Вячеславович', 'Зам. начальника отдела', null, null, null, null, 'ZakharovPV@mos.ru', '19444', 535);
INSERT INTO esrd.users (id, name, lastname, firstname, patronym, position, short_position, full_position, dative_fullname, dative_position, email, phone, department_id) VALUES (4229, 'LeskinAN', 'Лескин', 'Александр', 'Николаевич', 'Помощник руководителя', null, null, null, null, 'LeskinAN@mos.ru', '17276', 500);
INSERT INTO esrd.users (id, name, lastname, firstname, patronym, position, short_position, full_position, dative_fullname, dative_position, email, phone, department_id) VALUES (4230, 'LutovinovDA', 'Лутовинов', 'Дмитрий', 'Александрович', 'Гл. специалист', null, null, null, null, 'LutovinovDA@gaui.mos.ru', '19465', 500);
INSERT INTO esrd.users (id, name, lastname, firstname, patronym, position, short_position, full_position, dative_fullname, dative_position, email, phone, department_id) VALUES (4231, 'MedvedevAN', 'Медведев', 'Андрей', 'Николаевич', null, null, null, null, null, null, null, null);
INSERT INTO esrd.users (id, name, lastname, firstname, patronym, position, short_position, full_position, dative_fullname, dative_position, email, phone, department_id) VALUES (4232, 'GlukhikhOV', 'Глухих', 'Ольга', 'Владимировна', 'специалист', null, null, null, null, 'GlukhikhOV@mos.ru', '15187', 501);
INSERT INTO esrd.users (id, name, lastname, firstname, patronym, position, short_position, full_position, dative_fullname, dative_position, email, phone, department_id) VALUES (4233, 'NaperovaLI', 'Наперова', 'Людмила', 'Ивановна', 'Начальник Управления', null, null, null, null, 'NaperovaLI@mos.ru', '17429', 579);
INSERT INTO esrd.users (id, name, lastname, firstname, patronym, position, short_position, full_position, dative_fullname, dative_position, email, phone, department_id) VALUES (4234, 'StarostinVA', 'Старостин', 'Владислав', 'Анатольевич', 'Зам. начальника Управления', null, null, null, null, 'StarostinVA1@mos.ru', '19755', 579);
INSERT INTO esrd.users (id, name, lastname, firstname, patronym, position, short_position, full_position, dative_fullname, dative_position, email, phone, department_id) VALUES (4235, 'SolomonovaSI', 'Соломонова', 'Светлана', 'Ивановна', 'Начальник отдела', null, null, null, null, 'SolomonovaSI@mos.ru', '17410', 545);
INSERT INTO esrd.users (id, name, lastname, firstname, patronym, position, short_position, full_position, dative_fullname, dative_position, email, phone, department_id) VALUES (4236, 'KononihinaMS', 'Кононыхина', 'Марина', 'Сергеевна', 'Гл. специалист', null, null, null, null, 'KononykhinaMS@mos.ru', '17470', 545);
INSERT INTO esrd.users (id, name, lastname, firstname, patronym, position, short_position, full_position, dative_fullname, dative_position, email, phone, department_id) VALUES (4237, 'ZhelezanovaOV', 'Железанова', 'Ольга', 'Валентиновна', 'Советник', null, null, null, null, 'ZhelezanovaOV@mos.ru', '17415', 545);
INSERT INTO esrd.users (id, name, lastname, firstname, patronym, position, short_position, full_position, dative_fullname, dative_position, email, phone, department_id) VALUES (4238, 'MalcevaLE', 'Мальцева', 'Луиза', 'Эльнаровна', 'Гл. специалист', null, null, null, null, 'MaltsevaLE@gaui.mos.ru', '17460', 545);
INSERT INTO esrd.users (id, name, lastname, firstname, patronym, position, short_position, full_position, dative_fullname, dative_position, email, phone, department_id) VALUES (4239, 'MilshinaIN', 'Мильшина', 'Ирина', 'Николаевна', 'Советник', null, null, null, null, 'MilshinaIN@mos.ru', '18952', 546);
INSERT INTO esrd.users (id, name, lastname, firstname, patronym, position, short_position, full_position, dative_fullname, dative_position, email, phone, department_id) VALUES (4240, 'VostroilovaMV', 'Востроилова', 'Марина', 'Венальевна', 'Гл. специалист', null, null, null, null, 'VostroilovaMV@mos.ru', '19412', 546);
INSERT INTO esrd.users (id, name, lastname, firstname, patronym, position, short_position, full_position, dative_fullname, dative_position, email, phone, department_id) VALUES (4241, 'HolstininaYN', 'Холстинина', 'Юлия', 'Ивановна', 'Консультант', null, null, null, null, 'KholstininaYI@mos.ru', '17442', 545);
INSERT INTO esrd.users (id, name, lastname, firstname, patronym, position, short_position, full_position, dative_fullname, dative_position, email, phone, department_id) VALUES (4242, 'GalushkoAA', 'Галушко', 'Андрей', 'Александрович', 'Советник', null, null, null, null, 'GalushkoAA@mos.ru', '19738', 546);
INSERT INTO esrd.users (id, name, lastname, firstname, patronym, position, short_position, full_position, dative_fullname, dative_position, email, phone, department_id) VALUES (4243, 'RedinaEA', 'Редина', 'Елена', 'Александровна', 'Консультант', null, null, null, null, 'RedinaEA@mos.ru', '18963', 546);
INSERT INTO esrd.users (id, name, lastname, firstname, patronym, position, short_position, full_position, dative_fullname, dative_position, email, phone, department_id) VALUES (4244, 'TikhonovDV', 'Тихонов', 'Денис', 'Владимирович', 'Министр Правительства Москвы, руководитель Департамента ', null, null, null, null, 'PR_TikhonovDV@mos.ru', null, 583);
INSERT INTO esrd.users (id, name, lastname, firstname, patronym, position, short_position, full_position, dative_fullname, dative_position, email, phone, department_id) VALUES (4245, 'PR-Tikhonova', 'Приемная', 'Тихонова', 'Д.В.', null, null, null, null, null, null, '19070', 583);
INSERT INTO esrd.users (id, name, lastname, firstname, patronym, position, short_position, full_position, dative_fullname, dative_position, email, phone, department_id) VALUES (4246, 'MayseenkoEV', 'Майсеенко', 'Екатерина', 'Владимировна', 'Помощник руководителя', null, null, null, null, 'MayseenkoEV@mos.ru', '19072', 583);
INSERT INTO esrd.users (id, name, lastname, firstname, patronym, position, short_position, full_position, dative_fullname, dative_position, email, phone, department_id) VALUES (4247, 'DozhaVV', 'Дожа', 'Вадим', 'Вадимович', 'Помощник руководителя', null, null, null, null, 'DozhaVV@mos.ru', '19737', 583);
INSERT INTO esrd.users (id, name, lastname, firstname, patronym, position, short_position, full_position, dative_fullname, dative_position, email, phone, department_id) VALUES (4248, 'KryuchkovaPV', 'Крючкова', 'Полина', 'Викторовна', 'Зам. руководителя', null, null, null, null, 'KryuchkovaPV@mos.ru', '15001', 583);
INSERT INTO esrd.users (id, name, lastname, firstname, patronym, position, short_position, full_position, dative_fullname, dative_position, email, phone, department_id) VALUES (4249, 'KnyazevaOA', 'Князева', 'Оксана', 'Алексеевна', 'Приемная', null, null, null, null, 'PR_TetushkinDN@mos.ru', '18951', 583);
INSERT INTO esrd.users (id, name, lastname, firstname, patronym, position, short_position, full_position, dative_fullname, dative_position, email, phone, department_id) VALUES (4250, 'SorokoletovaSN', 'Сороколетова', 'Светлана', 'Николаевна', null, null, null, null, null, null, null, null);
INSERT INTO esrd.users (id, name, lastname, firstname, patronym, position, short_position, full_position, dative_fullname, dative_position, email, phone, department_id) VALUES (4251, 'PutinDV', 'Путин', 'Дмитрий', 'Валерьевич', 'Зам. руководителя', null, null, null, null, 'PutinDV@mos.ru', '17458', 583);
INSERT INTO esrd.users (id, name, lastname, firstname, patronym, position, short_position, full_position, dative_fullname, dative_position, email, phone, department_id) VALUES (4252, 'EZoboleva', 'Зоболева', 'Елена', 'Николаевна', 'Начальник Управления', null, null, null, null, 'ZobolevaEN@mos.ru', '15099', 568);
INSERT INTO esrd.users (id, name, lastname, firstname, patronym, position, short_position, full_position, dative_fullname, dative_position, email, phone, department_id) VALUES (4253, 'OFedulkina', 'Федулкина', 'Ольга', 'Владимировна', 'Зам. начальника Управления', null, null, null, null, 'FedulkinaOV@mos.ru', '15042', 568);
INSERT INTO esrd.users (id, name, lastname, firstname, patronym, position, short_position, full_position, dative_fullname, dative_position, email, phone, department_id) VALUES (4254, 'TSadovnikova', 'Садовникова', 'Татьяна', 'Владимировна', 'Зав. сектором', null, null, null, null, 'SadovnikovaTV@mos.ru', '19667', 522);
INSERT INTO esrd.users (id, name, lastname, firstname, patronym, position, short_position, full_position, dative_fullname, dative_position, email, phone, department_id) VALUES (4255, 'ENadelyaeva', 'Наделяева', 'Елена', 'Ивановна', 'Советник', null, null, null, null, 'NadelyaevaEI@mos.ru', '19665', 523);
INSERT INTO esrd.users (id, name, lastname, firstname, patronym, position, short_position, full_position, dative_fullname, dative_position, email, phone, department_id) VALUES (4256, 'NChubareva', 'Чубарева', 'Наталья', 'Николаевна', 'Советник', null, null, null, null, 'ChubarevaNN@mos.ru', '19671', 523);
INSERT INTO esrd.users (id, name, lastname, firstname, patronym, position, short_position, full_position, dative_fullname, dative_position, email, phone, department_id) VALUES (4257, 'MalinovskayaMM', 'Малиновская', 'Мария', 'Михайловна', 'Советник', null, null, null, null, 'MalinovskayaMM@mos.ru', '17262', null);
INSERT INTO esrd.users (id, name, lastname, firstname, patronym, position, short_position, full_position, dative_fullname, dative_position, email, phone, department_id) VALUES (4258, 'SAnikeeva', 'Аникеева', 'Светлана', 'Юрьевна', 'Консультант', null, null, null, null, 'AnikeevaSY@mos.ru', '19668', null);
INSERT INTO esrd.users (id, name, lastname, firstname, patronym, position, short_position, full_position, dative_fullname, dative_position, email, phone, department_id) VALUES (4259, 'MosienkovaAM', 'Мосиенкова', 'Анжела', 'Михайловна', 'Советник', null, null, null, null, 'MosienkovaAM@mos.ru', '17187', 587);
INSERT INTO esrd.users (id, name, lastname, firstname, patronym, position, short_position, full_position, dative_fullname, dative_position, email, phone, department_id) VALUES (4260, 'TopolevskayaED', 'Тополевская', 'Елена', 'Дмитриевна', 'Гл. специалист', null, null, null, null, 'TopolevskayaED@mos.ru', '15074', 587);
INSERT INTO esrd.users (id, name, lastname, firstname, patronym, position, short_position, full_position, dative_fullname, dative_position, email, phone, department_id) VALUES (4261, 'KravchenkoEN', 'Кравченко', 'Елена', 'Нурмухаматовна', null, null, null, null, null, null, null, null);
INSERT INTO esrd.users (id, name, lastname, firstname, patronym, position, short_position, full_position, dative_fullname, dative_position, email, phone, department_id) VALUES (4262, 'KlimovaTV', 'Климова', 'Татьяна', 'Владимировна', null, null, null, null, null, 'KlimovaTV@tax.mos.ru', '14841', 522);
INSERT INTO esrd.users (id, name, lastname, firstname, patronym, position, short_position, full_position, dative_fullname, dative_position, email, phone, department_id) VALUES (4263, 'OrlovaIV', 'Орлова', 'Ирина', 'Викторовна', 'Советник', null, null, null, null, 'OrlovaIV@mos.ru', '17246', 521);
INSERT INTO esrd.users (id, name, lastname, firstname, patronym, position, short_position, full_position, dative_fullname, dative_position, email, phone, department_id) VALUES (4264, 'SDanilin', 'Данилина', 'Светлана', 'Викторовна', 'Советник', null, null, null, null, 'DanilinaSV@mos.ru', '17235', 509);
INSERT INTO esrd.users (id, name, lastname, firstname, patronym, position, short_position, full_position, dative_fullname, dative_position, email, phone, department_id) VALUES (4265, 'ASokolova', 'Соколова', 'Алла', 'Николаевна', 'Консультант', null, null, null, null, 'SokolovaAN@mos.ru', '17443', 510);
INSERT INTO esrd.users (id, name, lastname, firstname, patronym, position, short_position, full_position, dative_fullname, dative_position, email, phone, department_id) VALUES (4266, 'VVolodin', 'Володин', 'Владимир', 'Владимирович', 'Начальник отдела', null, null, null, null, 'VolodinVV@mos.ru', '17272', 511);
INSERT INTO esrd.users (id, name, lastname, firstname, patronym, position, short_position, full_position, dative_fullname, dative_position, email, phone, department_id) VALUES (4267, 'EkubovaMA', 'Ёкубова', 'Манзура', 'Аюбовна', 'Зам. начальника Управления, начальник отдела', null, null, null, null, 'EkubovaMA@mos.ru', '17243', 510);
INSERT INTO esrd.users (id, name, lastname, firstname, patronym, position, short_position, full_position, dative_fullname, dative_position, email, phone, department_id) VALUES (4268, 'SolovievAA3', 'Соловьев', 'Александр', 'Анатольевич', 'Зам. начальника Управления', null, null, null, null, 'SolovievAA3@develop.mos.ru', '17183', 563);
INSERT INTO esrd.users (id, name, lastname, firstname, patronym, position, short_position, full_position, dative_fullname, dative_position, email, phone, department_id) VALUES (4269, 'LidzhievaAD', 'Лиджиева', 'Алиса', 'Дмитриевна', 'Зам. начальника отдела', null, null, null, null, 'LidzhievaAD@mos.ru', '17427', 509);
INSERT INTO esrd.users (id, name, lastname, firstname, patronym, position, short_position, full_position, dative_fullname, dative_position, email, phone, department_id) VALUES (4270, 'ProvkovKS', 'Провков', 'Константин', 'Сергеевич', 'Советник', null, null, null, null, 'ProvkovKS@develop.mos.ru', '17466', 510);
INSERT INTO esrd.users (id, name, lastname, firstname, patronym, position, short_position, full_position, dative_fullname, dative_position, email, phone, department_id) VALUES (4271, 'MorozovaIV2', 'Морозова', 'Ирина', 'Владимировна', 'Консультант', null, null, null, null, 'MorozovaIV2@mos.ru', '17222', 537);
INSERT INTO esrd.users (id, name, lastname, firstname, patronym, position, short_position, full_position, dative_fullname, dative_position, email, phone, department_id) VALUES (4272, 'RyzhkovaSV', 'Рыжкова', 'Светлана', 'Викторовна', 'Консультант', null, null, null, null, 'RyzhkovaSV@mos.ru', '17482', 511);
INSERT INTO esrd.users (id, name, lastname, firstname, patronym, position, short_position, full_position, dative_fullname, dative_position, email, phone, department_id) VALUES (4273, 'VasilievaAA', 'Васильева', 'Анастастия', 'Андреевна', 'Советник', null, null, null, null, 'VasilievaAA4@mos.ru', '17274', 511);
INSERT INTO esrd.users (id, name, lastname, firstname, patronym, position, short_position, full_position, dative_fullname, dative_position, email, phone, department_id) VALUES (4274, 'EIonova', 'Ионова', 'Елена', 'Анатольевна', 'Зам. начальника Управления', null, null, null, null, 'IonovaEA@mos.ru', '17463', 562);
INSERT INTO esrd.users (id, name, lastname, firstname, patronym, position, short_position, full_position, dative_fullname, dative_position, email, phone, department_id) VALUES (4275, 'LVolodikhina', 'Володихина', 'Лилия', 'Николаевна', 'Зам. начальника отдела', null, null, null, null, 'VolodikhinaLN@mos.ru', '15030', 530);
INSERT INTO esrd.users (id, name, lastname, firstname, patronym, position, short_position, full_position, dative_fullname, dative_position, email, phone, department_id) VALUES (4276, 'MarininVN', 'Маринин', 'Владимир', 'Николаевич', 'Зам. начальника Управления', null, null, null, null, 'MarininVN@mos.ru', '15573', 565);
INSERT INTO esrd.users (id, name, lastname, firstname, patronym, position, short_position, full_position, dative_fullname, dative_position, email, phone, department_id) VALUES (4277, 'MokievskayaEV', 'Мокиевская', 'Елена', 'Владимировна', null, null, null, null, null, null, null, null);
INSERT INTO esrd.users (id, name, lastname, firstname, patronym, position, short_position, full_position, dative_fullname, dative_position, email, phone, department_id) VALUES (4278, 'LeskinaNV', 'Лескина', 'Нина', 'Васильевна', 'Консультант', null, null, null, null, 'LeskinaNV@mos.ru', '19066', 531);
INSERT INTO esrd.users (id, name, lastname, firstname, patronym, position, short_position, full_position, dative_fullname, dative_position, email, phone, department_id) VALUES (4279, 'PechurchikVV', 'Печурчик', 'Владимир', 'Владимирович', 'Начальник Управления', null, null, null, null, 'PechurchikVV@mos.ru', '14830', 571);
INSERT INTO esrd.users (id, name, lastname, firstname, patronym, position, short_position, full_position, dative_fullname, dative_position, email, phone, department_id) VALUES (4280, 'ESiyutkina', 'Сиюткина', 'Елена', 'Федоровна', 'Советник', null, null, null, null, 'SiyutkinaEF@mos.ru', '17265', 516);
INSERT INTO esrd.users (id, name, lastname, firstname, patronym, position, short_position, full_position, dative_fullname, dative_position, email, phone, department_id) VALUES (4281, 'AMitrofanov', 'Митрофанов', 'Алексей', 'Михайлович', 'Зам. начальника отдела', null, null, null, null, 'MitrofanovAM@mos.ru', '19741', 517);
INSERT INTO esrd.users (id, name, lastname, firstname, patronym, position, short_position, full_position, dative_fullname, dative_position, email, phone, department_id) VALUES (4282, 'FrolovaNA', 'Фролова', 'Наталья', 'Александровна', 'Зам. начальника отдела', null, null, null, null, 'FrolovaNA@mos.ru', '17297', 515);
INSERT INTO esrd.users (id, name, lastname, firstname, patronym, position, short_position, full_position, dative_fullname, dative_position, email, phone, department_id) VALUES (4283, 'ChuvatkinaEV', 'Чуваткина', 'Евгения', 'Викторовна', 'Советник', null, null, null, null, 'ChuvatkinaEV@mos.ru', '17488', 515);
INSERT INTO esrd.users (id, name, lastname, firstname, patronym, position, short_position, full_position, dative_fullname, dative_position, email, phone, department_id) VALUES (4284, 'IvantsovaIV', 'Иванцова', 'Ирина', 'Владимировна', 'Ведущий специалист', null, null, null, null, 'IvantsovaIV@mos.ru', '17459', 517);
INSERT INTO esrd.users (id, name, lastname, firstname, patronym, position, short_position, full_position, dative_fullname, dative_position, email, phone, department_id) VALUES (4285, 'PavlovYN', 'Павлов', 'Ян', 'Николаевич', 'Специалист референтуры ', null, null, null, null, 'mosdaos@mail.ru', '17473', 586);
INSERT INTO esrd.users (id, name, lastname, firstname, patronym, position, short_position, full_position, dative_fullname, dative_position, email, phone, department_id) VALUES (4286, 'KorshikovaOE', 'Коршикова', 'Ольга', 'Евгеньевна', 'Советник', null, null, null, null, 'KorshikovaOE@develop.mos.ru', '19396', 502);
INSERT INTO esrd.users (id, name, lastname, firstname, patronym, position, short_position, full_position, dative_fullname, dative_position, email, phone, department_id) VALUES (4287, 'MartsevRV', 'Марцев', 'Руслан', 'Владимирович', 'специалист', null, null, null, null, 'MartsevRV@mos.ru', '10682', 500);
INSERT INTO esrd.users (id, name, lastname, firstname, patronym, position, short_position, full_position, dative_fullname, dative_position, email, phone, department_id) VALUES (4288, 'PR-Spesivtseva', 'Приемная', 'Спесивцевой', 'Е.Ю.', null, null, null, null, null, null, null, null);
INSERT INTO esrd.users (id, name, lastname, firstname, patronym, position, short_position, full_position, dative_fullname, dative_position, email, phone, department_id) VALUES (4289, 'MeshkorudnayaGV', 'Мешкорудная', 'Галина', 'Васильевна', 'Начальник отдела', null, null, null, null, 'MeshkorudnayaGV@mos.ru', '14898', 552);
INSERT INTO esrd.users (id, name, lastname, firstname, patronym, position, short_position, full_position, dative_fullname, dative_position, email, phone, department_id) VALUES (4290, 'SviridovaKS', 'Свиридова', 'Кристина', 'Сергеевна', null, null, null, null, null, null, null, null);
INSERT INTO esrd.users (id, name, lastname, firstname, patronym, position, short_position, full_position, dative_fullname, dative_position, email, phone, department_id) VALUES (4291, 'MamonovAA', 'Мамонов', 'Андрей', 'Андреевич', 'Консультант', null, null, null, null, 'MamonovAA@mos.ru', '17291', 552);
INSERT INTO esrd.users (id, name, lastname, firstname, patronym, position, short_position, full_position, dative_fullname, dative_position, email, phone, department_id) VALUES (4292, 'RoslavickayaKA', 'Рославицкая', 'Кристина', 'Андреевна', null, null, null, null, null, null, null, null);
INSERT INTO esrd.users (id, name, lastname, firstname, patronym, position, short_position, full_position, dative_fullname, dative_position, email, phone, department_id) VALUES (4293, 'SolomatinaIV', 'Соломатина', 'Ирина', 'Владимировна', 'Консультант', null, null, null, null, 'SolomatinaIV@mos.ru', '19440', 552);
INSERT INTO esrd.users (id, name, lastname, firstname, patronym, position, short_position, full_position, dative_fullname, dative_position, email, phone, department_id) VALUES (4294, 'YakovlevVA', 'Яковлев', 'Валентин', 'Алексеевич', 'Гл. специалист', null, null, null, null, 'YakovlevVA1@mos.ru', '17435', 552);
INSERT INTO esrd.users (id, name, lastname, firstname, patronym, position, short_position, full_position, dative_fullname, dative_position, email, phone, department_id) VALUES (4295, 'AkentievaOA', 'Акентьева', 'Олеся', 'Анатольевна', 'Гл. специалист', null, null, null, null, 'AkentievaOA@mos.ru', '17214', 539);
INSERT INTO esrd.users (id, name, lastname, firstname, patronym, position, short_position, full_position, dative_fullname, dative_position, email, phone, department_id) VALUES (4296, 'IvanovAE', 'Иванов', 'Андрей', 'Евгеньевич', null, null, null, null, null, null, null, null);
INSERT INTO esrd.users (id, name, lastname, firstname, patronym, position, short_position, full_position, dative_fullname, dative_position, email, phone, department_id) VALUES (4297, 'ZhiruhinaTS', 'Жирухина', 'Татьяна', 'Сергеевна', 'Консультант', null, null, null, null, 'ZhirukhinaTS@mos.ru', '17469', 541);
INSERT INTO esrd.users (id, name, lastname, firstname, patronym, position, short_position, full_position, dative_fullname, dative_position, email, phone, department_id) VALUES (4298, 'ChirkovaEA', 'Чиркова', 'Елизавета', 'Андреевна', null, null, null, null, null, null, null, null);
INSERT INTO esrd.users (id, name, lastname, firstname, patronym, position, short_position, full_position, dative_fullname, dative_position, email, phone, department_id) VALUES (4299, 'MayorovaMY', 'Майорова', 'Мария', 'Юрьевна', 'Гл. специалист', null, null, null, null, 'MayorovaMY@mos.ru', '17409', 539);
INSERT INTO esrd.users (id, name, lastname, firstname, patronym, position, short_position, full_position, dative_fullname, dative_position, email, phone, department_id) VALUES (4300, 'GezeyEA', 'Гезей', 'Елена', 'Андреевна', null, null, null, null, null, 'GezeyEA@gaui.mos.ru', '19432', 571);
INSERT INTO esrd.users (id, name, lastname, firstname, patronym, position, short_position, full_position, dative_fullname, dative_position, email, phone, department_id) VALUES (4301, 'AkhapkinaEV', 'Ахапкина', 'Екатерина', 'Владимировна', null, null, null, null, null, 'AkhapkinaEV1@tax.mos.ru', '17286', 571);
INSERT INTO esrd.users (id, name, lastname, firstname, patronym, position, short_position, full_position, dative_fullname, dative_position, email, phone, department_id) VALUES (4302, 'MaturinaYR', 'Матурина', 'Юлия', 'Равильевна', ' ', null, null, null, null, 'MaturinaYR@gaui.mos.ru', '18644', 571);
INSERT INTO esrd.users (id, name, lastname, firstname, patronym, position, short_position, full_position, dative_fullname, dative_position, email, phone, department_id) VALUES (4303, 'KyukeevNG', 'Кюкеев', 'Наран', 'Геннадьевич', null, null, null, null, null, null, null, null);
INSERT INTO esrd.users (id, name, lastname, firstname, patronym, position, short_position, full_position, dative_fullname, dative_position, email, phone, department_id) VALUES (4304, 'StarinkovRA', 'Старинков', 'Роман', 'Альбертович', 'Гл. специалист', null, null, null, null, 'StarinkovRA@develop.mos.ru', '18954', 530);
INSERT INTO esrd.users (id, name, lastname, firstname, patronym, position, short_position, full_position, dative_fullname, dative_position, email, phone, department_id) VALUES (4305, 'DorovskayaAA', 'Доровская', 'Анастасия', 'Александровна', 'Советник', null, null, null, null, 'DorovskayaAA@mos.ru', '14894', 530);
INSERT INTO esrd.users (id, name, lastname, firstname, patronym, position, short_position, full_position, dative_fullname, dative_position, email, phone, department_id) VALUES (4306, 'ZakharovAA', 'Захаров', 'Александр', 'Александрович', null, null, null, null, null, null, null, null);
INSERT INTO esrd.users (id, name, lastname, firstname, patronym, position, short_position, full_position, dative_fullname, dative_position, email, phone, department_id) VALUES (4307, 'ELeonova', 'Леонова', 'Елена', 'Владимировна', null, null, null, null, null, null, null, null);
INSERT INTO esrd.users (id, name, lastname, firstname, patronym, position, short_position, full_position, dative_fullname, dative_position, email, phone, department_id) VALUES (4308, 'KorochkinaOB', 'Корочкина', 'Ольга', 'Борисовна', null, null, null, null, null, null, null, null);
INSERT INTO esrd.users (id, name, lastname, firstname, patronym, position, short_position, full_position, dative_fullname, dative_position, email, phone, department_id) VALUES (4309, 'ZablodskyGV', 'Заблодский', 'Герман', 'Викторович', 'Помощник руководителя', null, null, null, null, 'ZablodskyGV@develop.mos.ru', '15344', 583);
INSERT INTO esrd.users (id, name, lastname, firstname, patronym, position, short_position, full_position, dative_fullname, dative_position, email, phone, department_id) VALUES (4310, 'AndreevaLN2', 'Андреева', 'Людмила', 'Николаевна', null, null, null, null, null, null, null, null);
INSERT INTO esrd.users (id, name, lastname, firstname, patronym, position, short_position, full_position, dative_fullname, dative_position, email, phone, department_id) VALUES (4311, 'VdovinaEE', 'Вдовина', 'Елена', 'Евгеньевна', 'Начальник Управления', null, null, null, null, 'VdovinaEE@mos.ru', '17491', 585);
INSERT INTO esrd.users (id, name, lastname, firstname, patronym, position, short_position, full_position, dative_fullname, dative_position, email, phone, department_id) VALUES (4312, 'MiklushSA', 'Миклуш', 'Сергей', 'Анатольевич', 'Начальник отдела', null, null, null, null, 'MiklushSA@mos.ru', '19730', 533);
INSERT INTO esrd.users (id, name, lastname, firstname, patronym, position, short_position, full_position, dative_fullname, dative_position, email, phone, department_id) VALUES (4313, 'SmirnovAV', 'Смирнов', 'Алексей', 'Валерьевич', 'Гл. эксперт', null, null, null, null, 'SmirnovAV6@gaui.mos.ru', '17421', 533);
INSERT INTO esrd.users (id, name, lastname, firstname, patronym, position, short_position, full_position, dative_fullname, dative_position, email, phone, department_id) VALUES (4314, 'DevakhinaYA', 'Девахина', 'Юлия', 'Александровна', 'Гл. специалист', null, null, null, null, 'PetrovaNI@mos.ru', '14881', 504);
INSERT INTO esrd.users (id, name, lastname, firstname, patronym, position, short_position, full_position, dative_fullname, dative_position, email, phone, department_id) VALUES (4315, 'ChervyatkinaSA', 'Червяткина', 'Светлана', 'Алексеевна', 'Начальник отдела', null, null, null, null, 'ChervyatkinaSA@tax.mos.ru', '15067', 504);
INSERT INTO esrd.users (id, name, lastname, firstname, patronym, position, short_position, full_position, dative_fullname, dative_position, email, phone, department_id) VALUES (4316, 'KainovaYS', 'Кайнова', 'Юлия', 'Сергеевна', 'Советник', null, null, null, null, 'KaynovaYS@mos.ru', '17449', 506);
INSERT INTO esrd.users (id, name, lastname, firstname, patronym, position, short_position, full_position, dative_fullname, dative_position, email, phone, department_id) VALUES (4317, 'BashirovIR', 'Баширов', 'Имран', 'Расимович', 'Гл. специалист', null, null, null, null, 'BashirovIR@mos.ru', '17450', 504);
INSERT INTO esrd.users (id, name, lastname, firstname, patronym, position, short_position, full_position, dative_fullname, dative_position, email, phone, department_id) VALUES (4318, 'ChecherinaTY', 'Чечерина', 'Татьяна', 'Юрьевна', null, null, null, null, null, null, null, null);
INSERT INTO esrd.users (id, name, lastname, firstname, patronym, position, short_position, full_position, dative_fullname, dative_position, email, phone, department_id) VALUES (4319, 'ZaytsevaNP', 'Зайцева', 'Наталия', 'Павловна', 'Гл. специалист', null, null, null, null, 'ZaytsevaNP1@tax.mos.ru', '17253', 504);
INSERT INTO esrd.users (id, name, lastname, firstname, patronym, position, short_position, full_position, dative_fullname, dative_position, email, phone, department_id) VALUES (4320, 'ShchegolevaYI', 'Щеголева', 'Юлия', 'Ивановна', 'Зам.начальника отдела', null, null, null, null, 'SchegolevaYI@tax.mos.ru', '17406', 507);
INSERT INTO esrd.users (id, name, lastname, firstname, patronym, position, short_position, full_position, dative_fullname, dative_position, email, phone, department_id) VALUES (4321, 'SedovaMV', 'Седова', 'Марина', 'Вячеславовна', 'Начальник отдела', null, null, null, null, 'SedovaMV@mos.ru', '15008', 507);
INSERT INTO esrd.users (id, name, lastname, firstname, patronym, position, short_position, full_position, dative_fullname, dative_position, email, phone, department_id) VALUES (4322, 'GlebovaNS', 'Глебова', 'Наталья', 'Сергеевна', 'Специалист', null, null, null, null, 'GlebovaNS1@tax.mos.ru', '17269', 507);
INSERT INTO esrd.users (id, name, lastname, firstname, patronym, position, short_position, full_position, dative_fullname, dative_position, email, phone, department_id) VALUES (4323, 'NDenisova', 'Денисова', 'Наталья', 'Валериевна', 'Гл. специалист', null, null, null, null, 'DenisovaNV1@gaui.mos.ru', '18950', 530);
INSERT INTO esrd.users (id, name, lastname, firstname, patronym, position, short_position, full_position, dative_fullname, dative_position, email, phone, department_id) VALUES (4324, 'DenisovaAS', 'Денисова', 'Александра', 'Сергеевна', 'Гл. специалист', null, null, null, null, 'DenisovaAS@mos.ru', '15032', 530);
INSERT INTO esrd.users (id, name, lastname, firstname, patronym, position, short_position, full_position, dative_fullname, dative_position, email, phone, department_id) VALUES (4325, 'ShatilovaMA', 'Шатилова', 'Марина', 'Анатольевна', 'Гл. специалист', null, null, null, null, 'KurkovaMA@mos.ru', '18956', 530);
INSERT INTO esrd.users (id, name, lastname, firstname, patronym, position, short_position, full_position, dative_fullname, dative_position, email, phone, department_id) VALUES (4326, 'KashmachkovaTN', 'Кашмачкова', 'Татьяна', 'Николаевна', 'Гл. специалист', null, null, null, null, 'KashmachkovaTN@mos.ru', '17275', 530);
INSERT INTO esrd.users (id, name, lastname, firstname, patronym, position, short_position, full_position, dative_fullname, dative_position, email, phone, department_id) VALUES (4327, 'KraevaLE', 'Краева', 'Лилия', 'Евгеньевна', 'Консультант', null, null, null, null, 'KraevaLE@mos.ru', '17281', 548);
INSERT INTO esrd.users (id, name, lastname, firstname, patronym, position, short_position, full_position, dative_fullname, dative_position, email, phone, department_id) VALUES (4328, 'MityushovaAY', 'Митюшова', 'Анна', 'Юрьевна', 'Гл. специалист', null, null, null, null, 'MityushovaAY@mos.ru', '19084', 530);
INSERT INTO esrd.users (id, name, lastname, firstname, patronym, position, short_position, full_position, dative_fullname, dative_position, email, phone, department_id) VALUES (4329, 'GladkikhMV', 'Гладких', 'Михаил', 'Викторович', 'Начальник Управления', 'Начальник управления ценообразования и теплоснабжения в коммунальной сфере', 'Начальник управления ценообразования и теплоснабжения в коммунальной сфере Департамента экономической политики и развития города Москвы', 'Гладких Михаилу Викторовичу', 'Начальнику управления ценообразования и теплоснабжения в коммунальной сфере', 'GladkikhMV@mos.ru', '14833', 549);
INSERT INTO esrd.users (id, name, lastname, firstname, patronym, position, short_position, full_position, dative_fullname, dative_position, email, phone, department_id) VALUES (4330, 'SkripitsynaTA', 'Скрипицына', 'Татьяна', 'Александровна', 'Зам. начальника отдела', null, null, null, null, 'SkripitsynaTA@mos.ru', '14836', 549);
INSERT INTO esrd.users (id, name, lastname, firstname, patronym, position, short_position, full_position, dative_fullname, dative_position, email, phone, department_id) VALUES (4331, 'ParvanEV', 'Парван', 'Елена', 'Владимировна', 'Советник', null, null, null, null, 'ParvanEV@mos.ru', '17295', 549);
INSERT INTO esrd.users (id, name, lastname, firstname, patronym, position, short_position, full_position, dative_fullname, dative_position, email, phone, department_id) VALUES (4332, 'VlaskinaII', 'Власкина', 'Ирина', 'Игоревна', 'Консультант', null, null, null, null, 'VlaskinaII@mos.ru', '17216', 549);
INSERT INTO esrd.users (id, name, lastname, firstname, patronym, position, short_position, full_position, dative_fullname, dative_position, email, phone, department_id) VALUES (4333, 'ZarinaAN', 'Зарина', 'Анастасия', 'Николаевна', null, null, null, null, null, null, null, null);
INSERT INTO esrd.users (id, name, lastname, firstname, patronym, position, short_position, full_position, dative_fullname, dative_position, email, phone, department_id) VALUES (4334, 'ZhirovaLV', 'Жирова', 'Лариса', 'Викторовна', 'Консультант', null, null, null, null, 'ZhirovaLV@mos.ru', '17220', 549);
INSERT INTO esrd.users (id, name, lastname, firstname, patronym, position, short_position, full_position, dative_fullname, dative_position, email, phone, department_id) VALUES (4335, 'KozhevnikovaVV', 'Кожевникова', 'Виктория', 'Васильевна', 'Консультант', null, null, null, null, 'KozhevnikovaVV@mos.ru', '19430', 549);
INSERT INTO esrd.users (id, name, lastname, firstname, patronym, position, short_position, full_position, dative_fullname, dative_position, email, phone, department_id) VALUES (4336, 'NosikMV', 'Носик', 'Марина', 'Васильевна', 'Зам. начальника Управления', null, null, null, null, 'NosikMV@mos.ru', '14831', 581);
INSERT INTO esrd.users (id, name, lastname, firstname, patronym, position, short_position, full_position, dative_fullname, dative_position, email, phone, department_id) VALUES (4337, 'ZernaevaAV', 'Зернаева', 'Анастасия', 'Владимировна', 'Консультант', null, null, null, null, 'ZernaevaAV@mos.ru', '19728', 549);
INSERT INTO esrd.users (id, name, lastname, firstname, patronym, position, short_position, full_position, dative_fullname, dative_position, email, phone, department_id) VALUES (4338, 'UshakovaMV', 'Ушакова', 'Марина', 'Владимировна', null, null, null, null, null, null, null, null);
INSERT INTO esrd.users (id, name, lastname, firstname, patronym, position, short_position, full_position, dative_fullname, dative_position, email, phone, department_id) VALUES (4339, 'VKhmelnitsky', 'Хмельницкий', 'Виктор', 'Эдуардович', 'Начальник отдела', null, null, null, null, 'KhmelnitskyVE@mos.ru', '19455', 577);
INSERT INTO esrd.users (id, name, lastname, firstname, patronym, position, short_position, full_position, dative_fullname, dative_position, email, phone, department_id) VALUES (4340, 'DzhiadzeDZ', 'Джиадзе', 'Давид', 'Зурабович', 'Гл. специалист', null, null, null, null, 'DzhiadzeDZ@mos.ru', '19694', 506);
INSERT INTO esrd.users (id, name, lastname, firstname, patronym, position, short_position, full_position, dative_fullname, dative_position, email, phone, department_id) VALUES (4341, 'KolpakovTA', 'Колпаков', 'Тимофей', 'Алексеевич', 'Специалист I категории', null, null, null, null, 'KolpakovTA@mos.ru', '17285', 506);
INSERT INTO esrd.users (id, name, lastname, firstname, patronym, position, short_position, full_position, dative_fullname, dative_position, email, phone, department_id) VALUES (4342, 'KondratskayaKS', 'Кондрацкая', 'Ксения', 'Сергеевна', 'Советник', null, null, null, null, 'KondratskayaKS@mos.ru', '17490', 505);
INSERT INTO esrd.users (id, name, lastname, firstname, patronym, position, short_position, full_position, dative_fullname, dative_position, email, phone, department_id) VALUES (4343, 'AntoshkinSA', 'Антошкин', 'Сергей', 'Александрович', '', null, null, null, null, 'AntoshkinSA@tax.mos.ru', '18968', 562);
INSERT INTO esrd.users (id, name, lastname, firstname, patronym, position, short_position, full_position, dative_fullname, dative_position, email, phone, department_id) VALUES (4344, 'BatunovaAV', 'Батунова', 'Анастасия', 'Владимировна', '', null, null, null, null, 'BatunovaAV@tax.mos.ru', '19443', 505);
INSERT INTO esrd.users (id, name, lastname, firstname, patronym, position, short_position, full_position, dative_fullname, dative_position, email, phone, department_id) VALUES (4345, 'Ter-StepanovVV', 'Тер-Степанов', 'Валентин', 'Валентинович', null, null, null, null, null, null, null, null);
INSERT INTO esrd.users (id, name, lastname, firstname, patronym, position, short_position, full_position, dative_fullname, dative_position, email, phone, department_id) VALUES (4346, 'SolovyovAA', 'Соловьев', 'Андрей', 'Александрович', null, null, null, null, null, 'SolovievAA5@tax.mos.ru', '10124', 505);
INSERT INTO esrd.users (id, name, lastname, firstname, patronym, position, short_position, full_position, dative_fullname, dative_position, email, phone, department_id) VALUES (4347, 'AvdeevaEA', 'Авдеева', 'Елена', 'Анатольевна', null, null, null, null, null, 'AvdeevaEA4@tax.mos.ru', '19433', 505);
INSERT INTO esrd.users (id, name, lastname, firstname, patronym, position, short_position, full_position, dative_fullname, dative_position, email, phone, department_id) VALUES (4348, 'NarhovMY', 'Нархов', 'Михаил', 'Юрьевич', null, null, null, null, null, null, null, null);
INSERT INTO esrd.users (id, name, lastname, firstname, patronym, position, short_position, full_position, dative_fullname, dative_position, email, phone, department_id) VALUES (4349, 'DerevyankinaAV', 'Деревянкина', 'Анастасия', 'Викторовна', null, null, null, null, null, 'DerevyankinaAV@tax.mos.ru', '18953', 505);
INSERT INTO esrd.users (id, name, lastname, firstname, patronym, position, short_position, full_position, dative_fullname, dative_position, email, phone, department_id) VALUES (4350, 'VarlashinaTA', 'Варлашина', 'Татьяна', 'Андреевна', 'Гл. специалист', null, null, null, null, 'VarlashinaTA@mos.ru', '19759', 506);
INSERT INTO esrd.users (id, name, lastname, firstname, patronym, position, short_position, full_position, dative_fullname, dative_position, email, phone, department_id) VALUES (4351, 'ChumakovaIV', 'Чумакова', 'Ирина', 'Вадимовна', 'Специалист референтуры', null, null, null, null, 'ChumakovaIV@develop.mos.ru', '19674', 586);
INSERT INTO esrd.users (id, name, lastname, firstname, patronym, position, short_position, full_position, dative_fullname, dative_position, email, phone, department_id) VALUES (4352, 'DubrovskiMV', 'Дубровский', 'Михаил', 'Витальевич', 'Специалист пресс-службы (СЭР). Информационное сопровождение', null, null, null, null, 'DubrovskyMV@develop.mos.ru', '14895', 586);
INSERT INTO esrd.users (id, name, lastname, firstname, patronym, position, short_position, full_position, dative_fullname, dative_position, email, phone, department_id) VALUES (4353, 'PonomarevaSA', 'Пономарева', 'Светлана', 'Александровна', 'Координатор проектов пресс-службы', null, null, null, null, 'PonomarevaSA1@mos.ru', '17263', 586);
INSERT INTO esrd.users (id, name, lastname, firstname, patronym, position, short_position, full_position, dative_fullname, dative_position, email, phone, department_id) VALUES (4354, 'YudinaPA', 'Юдина', 'Полина', 'Александровна', 'Специалист по внутренним коммуникациям и работе с сайтом ', null, null, null, null, 'YudinaPA@mos.ru', '19726', 586);
INSERT INTO esrd.users (id, name, lastname, firstname, patronym, position, short_position, full_position, dative_fullname, dative_position, email, phone, department_id) VALUES (4355, 'GovorovaNV', 'Говорова', 'Наталья', 'Викторовна', 'Руководитель службы протокола', null, null, null, null, 'GovorovaNV@develop.mos.ru', '14880', 503);
INSERT INTO esrd.users (id, name, lastname, firstname, patronym, position, short_position, full_position, dative_fullname, dative_position, email, phone, department_id) VALUES (4356, 'RybakSO', 'Рыбак', 'Сергей', 'Олегович', 'Руководитель пресс-службы Комплекса, пресс-секретарь руководителя', null, null, null, null, 'RybakSO@mos.ru ', '19750', 503);
INSERT INTO esrd.users (id, name, lastname, firstname, patronym, position, short_position, full_position, dative_fullname, dative_position, email, phone, department_id) VALUES (4357, 'GorbunovaIO', 'Горбунова', 'Ирина', 'Олеговна', 'специалист', null, null, null, null, 'GorbunovaIO@mos.ru', '17398', 503);
INSERT INTO esrd.users (id, name, lastname, firstname, patronym, position, short_position, full_position, dative_fullname, dative_position, email, phone, department_id) VALUES (4358, 'YSharychenko', 'Шарыченко', 'Юлия', 'Юрьевна', 'Гл. специалист', null, null, null, null, 'SharychenkoYY@gaui.mos.ru', '10128', 531);
INSERT INTO esrd.users (id, name, lastname, firstname, patronym, position, short_position, full_position, dative_fullname, dative_position, email, phone, department_id) VALUES (4359, 'RuseevaLM', 'Русеева', 'Лариса', 'Михайловна', 'Корректор', null, null, null, null, 'RuseevaLM@develop.mos.ru', '17202', 561);
INSERT INTO esrd.users (id, name, lastname, firstname, patronym, position, short_position, full_position, dative_fullname, dative_position, email, phone, department_id) VALUES (4360, 'StepanovaTS', 'Степанова', 'Татьяна', 'Сергеевна', 'Консультант', null, null, null, null, 'StepanovaTS@mos.ru', '17221', 531);
INSERT INTO esrd.users (id, name, lastname, firstname, patronym, position, short_position, full_position, dative_fullname, dative_position, email, phone, department_id) VALUES (4361, 'SkvorchevskayaNY', 'Скворчевская', 'Надежда', 'Юрьевна', 'Советник', null, null, null, null, 'SkvorchevskayaNY@mos.ru', '18664', null);
INSERT INTO esrd.users (id, name, lastname, firstname, patronym, position, short_position, full_position, dative_fullname, dative_position, email, phone, department_id) VALUES (4362, 'SivkovaMA', 'Сивкова', 'Марина', 'Анатольевна', 'Корректор', null, null, null, null, 'SivkovaMA@tax.mos.ru', '15004', 571);
INSERT INTO esrd.users (id, name, lastname, firstname, patronym, position, short_position, full_position, dative_fullname, dative_position, email, phone, department_id) VALUES (4363, 'LoshkarevaEB', 'Лошкарева', 'Елена', 'Борисовна', 'Советник', null, null, null, null, 'LoshkarevaEB@mos.ru', '17249', 517);
INSERT INTO esrd.users (id, name, lastname, firstname, patronym, position, short_position, full_position, dative_fullname, dative_position, email, phone, department_id) VALUES (4364, 'AJastrebov', 'Ястребов', 'Александр', 'Александрович', 'Начальник отдела', null, null, null, null, 'YastrebovAA@mos.ru', '19713', 576);
INSERT INTO esrd.users (id, name, lastname, firstname, patronym, position, short_position, full_position, dative_fullname, dative_position, email, phone, department_id) VALUES (4365, 'ChernovolOV', 'Черновол', 'Ольга', 'Владимировна', null, null, null, null, null, null, null, null);
INSERT INTO esrd.users (id, name, lastname, firstname, patronym, position, short_position, full_position, dative_fullname, dative_position, email, phone, department_id) VALUES (4366, 'MiheevaLV', 'Михеева', 'Людмила', 'Васильевна', 'Главный эксперт', null, null, null, null, 'MikheevaLV@gaui.mos.ru', '17431', 535);
INSERT INTO esrd.users (id, name, lastname, firstname, patronym, position, short_position, full_position, dative_fullname, dative_position, email, phone, department_id) VALUES (4367, 'AbdyukovaAR', 'Абдюкова', 'Анжела', 'Рафаэлевна', null, null, null, null, null, null, null, null);
INSERT INTO esrd.users (id, name, lastname, firstname, patronym, position, short_position, full_position, dative_fullname, dative_position, email, phone, department_id) VALUES (4368, 'GurievaII', 'Гурьева', 'Инна', 'Игоревна', 'Гл. специалист', null, null, null, null, 'GurievaII@mos.ru', '17284', 517);
INSERT INTO esrd.users (id, name, lastname, firstname, patronym, position, short_position, full_position, dative_fullname, dative_position, email, phone, department_id) VALUES (4369, 'RoslyaevaVV', 'Росляева', 'Валерия', 'Владимировна', 'Гл.специалист', null, null, null, null, 'RoslyaevaVV@develop.mos.ru', '19731', 502);
INSERT INTO esrd.users (id, name, lastname, firstname, patronym, position, short_position, full_position, dative_fullname, dative_position, email, phone, department_id) VALUES (4370, 'RasskazovMA', 'Рассказов', 'Максим', 'Александрович', null, null, null, null, null, null, null, null);
INSERT INTO esrd.users (id, name, lastname, firstname, patronym, position, short_position, full_position, dative_fullname, dative_position, email, phone, department_id) VALUES (4371, 'KarkotskayaAY', 'Каркоцкая', 'Анастасия', 'Юрьевна', null, null, null, null, null, null, null, null);
INSERT INTO esrd.users (id, name, lastname, firstname, patronym, position, short_position, full_position, dative_fullname, dative_position, email, phone, department_id) VALUES (4372, 'SaltykovaAV', 'Салтыкова', 'Анна', 'Валентиновна', 'Консультант', null, null, null, null, 'SaltykovaAV@mos.ru', '14839', 531);
INSERT INTO esrd.users (id, name, lastname, firstname, patronym, position, short_position, full_position, dative_fullname, dative_position, email, phone, department_id) VALUES (4373, 'SaprykinaAA', 'Сапрыкина', 'Анна', 'Андреевна', 'Заведующий сектором', 'Секретарь Правления', 'Секретарь Правления', 'Сапрыкиной Анне Андреевне', 'Секретарю Правления', 'SaprykinaAA@mos.ru', '17227', 541);
INSERT INTO esrd.users (id, name, lastname, firstname, patronym, position, short_position, full_position, dative_fullname, dative_position, email, phone, department_id) VALUES (4374, 'MakhrovSS', 'Махров', 'Станислав', 'Станиславович', 'Начальник отдела', null, null, null, null, 'MakhrovSS1@mos.ru', '15451', null);

INSERT INTO esrd.role (id, name) VALUES (3000, 'ADMIN');
INSERT INTO esrd.role (id, name) VALUES (3001, 'USER');
INSERT INTO esrd.role (id, name) VALUES (3002, 'Отраслевое управление');
INSERT INTO esrd.role (id, name) VALUES (3003, 'Руководство отраслевого управления');
INSERT INTO esrd.role (id, name) VALUES (3004, 'Руководство юридического управления');
INSERT INTO esrd.role (id, name) VALUES (3005, 'Секретарь Правления');
INSERT INTO esrd.role (id, name) VALUES (3006, 'Дата повестки');

INSERT INTO esrd.role_child_role (role_id, child_role_id) VALUES  (3002, 3006);
INSERT INTO esrd.role_child_role (role_id, child_role_id) VALUES  (3005, 3006);

INSERT INTO esrd.user_roles (user_id, role_id) VALUES (4000, 3000); -- Право ADMIN для admin
INSERT INTO esrd.user_roles (user_id, role_id) VALUES (4001, 3002); -- Право Отраслевое управление для user1
INSERT INTO esrd.user_roles (user_id, role_id) VALUES (4001, 3001); -- Право USER для user1
INSERT INTO esrd.user_roles (user_id, role_id) VALUES (4002, 3002); -- Право Отраслевое управление user2
INSERT INTO esrd.user_roles (user_id, role_id) VALUES (4002, 3001); -- Право USER для Волковой user2

INSERT INTO esrd.user_roles (user_id, role_id) VALUES (4374, 3000); -- Право ADMIN для Махрова
INSERT INTO esrd.user_roles (user_id, role_id) VALUES (4194, 3002); -- Право Отраслевое управление для Хвасточенко О.Н.
INSERT INTO esrd.user_roles (user_id, role_id) VALUES (4194, 3001); -- Право USER для Хвасточенко О.Н.
INSERT INTO esrd.user_roles (user_id, role_id) VALUES (4192, 3002); -- Право Отраслевое управление для Волковой О.Н.
INSERT INTO esrd.user_roles (user_id, role_id) VALUES (4192, 3001); -- Право USER для Волковой О.Н.
INSERT INTO esrd.user_roles (user_id, role_id) VALUES (4096, 3002); -- Право Отраслевое управление для Жегалиной Л.И.
INSERT INTO esrd.user_roles (user_id, role_id) VALUES (4096, 3001); -- Право USER для Жегалиной Л.И.
INSERT INTO esrd.user_roles (user_id, role_id) VALUES (4193, 3002); -- Право Отраслевое управление для Лебедевой И.А.
INSERT INTO esrd.user_roles (user_id, role_id) VALUES (4193, 3001); -- Право USER для Лебедевой И.А.
INSERT INTO esrd.user_roles (user_id, role_id) VALUES (4336, 3003); -- Право Руководство отраслевого управления для Носик М.В.
INSERT INTO esrd.user_roles (user_id, role_id) VALUES (4336, 3001); -- Право USER для Носик М.В.
INSERT INTO esrd.user_roles (user_id, role_id) VALUES (4329, 3003); -- Право Руководство отраслевого управления для Гладких М.В.
INSERT INTO esrd.user_roles (user_id, role_id) VALUES (4329, 3001); -- Право USER для Гладких М.В.
INSERT INTO esrd.user_roles (user_id, role_id) VALUES (4084, 3004); -- Право Руководство юридического управления для Широковой Е.Ю.
INSERT INTO esrd.user_roles (user_id, role_id) VALUES (4084, 3001); -- Право USER для Широковой Е.Ю.
INSERT INTO esrd.user_roles (user_id, role_id) VALUES (4373, 3005); -- Право Секретарь Правления для Сапрыкиной
INSERT INTO esrd.user_roles (user_id, role_id) VALUES (4373, 3001); -- Право USER для Сапрыкиной

INSERT INTO esrd.doc_number_prefixes (id, name) VALUES (23, 'ДПР');
INSERT INTO esrd.doc_number_prefixes (id, name) VALUES (24, 'ДПР-П');
INSERT INTO esrd.doc_number_prefixes (id, name) VALUES (25, 'ДПР-ПPО');

INSERT INTO esrd.catalog (id, parent_catalog_id, name, catalogtype_id) VALUES (1001, null, 'Предмет вопроса', 0);
INSERT INTO esrd.catalog (id, parent_catalog_id, name, catalogtype_id) VALUES (1002, 1001, 'Вопрос', 0);
INSERT INTO esrd.catalog (id, parent_catalog_id, name, catalogtype_id) VALUES (1003, 1001, 'Сфера деятельности', 0);
INSERT INTO esrd.catalog (id, parent_catalog_id, name, catalogtype_id) VALUES (1004, 1003, 'Вид тариф', 0);
INSERT INTO esrd.catalog (id, parent_catalog_id, name, catalogtype_id) VALUES (1005, 1004, 'Подключаемая система при технологическом присоединении', 0);
INSERT INTO esrd.catalog (id, parent_catalog_id, name, catalogtype_id) VALUES (1006, null, 'Организация', 0);
INSERT INTO esrd.catalog (id, parent_catalog_id, name, catalogtype_id) VALUES (1007, null, 'Ответственный', 0);
INSERT INTO esrd.catalog (id, parent_catalog_id, name, catalogtype_id) VALUES (1008, 1001, 'Номер приказа', 0);

INSERT INTO esrd.catalogelem (id, value_int, value_str, catalog_id, parent_catalogelem_id) VALUES (2007, null, 'Регулирование цен (тарифов)', 1001, null);
INSERT INTO esrd.catalogelem (id, value_int, value_str, catalog_id, parent_catalogelem_id) VALUES (2008, null, 'Изменение, отменена правовых актов', 1001, null);
INSERT INTO esrd.catalogelem (id, value_int, value_str, catalog_id, parent_catalogelem_id) VALUES (2009, null, 'Утверждение инвестиционных программ', 1001, null);
INSERT INTO esrd.catalogelem (id, value_int, value_str, catalog_id, parent_catalogelem_id) VALUES (2010, null, 'Иные вопросы', 1001, null);
INSERT INTO esrd.catalogelem (id, value_int, value_str, catalog_id, parent_catalogelem_id) VALUES (2011, null, 'Об установлении', 1002, 2007);
INSERT INTO esrd.catalogelem (id, value_int, value_str, catalog_id, parent_catalogelem_id) VALUES (2012, null, 'Об установлении долгосрочных', 1002, 2007);
INSERT INTO esrd.catalogelem (id, value_int, value_str, catalog_id, parent_catalogelem_id) VALUES (2013, null, 'Об утверждении', 1002, 2007);
INSERT INTO esrd.catalogelem (id, value_int, value_str, catalog_id, parent_catalogelem_id) VALUES (2014, null, 'О корректировке', 1002, 2007);
INSERT INTO esrd.catalogelem (id, value_int, value_str, catalog_id, parent_catalogelem_id) VALUES (2015, null, 'О корректировке установленных долгосрочных', 1002, 2007);
INSERT INTO esrd.catalogelem (id, value_int, value_str, catalog_id, parent_catalogelem_id) VALUES (2016, null, 'Об отсутствии оснований для установления', 1002, 2007);
INSERT INTO esrd.catalogelem (id, value_int, value_str, catalog_id, parent_catalogelem_id) VALUES (2017, null, 'Об отсутствии оснований для установления долгосрочных', 1002, 2007);
INSERT INTO esrd.catalogelem (id, value_int, value_str, catalog_id, parent_catalogelem_id) VALUES (2018, null, 'Об отсутствии оснований для корректировки', 1002, 2007);
INSERT INTO esrd.catalogelem (id, value_int, value_str, catalog_id, parent_catalogelem_id) VALUES (2019, null, 'Об отсутствии оснований для корректировки установленных долгосрочных', 1002, 2007);
INSERT INTO esrd.catalogelem (id, value_int, value_str, catalog_id, parent_catalogelem_id) VALUES (2020, null, 'О прекращении рассмотрения дела об установлении', 1002, 2007);
INSERT INTO esrd.catalogelem (id, value_int, value_str, catalog_id, parent_catalogelem_id) VALUES (2021, null, 'О прекращении рассмотрения дела об установлении долгосрочных', 1002, 2007);
INSERT INTO esrd.catalogelem (id, value_int, value_str, catalog_id, parent_catalogelem_id) VALUES (2022, null, 'О прекращении рассмотрения дела о корректировке', 1002, 2007);
INSERT INTO esrd.catalogelem (id, value_int, value_str, catalog_id, parent_catalogelem_id) VALUES (2023, null, 'О прекращении рассмотрения дела о корректировке установленных долгосрочных', 1002, 2007);
INSERT INTO esrd.catalogelem (id, value_int, value_str, catalog_id, parent_catalogelem_id) VALUES (2024, null, 'Об отсутствии оснований для утверждения', 1002, 2007);
INSERT INTO esrd.catalogelem (id, value_int, value_str, catalog_id, parent_catalogelem_id) VALUES (2025, null, 'О внесении изменений в приказ Департамента экономической политики и развития города Москвы', 1002, 2008);
INSERT INTO esrd.catalogelem (id, value_int, value_str, catalog_id, parent_catalogelem_id) VALUES (2026, null, 'О признании утратившим силу приказа Департамента экономической политики и развития города Москвы', 1002, 2008);
INSERT INTO esrd.catalogelem (id, value_int, value_str, catalog_id, parent_catalogelem_id) VALUES (2027, null, 'О признании утратившим силу правового акта', 1002, 2008);
INSERT INTO esrd.catalogelem (id, value_int, value_str, catalog_id, parent_catalogelem_id) VALUES (2028, null, 'О соответствии организаций критериям отнесения владельцев объектов электросетевого хозяйства к территориальным сетевым организациям', 1002, 2010);
INSERT INTO esrd.catalogelem (id, value_int, value_str, catalog_id, parent_catalogelem_id) VALUES (2029, null, 'Об утверждении', 1002, 2009);
INSERT INTO esrd.catalogelem (id, value_int, value_str, catalog_id, parent_catalogelem_id) VALUES (2030, null, 'Об отсутствии оснований для утверждения', 1002, 2009);
INSERT INTO esrd.catalogelem (id, value_int, value_str, catalog_id, parent_catalogelem_id) VALUES (2031, null, 'Электроэнергетика', 1003, 2007);
INSERT INTO esrd.catalogelem (id, value_int, value_str, catalog_id, parent_catalogelem_id) VALUES (2032, null, 'Теплоснабжение', 1003, 2007);
INSERT INTO esrd.catalogelem (id, value_int, value_str, catalog_id, parent_catalogelem_id) VALUES (2033, null, 'Холодное водоснабжение, водоотведение', 1003, 2007);
INSERT INTO esrd.catalogelem (id, value_int, value_str, catalog_id, parent_catalogelem_id) VALUES (2034, null, 'Горячее водоснабжение', 1003, 2007);
INSERT INTO esrd.catalogelem (id, value_int, value_str, catalog_id, parent_catalogelem_id) VALUES (2035, null, 'Газоснабжение, топливо', 1003, 2007);
INSERT INTO esrd.catalogelem (id, value_int, value_str, catalog_id, parent_catalogelem_id) VALUES (2036, null, 'ТКО', 1003, 2007);
INSERT INTO esrd.catalogelem (id, value_int, value_str, catalog_id, parent_catalogelem_id) VALUES (2037, null, 'Транспорт', 1003, 2007);
INSERT INTO esrd.catalogelem (id, value_int, value_str, catalog_id, parent_catalogelem_id) VALUES (2038, null, 'Инвестиционные программы', 1003, 2009);
INSERT INTO esrd.catalogelem (id, value_int, value_str, catalog_id, parent_catalogelem_id) VALUES (2039, null, 'Определение фактических значений показателей надежности и качества поставляемых товаров и оказываемых услуг для территориальных сетевых организаций города Москвы', 1002, 2010);
INSERT INTO esrd.catalogelem (id, value_int, value_str, catalog_id, parent_catalogelem_id) VALUES (2040, null, 'тарифов на питьевую воду (питьевое водоснабжение) и водоотведение', 1004, 2033);
INSERT INTO esrd.catalogelem (id, value_int, value_str, catalog_id, parent_catalogelem_id) VALUES (2041, null, 'тарифов на питьевую воду (питьевое водоснабжение)', 1004, 2033);
INSERT INTO esrd.catalogelem (id, value_int, value_str, catalog_id, parent_catalogelem_id) VALUES (2042, null, 'тарифов на водоотведение', 1004, 2033);
INSERT INTO esrd.catalogelem (id, value_int, value_str, catalog_id, parent_catalogelem_id) VALUES (2043, null, 'тарифов на транспортировку воды и транспортировку сточных вод', 1004, 2033);
INSERT INTO esrd.catalogelem (id, value_int, value_str, catalog_id, parent_catalogelem_id) VALUES (2044, null, 'тарифов на транспортировку воды', 1004, 2033);
INSERT INTO esrd.catalogelem (id, value_int, value_str, catalog_id, parent_catalogelem_id) VALUES (2045, null, 'тарифов на транспортировку сточных вод', 1004, 2033);
INSERT INTO esrd.catalogelem (id, value_int, value_str, catalog_id, parent_catalogelem_id) VALUES (2046, null, 'тарифов на питьевую воду (питьевое водоснабжение) и транспортировку сточных вод', 1004, 2033);
INSERT INTO esrd.catalogelem (id, value_int, value_str, catalog_id, parent_catalogelem_id) VALUES (2047, null, 'тарифов на водоотведение поверхностных сточных вод', 1004, 2033);
INSERT INTO esrd.catalogelem (id, value_int, value_str, catalog_id, parent_catalogelem_id) VALUES (2048, null, 'тарифов на водоотведение и транспортировку воды', 1004, 2033);
INSERT INTO esrd.catalogelem (id, value_int, value_str, catalog_id, parent_catalogelem_id) VALUES (2049, null, 'тарифов на подключение (технологическое присоединение) к централизованной системе холодного водоснабжения', 1004, 2033);
INSERT INTO esrd.catalogelem (id, value_int, value_str, catalog_id, parent_catalogelem_id) VALUES (2050, null, 'платы за подключение (технологическое присоединение) к централизованной системе холодного водоснабжения в индивидуальном порядке', 1004, 2033);
INSERT INTO esrd.catalogelem (id, value_int, value_str, catalog_id, parent_catalogelem_id) VALUES (2051, null, 'тарифов на подключение (технологическое присоединение) к централизованной системе водоотведения', 1004, 2033);
INSERT INTO esrd.catalogelem (id, value_int, value_str, catalog_id, parent_catalogelem_id) VALUES (2052, null, 'платы за подключение (технологическое присоединение) к централизованной системе водоотведения в индивидуальном порядке', 1004, 2033);
INSERT INTO esrd.catalogelem (id, value_int, value_str, catalog_id, parent_catalogelem_id) VALUES (2053, null, 'тарифов на тепловую энергию (мощность), производимую в режиме комбинированной выработки электрической и тепловой энергии источниками тепловой энергии с установленной генерирующей мощностью производства электрической энергии 25 МВт и более', 1004, 2032);
INSERT INTO esrd.catalogelem (id, value_int, value_str, catalog_id, parent_catalogelem_id) VALUES (2054, null, 'тарифов на тепловую энергию (мощность), поставляемую потребителям', 1004, 2032);
INSERT INTO esrd.catalogelem (id, value_int, value_str, catalog_id, parent_catalogelem_id) VALUES (2055, null, 'тарифов на тепловую энергию (мощность), поставляемую другим теплоснабжающим организациям', 1004, 2032);
INSERT INTO esrd.catalogelem (id, value_int, value_str, catalog_id, parent_catalogelem_id) VALUES (2056, null, 'тарифов на тепловую энергию (мощность), поставляемую единой теплоснабжающей организацией теплоснабжающим организациям, приобретающим тепловую энергию с целью компенсации потерь тепловой энергии', 1004, 2032);
INSERT INTO esrd.catalogelem (id, value_int, value_str, catalog_id, parent_catalogelem_id) VALUES (2057, null, 'тарифов на теплоноситель', 1004, 2032);
INSERT INTO esrd.catalogelem (id, value_int, value_str, catalog_id, parent_catalogelem_id) VALUES (2058, null, 'тарифов на услуги по передаче тепловой энергии', 1004, 2032);
INSERT INTO esrd.catalogelem (id, value_int, value_str, catalog_id, parent_catalogelem_id) VALUES (2059, null, 'тарифов на горячую воду в открытых системах теплоснабжения (горячего водоснабжения)', 1004, 2032);
INSERT INTO esrd.catalogelem (id, value_int, value_str, catalog_id, parent_catalogelem_id) VALUES (2060, null, 'тарифов за услуги по поддержанию резервной тепловой мощности при отсутствии потребления тепловой энергии для отдельных категорий (групп) социально значимых потребителей', 1004, 2032);
INSERT INTO esrd.catalogelem (id, value_int, value_str, catalog_id, parent_catalogelem_id) VALUES (2061, null, 'платы за подключение к системе теплоснабжения', 1004, 2032);
INSERT INTO esrd.catalogelem (id, value_int, value_str, catalog_id, parent_catalogelem_id) VALUES (2062, null, 'платы за подключение к системе теплоснабжения в индивидуальном порядке', 1004, 2032);
INSERT INTO esrd.catalogelem (id, value_int, value_str, catalog_id, parent_catalogelem_id) VALUES (2063, null, 'тарифов на горячую воду (горячее водоснабжение), поставляемую потребителям с использованием закрытой системы горячего водоснабжения', 1004, 2034);
INSERT INTO esrd.catalogelem (id, value_int, value_str, catalog_id, parent_catalogelem_id) VALUES (2064, null, 'тарифа на горячую воду (горячее водоснабжение), поставляемую потребителям с использованием закрытой системы горячего водоснабжения', 1004, 2034);
INSERT INTO esrd.catalogelem (id, value_int, value_str, catalog_id, parent_catalogelem_id) VALUES (2065, null, 'тарифов на транспортировку горячей воды', 1004, 2034);
INSERT INTO esrd.catalogelem (id, value_int, value_str, catalog_id, parent_catalogelem_id) VALUES (2066, null, 'тарифов на подключение (технологическое присоединение) к централизованной системе горячего водоснабжения', 1004, 2034);
INSERT INTO esrd.catalogelem (id, value_int, value_str, catalog_id, parent_catalogelem_id) VALUES (2067, null, 'экономически обоснованных цен на твердое топливо (уголь) для бытовых нужд населения города Москвы, проживающего в домах с печным отоплением', 1004, 2035);
INSERT INTO esrd.catalogelem (id, value_int, value_str, catalog_id, parent_catalogelem_id) VALUES (2068, null, 'платы за технологическое присоединение газоиспользующего оборудования к газораспределительным сетям по индивидуальному проекту', 1004, 2035);
INSERT INTO esrd.catalogelem (id, value_int, value_str, catalog_id, parent_catalogelem_id) VALUES (2069, null, 'стандартизированных тарифных ставок, определяющих величину платы за технологическое присоединение газоиспользующего оборудования к газораспределительным сетям', 1004, 2035);
INSERT INTO esrd.catalogelem (id, value_int, value_str, catalog_id, parent_catalogelem_id) VALUES (2070, null, 'размера специальной надбавки к тарифам на услуги по транспортировке газа по газораспределительным сетям, предназначенной для финансирования программ газификации', 1004, 2035);
INSERT INTO esrd.catalogelem (id, value_int, value_str, catalog_id, parent_catalogelem_id) VALUES (2071, null, 'розничных цен на природный газ, реализуемый населению', 1004, 2035);
INSERT INTO esrd.catalogelem (id, value_int, value_str, catalog_id, parent_catalogelem_id) VALUES (2072, null, 'цен (тарифов) на электрическую энергию (мощность), поставляемую населению и приравненным к нему категориям потребителей', 1004, 2031);
INSERT INTO esrd.catalogelem (id, value_int, value_str, catalog_id, parent_catalogelem_id) VALUES (2073, null, 'сбытовых надбавок гарантирующего поставщика электрической энергии', 1004, 2031);
INSERT INTO esrd.catalogelem (id, value_int, value_str, catalog_id, parent_catalogelem_id) VALUES (2074, null, 'индивидуальных тарифов на услуги по передаче электрической энергии для взаиморасчетов между двумя сетевыми организациями ', 1004, 2031);
INSERT INTO esrd.catalogelem (id, value_int, value_str, catalog_id, parent_catalogelem_id) VALUES (2075, null, 'единых (котловых) тарифов на услуги по передаче электрической энергии, поставляемой прочим потребителям', 1004, 2031);
INSERT INTO esrd.catalogelem (id, value_int, value_str, catalog_id, parent_catalogelem_id) VALUES (2076, null, 'платы за технологическое присоединение к электрическим сетям территориальных сетевых организаций для заявителей, подающих заявку на технологическое присоединение энергопринимающих устройств максимальной мощностью, не превышающей 15 кВт включительно (с учетом ранее присоединенных в данной точке присоединения энергопринимающих устройств)', 1004, 2031);
INSERT INTO esrd.catalogelem (id, value_int, value_str, catalog_id, parent_catalogelem_id) VALUES (2077, null, 'стандартизированных тарифных ставок, определяющих величину платы за технологическое присоединение к электрическим сетям территориальных сетевых организаций', 1004, 2031);
INSERT INTO esrd.catalogelem (id, value_int, value_str, catalog_id, parent_catalogelem_id) VALUES (2078, null, 'формулы платы за технологическое присоединение', 1004, 2031);
INSERT INTO esrd.catalogelem (id, value_int, value_str, catalog_id, parent_catalogelem_id) VALUES (2079, null, 'ставки за единицу максимальной мощности для определения платы за технологическое присоединение к электрическим сетям на уровне напряжения ниже 35 кВ и мощности менее 8900 кВт', 1004, 2031);
INSERT INTO esrd.catalogelem (id, value_int, value_str, catalog_id, parent_catalogelem_id) VALUES (2080, null, 'платы за технологическое присоединение к электрическим сетям по индивидуальному проекту', 1004, 2031);
INSERT INTO esrd.catalogelem (id, value_int, value_str, catalog_id, parent_catalogelem_id) VALUES (2081, null, 'единого тарифа на услугу регионального оператора по обращению с твердыми коммунальными отходами', 1004, 2036);
INSERT INTO esrd.catalogelem (id, value_int, value_str, catalog_id, parent_catalogelem_id) VALUES (2082, null, 'тарифа на обработку твердых коммунальных отходов', 1004, 2036);
INSERT INTO esrd.catalogelem (id, value_int, value_str, catalog_id, parent_catalogelem_id) VALUES (2083, null, 'тарифа на обезвреживание твердых коммунальных отходов', 1004, 2036);
INSERT INTO esrd.catalogelem (id, value_int, value_str, catalog_id, parent_catalogelem_id) VALUES (2084, null, 'тарифа на захоронение твердых коммунальных отходов', 1004, 2036);
INSERT INTO esrd.catalogelem (id, value_int, value_str, catalog_id, parent_catalogelem_id) VALUES (2085, null, 'тарифов на транспортные услуги, оказываемые на подъездных железнодорожных путях', 1004, 2037);
INSERT INTO esrd.catalogelem (id, value_int, value_str, catalog_id, parent_catalogelem_id) VALUES (2086, null, 'тарифов на транспортные услуги, оказываемые в аэропорту', 1004, 2037);
INSERT INTO esrd.catalogelem (id, value_int, value_str, catalog_id, parent_catalogelem_id) VALUES (2087, null, 'тарифа на услуги по предоставлению судам причалов', 1004, 2037);
INSERT INTO esrd.catalogelem (id, value_int, value_str, catalog_id, parent_catalogelem_id) VALUES (2088, null, 'нормативной стоимости перевозки пассажиров', 1004, 2037);
INSERT INTO esrd.catalogelem (id, value_int, value_str, catalog_id, parent_catalogelem_id) VALUES (2089, null, 'экономически обоснованного уровеня тарифа на железнодорожные перевозки пассажиров в пригородном сообщении', 1004, 2037);
INSERT INTO esrd.catalogelem (id, value_int, value_str, catalog_id, parent_catalogelem_id) VALUES (2090, null, 'инвестиционной программы', 1004, 2038);
INSERT INTO esrd.catalogelem (id, value_int, value_str, catalog_id, parent_catalogelem_id) VALUES (2091, null, 'корректировки инвестиционной программы', 1004, 2038);
INSERT INTO esrd.catalogelem (id, value_int, value_str, catalog_id, parent_catalogelem_id) VALUES (2092, null, 'от 29 ноября 2016 года № 215-ТР', 1008, 2008);
INSERT INTO esrd.catalogelem (id, value_int, value_str, catalog_id, parent_catalogelem_id) VALUES (2093, null, 'от 2 декабря 2016 года № 254-ТР', 1008, 2008);
INSERT INTO esrd.catalogelem (id, value_int, value_str, catalog_id, parent_catalogelem_id) VALUES (2094, null, 'от 2 декабря 2016 года № 258-ТР', 1008, 2008);
INSERT INTO esrd.catalogelem (id, value_int, value_str, catalog_id, parent_catalogelem_id) VALUES (2095, null, 'от 2 декабря 2016 года № 259-ТР', 1008, 2008);
INSERT INTO esrd.catalogelem (id, value_int, value_str, catalog_id, parent_catalogelem_id) VALUES (2096, null, 'от 9 декабря 2016 года № 330-ТР', 1008, 2008);
INSERT INTO esrd.catalogelem (id, value_int, value_str, catalog_id, parent_catalogelem_id) VALUES (2097, null, 'от 9 декабря 2016 года № 331-ТР', 1008, 2008);

INSERT INTO esrd.doctype (id, name, role_id, tmp_template_filename, template_filename, doc_number_prefix_id)
VALUES (1, 'Включение вопросов в Повестку заседания Правления', 3002, 'zapiska.docx', 'zapiska.docx', 23);
INSERT INTO esrd.field (id, name, fieldtype, position_in_group, max_count, length, catalog_id, tag) VALUES (4, 'Дата заседания', 'DATE', null, null, null, null, 'MeetingDate');
INSERT INTO esrd.field (id, name, fieldtype, position_in_group, max_count, length, catalog_id, tag) VALUES (6, 'Номер СЭДО', 'TEXT', null, null, null, null, '');
INSERT INTO esrd.field (id, name, fieldtype, position_in_group, max_count, length, catalog_id, tag) VALUES (7, 'Вопросы повестки', 'GROUP_FIELDS', null, 4, null, null, '');
INSERT INTO esrd.field (id, name, fieldtype, position_in_group, max_count, length, catalog_id, tag) VALUES (8, 'Предмет вопроса', 'CATALOG', null, null, null, 1001, '[Questions]Subject');
INSERT INTO esrd.field (id, name, fieldtype, position_in_group, max_count, length, catalog_id, tag) VALUES (9, 'Вопрос', 'CATALOG', null, null, null, 1002, '[Questions]Question');
INSERT INTO esrd.field (id, name, fieldtype, position_in_group, max_count, length, catalog_id, tag) VALUES (10, 'Период', 'TEXT', null, null, null, null, '[Questions]Period');
INSERT INTO esrd.field (id, name, fieldtype, position_in_group, max_count, length, catalog_id, tag) VALUES (11, 'Сфера деятельности', 'CATALOG', null, null, null, 1003, '[Questions]Direction');
INSERT INTO esrd.field (id, name, fieldtype, position_in_group, max_count, length, catalog_id, tag) VALUES (12, 'Реквизиты приказа', 'CATALOG', null, null, null, 1008, '[Questions]OrderNumber');
INSERT INTO esrd.field (id, name, fieldtype, position_in_group, max_count, length, catalog_id, tag) VALUES (13, 'Вид тарифа', 'CATALOG', null, null, null, 1004, '[Questions]TarifView');
INSERT INTO esrd.field (id, name, fieldtype, position_in_group, max_count, length, catalog_id, tag) VALUES (14, 'Прочее', 'TEXT', null, null, null, null, '[Questions]Comments');
INSERT INTO esrd.field (id, name, fieldtype, position_in_group, max_count, length, catalog_id, tag) VALUES (15, 'Организация', 'CATALOG_ORGANIZATIONS', null, null, null, 1006, '[Questions]Organization');
INSERT INTO esrd.field (id, name, fieldtype, position_in_group, max_count, length, catalog_id, tag) VALUES (16, 'Ответственный', 'CATALOG_USERS', null, null, null, 1007, '[Questions]AuthPerson');
INSERT INTO esrd.field (id, name, fieldtype, position_in_group, max_count, length, catalog_id, tag) VALUES (17, 'Дополнительная информация', 'TEXT', null, null, null, null, '[Questions]AdditionalInfo');
INSERT INTO esrd.fields_roles(id, doctype_id, field_id, required, role_id) VALUES (200, 1, 4, true, 3006);
INSERT INTO esrd.fields_roles(id, doctype_id, field_id, required, role_id) VALUES (201, 1, 7, true, 3002);
INSERT INTO esrd.fields_roles(id, doctype_id, field_id, required, role_id) VALUES (202, 1, 8, true, 3002);
INSERT INTO esrd.fields_roles(id, doctype_id, field_id, required, role_id) VALUES (203, 1, 9, false, 3002);
INSERT INTO esrd.fields_roles(id, doctype_id, field_id, required, role_id) VALUES (204, 1, 10, false, 3002);
INSERT INTO esrd.fields_roles(id, doctype_id, field_id, required, role_id) VALUES (205, 1, 11, false, 3002);
INSERT INTO esrd.fields_roles(id, doctype_id, field_id, required, role_id) VALUES (206, 1, 12, false, 3002);
INSERT INTO esrd.fields_roles(id, doctype_id, field_id, required, role_id) VALUES (207, 1, 13, false, 3002);
INSERT INTO esrd.fields_roles(id, doctype_id, field_id, required, role_id) VALUES (208, 1, 14, false, 3002);
INSERT INTO esrd.fields_roles(id, doctype_id, field_id, required, role_id) VALUES (209, 1, 15, true, 3002);
INSERT INTO esrd.fields_roles(id, doctype_id, field_id, required, role_id) VALUES (210, 1, 16, true, 3002);
INSERT INTO esrd.fields_roles(id, doctype_id, field_id, required, role_id) VALUES (211, 1, 17, false, 3002);
INSERT INTO esrd.field_child_field(field_id, child_field_id) VALUES (7, 8);
INSERT INTO esrd.field_child_field(field_id, child_field_id) VALUES (7, 9);
INSERT INTO esrd.field_child_field(field_id, child_field_id) VALUES (7, 10);
INSERT INTO esrd.field_child_field(field_id, child_field_id) VALUES (7, 11);
INSERT INTO esrd.field_child_field(field_id, child_field_id) VALUES (7, 12);
INSERT INTO esrd.field_child_field(field_id, child_field_id) VALUES (7, 13);
INSERT INTO esrd.field_child_field(field_id, child_field_id) VALUES (7, 14);
INSERT INTO esrd.field_child_field(field_id, child_field_id) VALUES (7, 15);
INSERT INTO esrd.field_child_field(field_id, child_field_id) VALUES (7, 16);
INSERT INTO esrd.field_child_field(field_id, child_field_id) VALUES (7, 17);
INSERT INTO esrd.doctype_fields (id, doctype_id, field_id, position) VALUES (18, 1, 4, 1);
INSERT INTO esrd.doctype_fields (id, doctype_id, field_id, position) VALUES (20, 1, 6, 2);
INSERT INTO esrd.doctype_fields (id, doctype_id, field_id, position) VALUES (21, 1, 7, 3);

INSERT INTO esrd.doctype (id, name, role_id, tmp_template_filename, template_filename, doc_number_prefix_id)
VALUES (2, 'Повестка заседания Правления', 3005, 'povestka.docx', 'povestka.docx', 24);
INSERT INTO esrd.field (id, name, fieldtype, position_in_group, max_count, length, catalog_id, tag) VALUES (5, 'Время заседания', 'TIME', null, null, null, null, 'MeetingTime');
INSERT INTO esrd.fields_roles(id, doctype_id, field_id, required, role_id) VALUES (101, 2, 4, true, 3006);
INSERT INTO esrd.fields_roles(id, doctype_id, field_id, required, role_id) VALUES (102, 2, 5, true, 3005);
INSERT INTO esrd.fields_roles(id, doctype_id, field_id, required, role_id) VALUES (103, 2, 7, true, 3002);
INSERT INTO esrd.fields_roles(id, doctype_id, field_id, required, role_id) VALUES (104, 2, 8, true, 3002);
INSERT INTO esrd.fields_roles(id, doctype_id, field_id, required, role_id) VALUES (105, 2, 9, false, 3002);
INSERT INTO esrd.fields_roles(id, doctype_id, field_id, required, role_id) VALUES (106, 2, 10, false, 3002);
INSERT INTO esrd.fields_roles(id, doctype_id, field_id, required, role_id) VALUES (107, 2, 11, false, 3002);
INSERT INTO esrd.fields_roles(id, doctype_id, field_id, required, role_id) VALUES (108, 2, 12, false, 3002);
INSERT INTO esrd.fields_roles(id, doctype_id, field_id, required, role_id) VALUES (109, 2, 13, false, 3002);
INSERT INTO esrd.fields_roles(id, doctype_id, field_id, required, role_id) VALUES (110, 2, 14, false, 3002);
INSERT INTO esrd.fields_roles(id, doctype_id, field_id, required, role_id) VALUES (111, 2, 15, true, 3002);
INSERT INTO esrd.fields_roles(id, doctype_id, field_id, required, role_id) VALUES (112, 2, 16, true, 3002);
INSERT INTO esrd.fields_roles(id, doctype_id, field_id, required, role_id) VALUES (113, 2, 17, false, 3002);

INSERT INTO esrd.doctype_fields (id, doctype_id, field_id, position) VALUES (101, 2, 4, 1);
INSERT INTO esrd.doctype_fields (id, doctype_id, field_id, position) VALUES (102, 2, 5, 2);
INSERT INTO esrd.doctype_fields (id, doctype_id, field_id, position) VALUES (103, 2, 7, 3);

INSERT INTO esrd.users_distribution_departments (user_id, distribution_departments_id) VALUES (4084, 575);
